sample_id,k,start_sec,end_sec,text_coverage,text_mask,audio_frame_count,audio_present,audio_reliable,voiced_ratio,video_frame_count,face_detected_count,face_coverage,mean_face_confidence,vision_mask
-3g5yACwYnA/13,0,0.0,0.11,1.0,1,10,1,1,0.0,4,4,1.0,0.9359610080718994,1
-3g5yACwYnA/13,1,0.11,0.22,1.0,1,11,1,1,0.0,3,3,1.0,0.9373641014099121,1
-3g5yACwYnA/13,2,0.22,0.33,1.0,1,11,1,1,0.0,3,3,1.0,0.9383824467658997,1
-3g5yACwYnA/13,3,0.33,0.44,1.0,1,11,1,1,0.0,4,4,1.0,0.9370234608650208,1
-3g5yACwYnA/13,4,0.44,0.55,1.0,1,11,1,1,0.0,3,3,1.0,0.9349920153617859,1
-3g5yACwYnA/13,5,0.55,0.66,1.0,1,11,1,1,0.0,3,3,1.0,0.9351406097412109,1
-3g5yACwYnA/13,6,0.66,0.77,0.0,0,11,1,0,0.0,4,4,1.0,0.935295820236206,1
-3g5yACwYnA/13,7,0.77,0.88,0.0,0,11,1,0,0.0,3,3,1.0,0.9358312487602234,1
-3g5yACwYnA/13,8,0.88,0.99,0.0,0,11,1,0,0.0,3,3,1.0,0.9351584315299988,1
-3g5yACwYnA/13,9,0.99,1.1,0.0,0,11,1,0,0.0,3,3,1.0,0.9340593218803406,1
-3g5yACwYnA/13,10,1.1,1.21,0.7272727489471436,1,11,1,1,0.0,4,4,1.0,0.9310262203216553,1
-3g5yACwYnA/13,11,1.21,1.32,1.0,1,11,1,1,0.0,3,3,1.0,0.9285314083099365,1
-3g5yACwYnA/13,12,1.32,1.43,1.0,1,11,1,1,0.0,3,3,1.0,0.9292295575141907,1
-3g5yACwYnA/13,13,1.43,1.54,1.0,1,11,1,1,0.0,4,4,1.0,0.9322850704193115,1
-3g5yACwYnA/13,14,1.54,1.65,1.0,1,11,1,1,0.0,3,3,1.0,0.934593141078949,1
-3g5yACwYnA/13,15,1.65,1.76,1.0,1,11,1,1,0.0,3,3,1.0,0.9332866668701172,1
-3g5yACwYnA/13,16,1.76,1.87,1.0,1,11,1,1,0.0,4,4,1.0,0.9329129457473755,1
-3g5yACwYnA/13,17,1.87,1.98,1.0,1,11,1,1,0.0,3,3,1.0,0.9320189952850342,1
-3g5yACwYnA/13,18,1.98,2.09,1.0,1,11,1,1,0.0,3,3,1.0,0.9340574145317078,1
-3g5yACwYnA/13,19,2.09,2.2,1.0,1,11,1,0,0.0,3,3,1.0,0.9361503720283508,1
-3g5yACwYnA/13,20,2.2,2.31,1.0,1,11,1,1,0.0,4,4,1.0,0.9338281750679016,1
-3g5yACwYnA/13,21,2.31,2.42,1.0,1,11,1,1,0.0,3,3,1.0,0.934225857257843,1
-3g5yACwYnA/13,22,2.42,2.53,1.0,1,11,1,1,0.0,3,3,1.0,0.9323017001152039,1
-3g5yACwYnA/13,23,2.53,2.64,1.0,1,11,1,1,0.0,4,4,1.0,0.9320584535598755,1
-3g5yACwYnA/13,24,2.64,2.75,1.0,1,11,1,1,0.0,3,3,1.0,0.9307864308357239,1
-3g5yACwYnA/13,25,2.75,2.86,1.0,1,11,1,1,0.0,3,3,1.0,0.9302666783332825,1
-3g5yACwYnA/13,26,2.86,2.97,1.0,1,11,1,1,0.0,4,4,1.0,0.9306402802467346,1
-3g5yACwYnA/13,27,2.97,3.08,1.0,1,11,1,1,0.0,3,3,1.0,0.9293778538703918,1
-3g5yACwYnA/13,28,3.08,3.19,1.0,1,11,1,1,0.0,3,3,1.0,0.9309988617897034,1
-3g5yACwYnA/13,29,3.19,3.3,1.0,1,11,1,1,0.0,3,3,1.0,0.932751476764679,1
-3g5yACwYnA/13,30,3.3,3.41,1.0,1,11,1,1,0.0,4,4,1.0,0.9347560405731201,1
-3g5yACwYnA/13,31,3.41,3.52,1.0,1,11,1,1,0.0,3,3,1.0,0.9331519603729248,1
-3g5yACwYnA/13,32,3.52,3.63,1.0,1,11,1,1,0.0,3,3,1.0,0.9331037998199463,1
-3g5yACwYnA/13,33,3.63,3.74,1.0,1,11,1,1,0.0,4,4,1.0,0.9320006966590881,1
-3g5yACwYnA/13,34,3.74,3.85,1.0,1,11,1,1,0.0,3,3,1.0,0.9316523671150208,1
-3g5yACwYnA/13,35,3.85,3.96,1.0,1,11,1,1,0.0,3,3,1.0,0.9340125918388367,1
-3g5yACwYnA/13,36,3.96,4.07,1.0,1,11,1,1,0.0,4,4,1.0,0.9331098794937134,1
-3g5yACwYnA/13,37,4.07,4.18,1.0,1,11,1,1,0.0,3,3,1.0,0.9312389492988586,1
-3g5yACwYnA/13,38,4.18,4.29,1.0,1,11,1,1,0.0,3,3,1.0,0.9319059252738953,1
-3g5yACwYnA/13,39,4.29,4.4,1.0,1,11,1,1,0.0,3,3,1.0,0.9326725006103516,1
-3g5yACwYnA/13,40,4.4,4.51,1.0,1,11,1,1,0.0,4,4,1.0,0.9345131516456604,1
-3g5yACwYnA/13,41,4.51,4.62,1.0,1,11,1,1,0.0,3,3,1.0,0.9341943860054016,1
-3g5yACwYnA/13,42,4.62,4.73,1.0,1,11,1,1,0.0,3,3,1.0,0.9354540705680847,1
-3g5yACwYnA/13,43,4.73,4.84,1.0,1,11,1,1,0.0,4,4,1.0,0.9346413612365723,1
-3g5yACwYnA/13,44,4.84,4.95,0.27272728085517883,1,11,1,0,0.0,3,3,1.0,0.9307591915130615,1
-3g5yACwYnA/13,45,4.95,5.06,0.0,0,11,1,0,0.0,3,3,1.0,0.9306468963623047,1
-3g5yACwYnA/13,46,5.06,5.17,0.0,0,11,1,0,0.0,4,4,1.0,0.9320446848869324,1
-3g5yACwYnA/13,47,5.17,5.28,0.0,0,11,1,0,0.0,3,3,1.0,0.9335201382637024,1
-3g5yACwYnA/13,48,5.28,5.39,0.0,0,11,1,0,0.0,2,2,1.0,0.9351059198379517,1
-3g5yACwYnA/13,49,5.39,5.5,0.0,0,0,0,0,0.0,2,2,1.0,0.9337953329086304,1
-3g5yACwYnA/3,0,0.0,0.28733333333333333,0.0,0,28,1,1,0.0,9,9,1.0,0.9352347254753113,1
-3g5yACwYnA/3,1,0.28733333333333333,0.5746666666666667,0.19025522470474243,1,29,1,1,0.0,9,9,1.0,0.9375107288360596,1
-3g5yACwYnA/3,2,0.5746666666666667,0.862,1.0,1,28,1,1,0.0,8,8,1.0,0.9426667094230652,1
-3g5yACwYnA/3,3,0.862,1.1493333333333333,0.9327146410942078,1,29,1,1,0.0,9,9,1.0,0.947286069393158,1
-3g5yACwYnA/3,4,1.1493333333333333,1.4366666666666665,0.9628770351409912,1,29,1,1,0.0,9,9,1.0,0.945963978767395,1
-3g5yACwYnA/3,5,1.4366666666666665,1.724,1.0,1,29,1,1,0.0,8,8,1.0,0.946422815322876,1
-3g5yACwYnA/3,6,1.724,2.0113333333333334,0.9257540702819824,1,28,1,1,0.0,9,9,1.0,0.9443982243537903,1
-3g5yACwYnA/3,7,2.0113333333333334,2.2986666666666666,0.0,0,29,1,1,0.0,8,8,1.0,0.9439036250114441,1
-3g5yACwYnA/3,8,2.2986666666666666,2.586,0.22969837486743927,1,29,1,1,0.0,9,9,1.0,0.9437882304191589,1
-3g5yACwYnA/3,9,2.586,2.873333333333333,1.0,1,29,1,1,0.0,9,9,1.0,0.9434278011322021,1
-3g5yACwYnA/3,10,2.873333333333333,3.1606666666666667,1.0,1,28,1,1,0.0,8,8,1.0,0.9451525211334229,1
-3g5yACwYnA/3,11,3.1606666666666667,3.448,1.0,1,29,1,1,0.0,9,9,1.0,0.9443947672843933,1
-3g5yACwYnA/3,12,3.448,3.735333333333333,0.7030162215232849,1,29,1,1,0.0,9,9,1.0,0.9438508152961731,1
-3g5yACwYnA/3,13,3.735333333333333,4.022666666666667,0.0,0,29,1,0,0.0,8,8,1.0,0.941565752029419,1
-3g5yACwYnA/3,14,4.022666666666667,4.31,0.5916473269462585,1,28,1,1,0.0,9,9,1.0,0.9417048692703247,1
-3g5yACwYnA/3,15,4.31,4.597333333333333,1.0,1,29,1,1,0.0,8,8,1.0,0.9438854455947876,1
-3g5yACwYnA/3,16,4.597333333333333,4.884666666666667,1.0,1,29,1,1,0.0,9,9,1.0,0.943892240524292,1
-3g5yACwYnA/3,17,4.884666666666667,5.172,1.0,1,28,1,1,0.0,9,9,1.0,0.9430148601531982,1
-3g5yACwYnA/3,18,5.172,5.459333333333333,0.34106728434562683,1,29,1,1,0.0,8,8,1.0,0.9387778043746948,1
-3g5yACwYnA/3,19,5.459333333333333,5.746666666666666,0.44083526730537415,1,29,1,1,0.0,9,9,1.0,0.9382858276367188,1
-3g5yACwYnA/3,20,5.746666666666666,6.034,1.0,1,29,1,1,0.0,9,9,1.0,0.9469156265258789,1
-3g5yACwYnA/3,21,6.034,6.3213333333333335,0.8909512758255005,1,28,1,1,0.0,8,8,1.0,0.9475688338279724,1
-3g5yACwYnA/3,22,6.3213333333333335,6.608666666666666,0.6566125154495239,1,29,1,1,0.0,9,9,1.0,0.9488314390182495,1
-3g5yACwYnA/3,23,6.608666666666666,6.896,0.7006960511207581,1,29,1,1,0.0,8,8,1.0,0.9483829736709595,1
-3g5yACwYnA/3,24,6.896,7.183333333333334,0.8120649456977844,1,29,1,1,0.0,9,9,1.0,0.9460394978523254,1
-3g5yACwYnA/3,25,7.183333333333334,7.470666666666666,1.0,1,28,1,1,0.0,9,9,1.0,0.9469841718673706,1
-3g5yACwYnA/3,26,7.470666666666666,7.758,1.0,1,29,1,1,0.0,8,8,1.0,0.9453409910202026,1
-3g5yACwYnA/3,27,7.758,8.045333333333334,1.0,1,29,1,1,0.0,9,9,1.0,0.9423506259918213,1
-3g5yACwYnA/3,28,8.045333333333334,8.332666666666666,1.0,1,29,1,1,0.0,8,8,1.0,0.9406304359436035,1
-3g5yACwYnA/3,29,8.332666666666666,8.62,1.0,1,28,1,1,0.0,9,9,1.0,0.9422757029533386,1
-3g5yACwYnA/3,30,8.62,8.907333333333334,0.5220417380332947,1,29,1,1,0.0,9,9,1.0,0.9431919455528259,1
-3g5yACwYnA/3,31,8.907333333333334,9.194666666666667,0.0,0,29,1,1,0.0,8,8,1.0,0.9436691999435425,1
-3g5yACwYnA/3,32,9.194666666666667,9.482,0.38979119062423706,1,28,1,1,0.0,9,9,1.0,0.9423350095748901,1
-3g5yACwYnA/3,33,9.482,9.769333333333334,1.0,1,29,1,1,0.0,9,9,1.0,0.9465871453285217,1
-3g5yACwYnA/3,34,9.769333333333334,10.056666666666667,0.907192587852478,1,29,1,1,0.0,8,8,1.0,0.943326473236084,1
-3g5yACwYnA/3,35,10.056666666666667,10.344,0.988399088382721,1,29,1,1,0.0,9,9,1.0,0.9421063661575317,1
-3g5yACwYnA/3,36,10.344,10.631333333333334,1.0,1,28,1,1,0.0,8,8,1.0,0.9378461837768555,1
-3g5yACwYnA/3,37,10.631333333333334,10.918666666666667,1.0,1,29,1,1,0.0,9,9,1.0,0.9369844794273376,1
-3g5yACwYnA/3,38,10.918666666666667,11.206,1.0,1,29,1,1,0.0,9,9,1.0,0.9338911771774292,1
-3g5yACwYnA/3,39,11.206,11.493333333333332,1.0,1,29,1,1,0.0,8,8,1.0,0.9372789859771729,1
-3g5yACwYnA/3,40,11.493333333333332,11.780666666666667,1.0,1,28,1,1,0.0,9,9,1.0,0.9414197206497192,1
-3g5yACwYnA/3,41,11.780666666666667,12.068,0.6937354803085327,1,29,1,1,0.0,9,9,1.0,0.942310094833374,1
-3g5yACwYnA/3,42,12.068,12.355333333333332,0.0,0,29,1,1,0.0,8,8,1.0,0.9437488317489624,1
-3g5yACwYnA/3,43,12.355333333333332,12.642666666666667,0.0,0,29,1,0,0.0,9,9,1.0,0.9438637495040894,1
-3g5yACwYnA/3,44,12.642666666666667,12.93,0.0,0,28,1,0,0.0,8,8,1.0,0.9384149312973022,1
-3g5yACwYnA/3,45,12.93,13.217333333333332,0.860788881778717,1,29,1,1,0.0,9,9,1.0,0.9297968745231628,1
-3g5yACwYnA/3,46,13.217333333333332,13.504666666666667,1.0,1,29,1,1,0.0,9,9,1.0,0.9341505765914917,1
-3g5yACwYnA/3,47,13.504666666666667,13.792,1.0,1,28,1,1,0.0,8,8,1.0,0.9426783323287964,1
-3g5yACwYnA/3,48,13.792,14.079333333333333,1.0,1,29,1,1,0.0,9,9,1.0,0.9387915134429932,1
-3g5yACwYnA/3,49,14.079333333333333,14.366666666666667,0.8649942278862,1,24,1,1,0.0,8,8,1.0,0.9385811686515808,1
-3g5yACwYnA/2,0,0.0,0.18733333333333335,1.0,1,18,1,1,0.0,6,6,1.0,0.9403740763664246,1
-3g5yACwYnA/2,1,0.18733333333333335,0.3746666666666667,0.6548042893409729,1,19,1,1,0.0,6,6,1.0,0.9382852911949158,1
-3g5yACwYnA/2,2,0.3746666666666667,0.562,0.0,0,18,1,0,0.0,5,5,1.0,0.939125657081604,1
-3g5yACwYnA/2,3,0.562,0.7493333333333334,0.0,0,19,1,0,0.0,6,6,1.0,0.9417813420295715,1
-3g5yACwYnA/2,4,0.7493333333333334,0.9366666666666668,0.0,0,19,1,0,0.0,6,6,1.0,0.9444848895072937,1
-3g5yACwYnA/2,5,0.9366666666666668,1.124,0.0,0,19,1,0,0.0,5,5,1.0,0.9478265047073364,1
-3g5yACwYnA/2,6,1.124,1.3113333333333335,0.5943060517311096,1,18,1,1,0.0,6,6,1.0,0.9471185803413391,1
-3g5yACwYnA/2,7,1.3113333333333335,1.4986666666666668,1.0,1,19,1,1,0.0,5,5,1.0,0.945079505443573,1
-3g5yACwYnA/2,8,1.4986666666666668,1.6860000000000002,0.4875444769859314,1,19,1,1,0.0,6,6,1.0,0.9442138075828552,1
-3g5yACwYnA/2,9,1.6860000000000002,1.8733333333333335,0.0,0,19,1,0,0.0,6,6,1.0,0.9376304745674133,1
-3g5yACwYnA/2,10,1.8733333333333335,2.060666666666667,0.27046263217926025,1,18,1,1,0.0,5,5,1.0,0.9347586631774902,1
-3g5yACwYnA/2,11,2.060666666666667,2.248,1.0,1,19,1,1,0.0,6,6,1.0,0.9393458366394043,1
-3g5yACwYnA/2,12,2.248,2.4353333333333333,1.0,1,19,1,1,0.0,6,6,1.0,0.9398531913757324,1
-3g5yACwYnA/2,13,2.4353333333333333,2.622666666666667,1.0,1,19,1,1,0.0,5,5,1.0,0.9412530660629272,1
-3g5yACwYnA/2,14,2.622666666666667,2.8100000000000005,0.5729537606239319,1,18,1,1,0.0,6,6,1.0,0.9424083828926086,1
-3g5yACwYnA/2,15,2.8100000000000005,2.9973333333333336,0.41281139850616455,1,19,1,1,0.0,5,5,1.0,0.9456183314323425,1
-3g5yACwYnA/2,16,2.9973333333333336,3.1846666666666668,1.0,1,19,1,1,0.0,6,6,1.0,0.9504467844963074,1
-3g5yACwYnA/2,17,3.1846666666666668,3.3720000000000003,1.0,1,18,1,1,0.0,6,6,1.0,0.9479048848152161,1
-3g5yACwYnA/2,18,3.3720000000000003,3.559333333333334,1.0,1,19,1,1,0.0,5,5,1.0,0.9465726017951965,1
-3g5yACwYnA/2,19,3.559333333333334,3.746666666666667,1.0,1,19,1,1,0.0,6,6,1.0,0.949246883392334,1
-3g5yACwYnA/2,20,3.746666666666667,3.934,1.0,1,19,1,1,0.0,6,6,1.0,0.943477213382721,1
-3g5yACwYnA/2,21,3.934,4.121333333333334,1.0,1,18,1,1,0.0,5,5,1.0,0.9393919706344604,1
-3g5yACwYnA/2,22,4.121333333333334,4.308666666666667,1.0,1,19,1,1,0.0,6,6,1.0,0.9401757121086121,1
-3g5yACwYnA/2,23,4.308666666666667,4.496,1.0,1,19,1,1,0.0,5,5,1.0,0.9401689767837524,1
-3g5yACwYnA/2,24,4.496,4.683333333333334,1.0,1,19,1,1,0.0,6,6,1.0,0.9386505484580994,1
-3g5yACwYnA/2,25,4.683333333333334,4.870666666666667,1.0,1,18,1,1,0.0,6,6,1.0,0.9374837875366211,1
-3g5yACwYnA/2,26,4.870666666666667,5.058000000000001,0.7437722682952881,1,19,1,1,0.0,5,5,1.0,0.9409211874008179,1
-3g5yACwYnA/2,27,5.058000000000001,5.245333333333334,0.18861210346221924,1,19,1,1,0.0,6,6,1.0,0.944789707660675,1
-3g5yACwYnA/2,28,5.245333333333334,5.432666666666667,1.0,1,19,1,1,0.0,5,5,1.0,0.95087069272995,1
-3g5yACwYnA/2,29,5.432666666666667,5.620000000000001,1.0,1,18,1,1,0.0,6,6,1.0,0.9514713287353516,1
-3g5yACwYnA/2,30,5.620000000000001,5.807333333333334,0.35943061113357544,1,19,1,1,0.0,6,6,1.0,0.9511623382568359,1
-3g5yACwYnA/2,31,5.807333333333334,5.994666666666667,1.0,1,19,1,1,0.0,5,5,1.0,0.9514318704605103,1
-3g5yACwYnA/2,32,5.994666666666667,6.182,1.0,1,18,1,1,0.0,6,6,1.0,0.9508538246154785,1
-3g5yACwYnA/2,33,6.182,6.3693333333333335,1.0,1,19,1,1,0.0,6,6,1.0,0.9481973648071289,1
-3g5yACwYnA/2,34,6.3693333333333335,6.5566666666666675,1.0,1,19,1,1,0.0,5,5,1.0,0.9481269121170044,1
-3g5yACwYnA/2,35,6.5566666666666675,6.744000000000001,1.0,1,19,1,1,0.0,6,6,1.0,0.9495490193367004,1
-3g5yACwYnA/2,36,6.744000000000001,6.931333333333334,1.0,1,18,1,1,0.0,5,5,1.0,0.9501180648803711,1
-3g5yACwYnA/2,37,6.931333333333334,7.118666666666668,1.0,1,19,1,1,0.0,6,6,1.0,0.9506645202636719,1
-3g5yACwYnA/2,38,7.118666666666668,7.306000000000001,1.0,1,19,1,1,0.0,6,6,1.0,0.9522789120674133,1
-3g5yACwYnA/2,39,7.306000000000001,7.493333333333334,1.0,1,19,1,1,0.0,5,5,1.0,0.9469993710517883,1
-3g5yACwYnA/2,40,7.493333333333334,7.680666666666667,1.0,1,18,1,1,0.0,6,6,1.0,0.9428483843803406,1
-3g5yACwYnA/2,41,7.680666666666667,7.868,0.10320284962654114,1,19,1,0,0.0,6,6,1.0,0.9397810101509094,1
-3g5yACwYnA/2,42,7.868,8.055333333333333,0.0,0,19,1,0,0.0,5,5,1.0,0.936215877532959,1
-3g5yACwYnA/2,43,8.055333333333333,8.242666666666668,0.6014235019683838,1,19,1,1,0.0,6,6,1.0,0.9342619776725769,1
-3g5yACwYnA/2,44,8.242666666666668,8.430000000000001,1.0,1,18,1,1,0.0,5,5,1.0,0.9354966878890991,1
-3g5yACwYnA/2,45,8.430000000000001,8.617333333333335,1.0,1,19,1,1,0.0,6,6,1.0,0.9348769187927246,1
-3g5yACwYnA/2,46,8.617333333333335,8.804666666666668,1.0,1,19,1,1,0.0,6,6,1.0,0.9378839135169983,1
-3g5yACwYnA/2,47,8.804666666666668,8.992,1.0,1,18,1,1,0.0,5,5,1.0,0.937210738658905,1
-3g5yACwYnA/2,48,8.992,9.179333333333334,1.0,1,19,1,1,0.0,6,6,1.0,0.9428512454032898,1
-3g5yACwYnA/2,49,9.179333333333334,9.366666666666667,0.27746617794036865,1,4,1,1,0.0,2,2,1.0,0.9475771188735962,1
-3g5yACwYnA/9,0,0.0,0.17600000000000002,0.0,0,17,1,1,0.0,6,6,1.0,0.9319972991943359,1
-3g5yACwYnA/9,1,0.17600000000000002,0.35200000000000004,0.0,0,17,1,0,0.0,5,5,1.0,0.9320651292800903,1
-3g5yACwYnA/9,2,0.35200000000000004,0.528,0.0,0,18,1,0,0.0,5,5,1.0,0.9326385259628296,1
-3g5yACwYnA/9,3,0.528,0.7040000000000001,0.47727271914482117,1,18,1,1,0.0,6,6,1.0,0.9335436820983887,1
-3g5yACwYnA/9,4,0.7040000000000001,0.8800000000000001,1.0,1,17,1,1,0.0,5,5,1.0,0.9341920614242554,1
-3g5yACwYnA/9,5,0.8800000000000001,1.056,1.0,1,18,1,1,0.0,5,5,1.0,0.9409616589546204,1
-3g5yACwYnA/9,6,1.056,1.2320000000000002,1.0,1,17,1,1,0.0,5,5,1.0,0.9343807101249695,1
-3g5yACwYnA/9,7,1.2320000000000002,1.4080000000000001,1.0,1,18,1,1,0.0,6,6,1.0,0.933847188949585,1
-3g5yACwYnA/9,8,1.4080000000000001,1.584,1.0,1,18,1,1,0.0,5,5,1.0,0.9331761598587036,1
-3g5yACwYnA/9,9,1.584,1.7600000000000002,1.0,1,17,1,1,0.0,5,5,1.0,0.9380182027816772,1
-3g5yACwYnA/9,10,1.7600000000000002,1.9360000000000002,1.0,1,18,1,1,0.0,6,6,1.0,0.943847119808197,1
-3g5yACwYnA/9,11,1.9360000000000002,2.112,1.0,1,17,1,1,0.0,5,5,1.0,0.945109486579895,1
-3g5yACwYnA/9,12,2.112,2.2880000000000003,1.0,1,18,1,1,0.0,5,5,1.0,0.9408259391784668,1
-3g5yACwYnA/9,13,2.2880000000000003,2.4640000000000004,1.0,1,18,1,1,0.0,5,5,1.0,0.9365866780281067,1
-3g5yACwYnA/9,14,2.4640000000000004,2.64,1.0,1,17,1,1,0.0,6,6,1.0,0.9348857998847961,1
-3g5yACwYnA/9,15,2.64,2.8160000000000003,1.0,1,18,1,1,0.0,5,5,1.0,0.9326950907707214,1
-3g5yACwYnA/9,16,2.8160000000000003,2.9920000000000004,0.13636364042758942,1,17,1,0,0.0,5,5,1.0,0.9359288215637207,1
-3g5yACwYnA/9,17,2.9920000000000004,3.168,0.0,0,18,1,0,0.0,6,6,1.0,0.9396874308586121,1
-3g5yACwYnA/9,18,3.168,3.3440000000000003,0.0,0,18,1,0,0.0,5,5,1.0,0.9371139407157898,1
-3g5yACwYnA/9,19,3.3440000000000003,3.5200000000000005,0.9659090638160706,1,17,1,1,0.0,5,5,1.0,0.9368351101875305,1
-3g5yACwYnA/9,20,3.5200000000000005,3.696,1.0,1,18,1,1,0.0,5,5,1.0,0.9402688145637512,1
-3g5yACwYnA/9,21,3.696,3.8720000000000003,1.0,1,17,1,1,0.0,6,6,1.0,0.9353011250495911,1
-3g5yACwYnA/9,22,3.8720000000000003,4.048,1.0,1,18,1,1,0.0,5,5,1.0,0.9331660270690918,1
-3g5yACwYnA/9,23,4.048,4.224,1.0,1,18,1,1,0.0,5,5,1.0,0.9347748756408691,1
-3g5yACwYnA/9,24,4.224,4.4,1.0,1,17,1,1,0.0,5,5,1.0,0.9348737597465515,1
-3g5yACwYnA/9,25,4.4,4.5760000000000005,1.0,1,18,1,1,0.0,6,6,1.0,0.9375560879707336,1
-3g5yACwYnA/9,26,4.5760000000000005,4.752000000000001,1.0,1,17,1,1,0.0,5,5,1.0,0.9383658170700073,1
-3g5yACwYnA/9,27,4.752000000000001,4.928000000000001,1.0,1,18,1,1,0.0,5,5,1.0,0.938563346862793,1
-3g5yACwYnA/9,28,4.928000000000001,5.104,0.2954545319080353,1,18,1,0,0.0,6,6,1.0,0.9388437271118164,1
-3g5yACwYnA/9,29,5.104,5.28,0.0,0,17,1,0,0.0,5,5,1.0,0.9375514984130859,1
-3g5yACwYnA/9,30,5.28,5.456,0.09090909361839294,1,18,1,0,0.0,5,5,1.0,0.9359863996505737,1
-3g5yACwYnA/9,31,5.456,5.632000000000001,1.0,1,17,1,1,0.0,5,5,1.0,0.9366281628608704,1
-3g5yACwYnA/9,32,5.632000000000001,5.808000000000001,1.0,1,18,1,1,0.0,6,6,1.0,0.9381247162818909,1
-3g5yACwYnA/9,33,5.808000000000001,5.984000000000001,1.0,1,18,1,1,0.0,5,5,1.0,0.9411271810531616,1
-3g5yACwYnA/9,34,5.984000000000001,6.160000000000001,1.0,1,17,1,1,0.0,5,5,1.0,0.9409608840942383,1
-3g5yACwYnA/9,35,6.160000000000001,6.336,1.0,1,18,1,1,0.0,6,6,1.0,0.9438724517822266,1
-3g5yACwYnA/9,36,6.336,6.5120000000000005,1.0,1,17,1,1,0.0,5,5,1.0,0.9453229904174805,1
-3g5yACwYnA/9,37,6.5120000000000005,6.688000000000001,1.0,1,18,1,1,0.0,5,5,1.0,0.9450529217720032,1
-3g5yACwYnA/9,38,6.688000000000001,6.864000000000001,1.0,1,18,1,1,0.0,5,5,1.0,0.9441679120063782,1
-3g5yACwYnA/9,39,6.864000000000001,7.040000000000001,1.0,1,17,1,1,0.0,6,6,1.0,0.9401834011077881,1
-3g5yACwYnA/9,40,7.040000000000001,7.216000000000001,1.0,1,18,1,1,0.0,5,5,1.0,0.9373527765274048,1
-3g5yACwYnA/9,41,7.216000000000001,7.392,1.0,1,17,1,1,0.0,5,5,1.0,0.9367268681526184,1
-3g5yACwYnA/9,42,7.392,7.5680000000000005,1.0,1,18,1,1,0.0,6,6,1.0,0.939969539642334,1
-3g5yACwYnA/9,43,7.5680000000000005,7.744000000000001,1.0,1,18,1,1,0.0,5,5,1.0,0.9408613443374634,1
-3g5yACwYnA/9,44,7.744000000000001,7.920000000000001,1.0,1,17,1,1,0.0,5,5,1.0,0.9417282342910767,1
-3g5yACwYnA/9,45,7.920000000000001,8.096,1.0,1,18,1,1,0.0,5,5,1.0,0.943988025188446,1
-3g5yACwYnA/9,46,8.096,8.272,0.25,1,17,1,1,0.0,6,6,1.0,0.9432675242424011,1
-3g5yACwYnA/9,47,8.272,8.448,0.0,0,18,1,1,0.0,5,5,1.0,0.9451434016227722,1
-3g5yACwYnA/9,48,8.448,8.624,0.0,0,18,1,0,0.0,5,5,1.0,0.9451547861099243,1
-3g5yACwYnA/9,49,8.624,8.8,0.0,0,6,1,0,0.0,4,4,1.0,0.9434245228767395,1
-3nNcZdcdvU/5,0,0.0,0.15733333333333333,0.0,0,15,1,1,0.0,5,5,1.0,0.9319598078727722,1
-3nNcZdcdvU/5,1,0.15733333333333333,0.31466666666666665,0.0,0,16,1,1,0.0,5,5,1.0,0.9306679964065552,1
-3nNcZdcdvU/5,2,0.31466666666666665,0.472,0.0,0,15,1,1,0.0,5,5,1.0,0.9309214353561401,1
-3nNcZdcdvU/5,3,0.472,0.6293333333333333,0.8855932354927063,1,16,1,1,0.1875,4,4,1.0,0.9337406754493713,1
-3nNcZdcdvU/5,4,0.6293333333333333,0.7866666666666666,1.0,1,16,1,1,0.0,5,5,1.0,0.9311995506286621,1
-3nNcZdcdvU/5,5,0.7866666666666666,0.944,1.0,1,16,1,1,0.0,5,5,1.0,0.9312731027603149,1
-3nNcZdcdvU/5,6,0.944,1.1013333333333333,1.0,1,15,1,1,0.6000000238418579,5,5,1.0,0.9307301640510559,1
-3nNcZdcdvU/5,7,1.1013333333333333,1.2586666666666666,1.0,1,16,1,1,0.0,4,4,1.0,0.927832305431366,1
-3nNcZdcdvU/5,8,1.2586666666666666,1.416,1.0,1,16,1,1,0.5625,5,5,1.0,0.9277274012565613,1
-3nNcZdcdvU/5,9,1.416,1.5733333333333333,1.0,1,16,1,1,0.0625,5,5,1.0,0.9304300546646118,1
-3nNcZdcdvU/5,10,1.5733333333333333,1.7306666666666666,1.0,1,15,1,1,0.0,4,4,1.0,0.9297508597373962,1
-3nNcZdcdvU/5,11,1.7306666666666666,1.888,1.0,1,16,1,1,0.5,5,5,1.0,0.9247689247131348,1
-3nNcZdcdvU/5,12,1.888,2.0453333333333332,1.0,1,16,1,1,1.0,5,5,1.0,0.9214715957641602,1
-3nNcZdcdvU/5,13,2.0453333333333332,2.2026666666666666,1.0,1,16,1,1,0.5625,5,5,1.0,0.9252656698226929,1
-3nNcZdcdvU/5,14,2.2026666666666666,2.36,1.0,1,15,1,1,0.0,4,4,1.0,0.9247965812683105,1
-3nNcZdcdvU/5,15,2.36,2.517333333333333,1.0,1,16,1,1,0.0,5,5,1.0,0.9241151809692383,1
-3nNcZdcdvU/5,16,2.517333333333333,2.6746666666666665,1.0,1,16,1,1,0.0,5,5,1.0,0.9268151521682739,1
-3nNcZdcdvU/5,17,2.6746666666666665,2.832,1.0,1,15,1,1,0.20000000298023224,4,4,1.0,0.9285101294517517,1
-3nNcZdcdvU/5,18,2.832,2.989333333333333,1.0,1,16,1,1,0.1875,5,5,1.0,0.9280763864517212,1
-3nNcZdcdvU/5,19,2.989333333333333,3.1466666666666665,1.0,1,16,1,1,0.4375,5,5,1.0,0.926404595375061,1
-3nNcZdcdvU/5,20,3.1466666666666665,3.304,1.0,1,16,1,1,0.25,5,5,1.0,0.9250636100769043,1
-3nNcZdcdvU/5,21,3.304,3.461333333333333,1.0,1,15,1,1,0.3333333432674408,4,4,1.0,0.9258205890655518,1
-3nNcZdcdvU/5,22,3.461333333333333,3.6186666666666665,1.0,1,16,1,1,0.0625,5,5,1.0,0.9303789138793945,1
-3nNcZdcdvU/5,23,3.6186666666666665,3.776,1.0,1,16,1,1,0.0625,5,5,1.0,0.9298752546310425,1
-3nNcZdcdvU/5,24,3.776,3.933333333333333,0.5338982939720154,1,16,1,1,0.0625,4,4,1.0,0.9297560453414917,1
-3nNcZdcdvU/5,25,3.933333333333333,4.0906666666666665,0.8940678238868713,1,15,1,1,0.0,5,5,1.0,0.9314088821411133,1
-3nNcZdcdvU/5,26,4.0906666666666665,4.247999999999999,1.0,1,16,1,1,0.5625,5,5,1.0,0.9315069913864136,1
-3nNcZdcdvU/5,27,4.247999999999999,4.405333333333333,1.0,1,16,1,1,0.125,5,5,1.0,0.9321765899658203,1
-3nNcZdcdvU/5,28,4.405333333333333,4.562666666666667,1.0,1,16,1,1,0.0,4,4,1.0,0.9314975142478943,1
-3nNcZdcdvU/5,29,4.562666666666667,4.72,0.30084747076034546,1,15,1,1,0.0,5,5,1.0,0.9312244653701782,1
-3nNcZdcdvU/5,30,4.72,4.877333333333333,0.0,0,16,1,1,0.0,5,5,1.0,0.9312841296195984,1
-3nNcZdcdvU/5,31,4.877333333333333,5.034666666666666,0.6016949415206909,1,16,1,1,0.0,5,5,1.0,0.9311205148696899,1
-3nNcZdcdvU/5,32,5.034666666666666,5.192,1.0,1,15,1,1,0.5333333611488342,4,4,1.0,0.9319838881492615,1
-3nNcZdcdvU/5,33,5.192,5.349333333333333,1.0,1,16,1,1,0.0625,5,5,1.0,0.9312130808830261,1
-3nNcZdcdvU/5,34,5.349333333333333,5.506666666666666,1.0,1,16,1,1,0.0,5,5,1.0,0.929237961769104,1
-3nNcZdcdvU/5,35,5.506666666666666,5.664,1.0,1,16,1,1,0.0,4,4,1.0,0.9289907217025757,1
-3nNcZdcdvU/5,36,5.664,5.8213333333333335,1.0,1,15,1,1,0.20000000298023224,5,5,1.0,0.9277498126029968,1
-3nNcZdcdvU/5,37,5.8213333333333335,5.978666666666666,1.0,1,16,1,1,0.125,5,5,1.0,0.9319489598274231,1
-3nNcZdcdvU/5,38,5.978666666666666,6.135999999999999,1.0,1,16,1,1,0.0,5,5,1.0,0.9344477653503418,1
-3nNcZdcdvU/5,39,6.135999999999999,6.293333333333333,1.0,1,16,1,1,0.125,4,4,1.0,0.9328698515892029,1
-3nNcZdcdvU/5,40,6.293333333333333,6.450666666666667,1.0,1,15,1,1,0.0,5,5,1.0,0.9302473068237305,1
-3nNcZdcdvU/5,41,6.450666666666667,6.608,1.0,1,16,1,1,0.0,5,5,1.0,0.9264975786209106,1
-3nNcZdcdvU/5,42,6.608,6.7653333333333325,1.0,1,16,1,1,0.0,4,4,1.0,0.9250848293304443,1
-3nNcZdcdvU/5,43,6.7653333333333325,6.922666666666666,1.0,1,16,1,1,0.0,5,5,1.0,0.925408661365509,1
-3nNcZdcdvU/5,44,6.922666666666666,7.08,1.0,1,15,1,1,0.0,5,5,1.0,0.9235649108886719,1
-3nNcZdcdvU/5,45,7.08,7.237333333333333,1.0,1,16,1,1,0.0,5,5,1.0,0.9241667985916138,1
-3nNcZdcdvU/5,46,7.237333333333333,7.394666666666666,0.016949152573943138,1,16,1,1,0.0,4,4,1.0,0.9273192286491394,1
-3nNcZdcdvU/5,47,7.394666666666666,7.552,0.0,0,15,1,1,0.0,5,5,1.0,0.9215384721755981,1
-3nNcZdcdvU/5,48,7.552,7.709333333333333,0.0,0,16,1,1,0.0,5,5,1.0,0.9155532717704773,1
-3nNcZdcdvU/5,49,7.709333333333333,7.866666666666666,0.0,0,7,1,0,0.0,4,1,0.25,0.9140236377716064,1
-HwX2H8Z4hY/2,0,0.0,0.07933333333333333,1.0,1,7,1,1,0.0,3,0,0.0,0.0,0
-HwX2H8Z4hY/2,1,0.07933333333333333,0.15866666666666665,1.0,1,8,1,1,0.0,2,0,0.0,0.0,0
-HwX2H8Z4hY/2,2,0.15866666666666665,0.238,1.0,1,8,1,1,0.0,3,0,0.0,0.0,0
-HwX2H8Z4hY/2,3,0.238,0.3173333333333333,1.0,1,8,1,1,0.0,2,0,0.0,0.0,0
-HwX2H8Z4hY/2,4,0.3173333333333333,0.3966666666666666,1.0,1,8,1,1,0.0,2,0,0.0,0.0,0
-HwX2H8Z4hY/2,5,0.3966666666666666,0.476,1.0,1,8,1,1,0.0,3,0,0.0,0.0,0
-HwX2H8Z4hY/2,6,0.476,0.5553333333333332,1.0,1,8,1,1,0.0,2,0,0.0,0.0,0
-HwX2H8Z4hY/2,7,0.5553333333333332,0.6346666666666666,1.0,1,8,1,1,0.0,3,0,0.0,0.0,0
-HwX2H8Z4hY/2,8,0.6346666666666666,0.714,1.0,1,8,1,1,0.0,2,0,0.0,0.0,0
-HwX2H8Z4hY/2,9,0.714,0.7933333333333332,1.0,1,8,1,1,0.0,2,0,0.0,0.0,0
-HwX2H8Z4hY/2,10,0.7933333333333332,0.8726666666666666,0.21008403599262238,1,8,1,1,0.0,3,0,0.0,0.0,0
-HwX2H8Z4hY/2,11,0.8726666666666666,0.952,0.0,0,7,1,1,0.0,2,0,0.0,0.0,0
-HwX2H8Z4hY/2,12,0.952,1.0313333333333332,0.0,0,8,1,1,0.0,2,0,0.0,0.0,0
-HwX2H8Z4hY/2,13,1.0313333333333332,1.1106666666666665,0.0,0,8,1,1,0.0,3,0,0.0,0.0,0
-HwX2H8Z4hY/2,14,1.1106666666666665,1.19,0.0,0,8,1,1,0.0,2,0,0.0,0.0,0
-HwX2H8Z4hY/2,15,1.19,1.2693333333333332,0.0,0,8,1,1,0.0,3,0,0.0,0.0,0
-HwX2H8Z4hY/2,16,1.2693333333333332,1.3486666666666665,0.0,0,8,1,1,0.0,2,0,0.0,0.0,0
-HwX2H8Z4hY/2,17,1.3486666666666665,1.428,0.0,0,8,1,1,0.0,2,0,0.0,0.0,0
-HwX2H8Z4hY/2,18,1.428,1.5073333333333332,0.0,0,8,1,1,0.0,3,0,0.0,0.0,0
-HwX2H8Z4hY/2,19,1.5073333333333332,1.5866666666666664,0.0,0,8,1,1,0.0,2,0,0.0,0.0,0
-HwX2H8Z4hY/2,20,1.5866666666666664,1.666,0.0,0,8,1,1,0.0,2,0,0.0,0.0,0
-HwX2H8Z4hY/2,21,1.666,1.7453333333333332,0.0,0,8,1,1,0.0,3,0,0.0,0.0,0
-HwX2H8Z4hY/2,22,1.7453333333333332,1.8246666666666664,0.0,0,8,1,1,0.0,2,0,0.0,0.0,0
-HwX2H8Z4hY/2,23,1.8246666666666664,1.904,0.0,0,8,1,1,0.0,3,0,0.0,0.0,0
-HwX2H8Z4hY/2,24,1.904,1.9833333333333332,0.0,0,8,1,1,0.0,2,0,0.0,0.0,0
-HwX2H8Z4hY/2,25,1.9833333333333332,2.0626666666666664,0.0,0,8,1,1,0.0,2,0,0.0,0.0,0
-HwX2H8Z4hY/2,26,2.0626666666666664,2.142,0.0,0,7,1,1,0.0,3,0,0.0,0.0,0
-HwX2H8Z4hY/2,27,2.142,2.221333333333333,0.0,0,8,1,1,0.0,2,0,0.0,0.0,0
-HwX2H8Z4hY/2,28,2.221333333333333,2.3006666666666664,0.0,0,8,1,1,0.0,3,0,0.0,0.0,0
-HwX2H8Z4hY/2,29,2.3006666666666664,2.38,0.0,0,8,1,1,0.0,2,0,0.0,0.0,0
-HwX2H8Z4hY/2,30,2.38,2.459333333333333,0.0,0,8,1,1,0.0,2,0,0.0,0.0,0
-HwX2H8Z4hY/2,31,2.459333333333333,2.5386666666666664,0.0,0,8,1,1,0.0,3,0,0.0,0.0,0
-HwX2H8Z4hY/2,32,2.5386666666666664,2.618,0.0,0,8,1,1,0.0,2,0,0.0,0.0,0
-HwX2H8Z4hY/2,33,2.618,2.697333333333333,0.21848739683628082,1,8,1,1,0.0,2,0,0.0,0.0,0
-HwX2H8Z4hY/2,34,2.697333333333333,2.7766666666666664,1.0,1,8,1,1,0.0,3,0,0.0,0.0,0
-HwX2H8Z4hY/2,35,2.7766666666666664,2.856,1.0,1,8,1,1,0.0,2,0,0.0,0.0,0
-HwX2H8Z4hY/2,36,2.856,2.935333333333333,1.0,1,8,1,1,0.0,3,0,0.0,0.0,0
-HwX2H8Z4hY/2,37,2.935333333333333,3.0146666666666664,1.0,1,8,1,1,0.0,2,0,0.0,0.0,0
-HwX2H8Z4hY/2,38,3.0146666666666664,3.094,1.0,1,8,1,1,0.0,2,0,0.0,0.0,0
-HwX2H8Z4hY/2,39,3.094,3.173333333333333,1.0,1,8,1,1,0.0,3,3,1.0,0.9242015480995178,1
-HwX2H8Z4hY/2,40,3.173333333333333,3.2526666666666664,1.0,1,8,1,1,0.0,2,2,1.0,0.931701123714447,1
-HwX2H8Z4hY/2,41,3.2526666666666664,3.332,1.0,1,7,1,1,0.0,2,2,1.0,0.9214393496513367,1
-HwX2H8Z4hY/2,42,3.332,3.411333333333333,0.3529411852359772,1,8,1,1,0.0,3,3,1.0,0.9179632663726807,1
-HwX2H8Z4hY/2,43,3.411333333333333,3.4906666666666664,0.0,0,8,1,1,0.0,2,2,1.0,0.9199720621109009,1
-HwX2H8Z4hY/2,44,3.4906666666666664,3.57,0.0,0,8,1,1,0.0,3,3,1.0,0.9228318333625793,1
-HwX2H8Z4hY/2,45,3.57,3.649333333333333,0.0,0,8,1,1,0.0,2,2,1.0,0.927990198135376,1
-HwX2H8Z4hY/2,46,3.649333333333333,3.7286666666666664,0.0,0,8,1,1,0.0,2,2,1.0,0.9289238452911377,1
-HwX2H8Z4hY/2,47,3.7286666666666664,3.808,0.0,0,8,1,1,0.0,3,3,1.0,0.9263864159584045,1
-HwX2H8Z4hY/2,48,3.808,3.887333333333333,0.0,0,8,1,1,0.0,2,2,1.0,0.9204189777374268,1
-HwX2H8Z4hY/2,49,3.887333333333333,3.9666666666666663,0.0,0,2,1,1,0.0,2,2,1.0,0.9181402921676636,1
-HwX2H8Z4hY/5,0,0.0,0.11266666666666665,0.0,0,11,1,1,0.0,4,4,1.0,0.9420228600502014,1
-HwX2H8Z4hY/5,1,0.11266666666666665,0.2253333333333333,0.0,0,11,1,1,0.0,3,3,1.0,0.9400658011436462,1
-HwX2H8Z4hY/5,2,0.2253333333333333,0.33799999999999997,0.0,0,11,1,1,0.0,4,4,1.0,0.9400709867477417,1
-HwX2H8Z4hY/5,3,0.33799999999999997,0.4506666666666666,0.0,0,11,1,1,0.0,3,3,1.0,0.941354513168335,1
-HwX2H8Z4hY/5,4,0.4506666666666666,0.5633333333333332,0.0,0,12,1,1,0.0,3,3,1.0,0.9399511218070984,1
-HwX2H8Z4hY/5,5,0.5633333333333332,0.6759999999999999,0.0,0,11,1,1,0.0,4,4,1.0,0.937148928642273,1
-HwX2H8Z4hY/5,6,0.6759999999999999,0.7886666666666665,0.34319525957107544,1,11,1,1,0.0,3,2,0.6666666865348816,0.9399827718734741,1
-HwX2H8Z4hY/5,7,0.7886666666666665,0.9013333333333332,1.0,1,11,1,1,0.0,4,4,1.0,0.9378596544265747,1
-HwX2H8Z4hY/5,8,0.9013333333333332,1.0139999999999998,1.0,1,12,1,1,0.0833333358168602,3,3,1.0,0.93744295835495,1
-HwX2H8Z4hY/5,9,1.0139999999999998,1.1266666666666665,1.0,1,11,1,1,0.0,3,1,0.3333333432674408,0.9377439618110657,1
-HwX2H8Z4hY/5,10,1.1266666666666665,1.2393333333333332,1.0,1,11,1,1,0.3636363744735718,4,0,0.0,0.0,0
-HwX2H8Z4hY/5,11,1.2393333333333332,1.3519999999999999,0.7337278127670288,1,11,1,1,0.0,3,3,1.0,0.9390146136283875,1
-HwX2H8Z4hY/5,12,1.3519999999999999,1.4646666666666666,1.0,1,12,1,1,0.0,3,3,1.0,0.9395095705986023,1
-HwX2H8Z4hY/5,13,1.4646666666666666,1.577333333333333,1.0,1,11,1,1,0.0,4,4,1.0,0.9376401901245117,1
-HwX2H8Z4hY/5,14,1.577333333333333,1.6899999999999997,1.0,1,11,1,1,0.0,3,0,0.0,0.0,0
-HwX2H8Z4hY/5,15,1.6899999999999997,1.8026666666666664,1.0,1,12,1,1,0.0,4,0,0.0,0.0,0
-HwX2H8Z4hY/5,16,1.8026666666666664,1.915333333333333,1.0,1,11,1,1,0.0,3,0,0.0,0.0,0
-HwX2H8Z4hY/5,17,1.915333333333333,2.0279999999999996,1.0,1,11,1,1,0.0,3,0,0.0,0.0,0
-HwX2H8Z4hY/5,18,2.0279999999999996,2.1406666666666663,1.0,1,11,1,1,0.0,4,0,0.0,0.0,0
-HwX2H8Z4hY/5,19,2.1406666666666663,2.253333333333333,1.0,1,12,1,1,0.0,3,0,0.0,0.0,0
-HwX2H8Z4hY/5,20,2.253333333333333,2.3659999999999997,1.0,1,11,1,1,0.0,3,0,0.0,0.0,0
-HwX2H8Z4hY/5,21,2.3659999999999997,2.4786666666666664,1.0,1,11,1,1,0.0,4,0,0.0,0.0,0
-HwX2H8Z4hY/5,22,2.4786666666666664,2.591333333333333,1.0,1,11,1,1,0.0,3,0,0.0,0.0,0
-HwX2H8Z4hY/5,23,2.591333333333333,2.7039999999999997,1.0,1,12,1,1,0.0,4,0,0.0,0.0,0
-HwX2H8Z4hY/5,24,2.7039999999999997,2.8166666666666664,1.0,1,11,1,1,0.0,3,0,0.0,0.0,0
-HwX2H8Z4hY/5,25,2.8166666666666664,2.929333333333333,1.0,1,11,1,1,0.0,3,0,0.0,0.0,0
-HwX2H8Z4hY/5,26,2.929333333333333,3.0419999999999994,1.0,1,11,1,1,0.0,4,0,0.0,0.0,0
-HwX2H8Z4hY/5,27,3.0419999999999994,3.154666666666666,1.0,1,12,1,1,0.0,3,0,0.0,0.0,0
-HwX2H8Z4hY/5,28,3.154666666666666,3.2673333333333328,1.0,1,11,1,1,0.0,4,0,0.0,0.0,0
-HwX2H8Z4hY/5,29,3.2673333333333328,3.3799999999999994,1.0,1,11,1,1,0.0,3,0,0.0,0.0,0
-HwX2H8Z4hY/5,30,3.3799999999999994,3.492666666666666,1.0,1,12,1,1,0.0,3,0,0.0,0.0,0
-HwX2H8Z4hY/5,31,3.492666666666666,3.605333333333333,1.0,1,11,1,1,0.0,4,0,0.0,0.0,0
-HwX2H8Z4hY/5,32,3.605333333333333,3.7179999999999995,1.0,1,11,1,1,0.0,3,0,0.0,0.0,0
-HwX2H8Z4hY/5,33,3.7179999999999995,3.830666666666666,1.0,1,11,1,1,0.0,3,0,0.0,0.0,0
-HwX2H8Z4hY/5,34,3.830666666666666,3.943333333333333,1.0,1,12,1,1,0.0,4,0,0.0,0.0,0
-HwX2H8Z4hY/5,35,3.943333333333333,4.055999999999999,1.0,1,11,1,1,0.0,3,0,0.0,0.0,0
-HwX2H8Z4hY/5,36,4.055999999999999,4.168666666666666,1.0,1,11,1,1,0.0,4,0,0.0,0.0,0
-HwX2H8Z4hY/5,37,4.168666666666666,4.2813333333333325,1.0,1,11,1,1,0.0,3,0,0.0,0.0,0
-HwX2H8Z4hY/5,38,4.2813333333333325,4.393999999999999,1.0,1,12,1,1,0.0,3,0,0.0,0.0,0
-HwX2H8Z4hY/5,39,4.393999999999999,4.506666666666666,1.0,1,11,1,1,0.0,4,0,0.0,0.0,0
-HwX2H8Z4hY/5,40,4.506666666666666,4.619333333333333,1.0,1,11,1,1,0.0,3,0,0.0,0.0,0
-HwX2H8Z4hY/5,41,4.619333333333333,4.731999999999999,1.0,1,11,1,1,0.0,3,0,0.0,0.0,0
-HwX2H8Z4hY/5,42,4.731999999999999,4.844666666666666,1.0,1,12,1,1,0.0,4,0,0.0,0.0,0
-HwX2H8Z4hY/5,43,4.844666666666666,4.957333333333333,1.0,1,11,1,1,0.0,3,0,0.0,0.0,0
-HwX2H8Z4hY/5,44,4.957333333333333,5.069999999999999,1.0,1,11,1,1,0.0,4,0,0.0,0.0,0
-HwX2H8Z4hY/5,45,5.069999999999999,5.182666666666666,0.2662721872329712,1,12,1,1,0.0,3,0,0.0,0.0,0
-HwX2H8Z4hY/5,46,5.182666666666666,5.295333333333333,0.0,0,11,1,1,0.0,3,2,0.6666666865348816,0.9371187686920166,1
-HwX2H8Z4hY/5,47,5.295333333333333,5.4079999999999995,0.0,0,11,1,1,0.0,4,4,1.0,0.9372673034667969,1
-HwX2H8Z4hY/5,48,5.4079999999999995,5.520666666666666,0.0,0,11,1,1,0.0,3,3,1.0,0.9383246302604675,1
-HwX2H8Z4hY/5,49,5.520666666666666,5.633333333333333,0.0,0,1,1,1,0.0,2,2,1.0,0.938854455947876,1
-HwX2H8Z4hY/6,0,0.0,0.06666666666666667,0.0,0,6,1,1,0.0,2,0,0.0,0.0,0
-HwX2H8Z4hY/6,1,0.06666666666666667,0.13333333333333333,0.0,0,7,1,1,0.0,2,0,0.0,0.0,0
-HwX2H8Z4hY/6,2,0.13333333333333333,0.2,0.0,0,6,1,1,0.0,2,0,0.0,0.0,0
-HwX2H8Z4hY/6,3,0.2,0.26666666666666666,0.0,0,7,1,1,0.0,2,2,1.0,0.9371187686920166,1
-HwX2H8Z4hY/6,4,0.26666666666666666,0.3333333333333333,0.0,0,7,1,1,0.0,2,2,1.0,0.9378290176391602,1
-HwX2H8Z4hY/6,5,0.3333333333333333,0.4,0.0,0,6,1,1,0.0,2,2,1.0,0.9367055296897888,1
-HwX2H8Z4hY/6,6,0.4,0.4666666666666667,0.0,0,7,1,1,0.0,2,2,1.0,0.9380307793617249,1
-HwX2H8Z4hY/6,7,0.4666666666666667,0.5333333333333333,0.0,0,7,1,1,0.0,2,2,1.0,0.9392479658126831,1
-HwX2H8Z4hY/6,8,0.5333333333333333,0.6,0.8999999761581421,1,6,1,1,0.0,2,2,1.0,0.9379388689994812,1
-HwX2H8Z4hY/6,9,0.6,0.6666666666666666,1.0,1,7,1,1,0.0,2,2,1.0,0.9404272437095642,1
-HwX2H8Z4hY/6,10,0.6666666666666666,0.7333333333333333,1.0,1,7,1,1,0.0,2,2,1.0,0.9404754042625427,1
-HwX2H8Z4hY/6,11,0.7333333333333333,0.8,1.0,1,6,1,1,0.0,2,2,1.0,0.9402462244033813,1
-HwX2H8Z4hY/6,12,0.8,0.8666666666666667,1.0,1,7,1,1,0.0,2,2,1.0,0.9423290491104126,1
-HwX2H8Z4hY/6,13,0.8666666666666667,0.9333333333333333,1.0,1,7,1,1,0.0,2,2,1.0,0.94066321849823,1
-HwX2H8Z4hY/6,14,0.9333333333333333,1.0,1.0,1,6,1,1,0.0,2,2,1.0,0.9391924738883972,1
-HwX2H8Z4hY/6,15,1.0,1.0666666666666667,1.0,1,7,1,1,0.0,2,2,1.0,0.9409458637237549,1
-HwX2H8Z4hY/6,16,1.0666666666666667,1.1333333333333333,1.0,1,7,1,1,0.0,2,2,1.0,0.9413310289382935,1
-HwX2H8Z4hY/6,17,1.1333333333333333,1.2,0.699999988079071,1,6,1,1,0.0,2,2,1.0,0.941604495048523,1
-HwX2H8Z4hY/6,18,1.2,1.2666666666666666,0.0,0,7,1,1,0.0,2,2,1.0,0.941269040107727,1
-HwX2H8Z4hY/6,19,1.2666666666666666,1.3333333333333333,0.0,0,7,1,1,0.0,2,2,1.0,0.9410530924797058,1
-HwX2H8Z4hY/6,20,1.3333333333333333,1.4,0.0,0,6,1,1,0.0,2,2,1.0,0.9391180276870728,1
-HwX2H8Z4hY/6,21,1.4,1.4666666666666666,0.25,1,7,1,1,0.0,2,2,1.0,0.9388694763183594,1
-HwX2H8Z4hY/6,22,1.4666666666666666,1.5333333333333332,1.0,1,7,1,1,0.0,2,2,1.0,0.9397386312484741,1
-HwX2H8Z4hY/6,23,1.5333333333333332,1.6,1.0,1,6,1,1,0.0,2,2,1.0,0.9400217533111572,1
-HwX2H8Z4hY/6,24,1.6,1.6666666666666667,1.0,1,7,1,1,0.0,2,2,1.0,0.9391066431999207,1
-HwX2H8Z4hY/6,25,1.6666666666666667,1.7333333333333334,1.0,1,7,1,1,0.0,2,2,1.0,0.939612865447998,1
-HwX2H8Z4hY/6,26,1.7333333333333334,1.8,1.0,1,6,1,1,0.0,2,2,1.0,0.9374206066131592,1
-HwX2H8Z4hY/6,27,1.8,1.8666666666666667,1.0,1,7,1,1,0.0,2,2,1.0,0.9370913505554199,1
-HwX2H8Z4hY/6,28,1.8666666666666667,1.9333333333333333,1.0,1,7,1,1,0.0,2,2,1.0,0.9373298287391663,1
-HwX2H8Z4hY/6,29,1.9333333333333333,2.0,1.0,1,6,1,1,0.0,2,2,1.0,0.9360998272895813,1
-HwX2H8Z4hY/6,30,2.0,2.0666666666666664,1.0,1,7,1,1,0.0,2,2,1.0,0.9361668825149536,1
-HwX2H8Z4hY/6,31,2.0666666666666664,2.1333333333333333,1.0,1,7,1,1,0.0,2,1,0.5,0.9362847805023193,1
-HwX2H8Z4hY/6,32,2.1333333333333333,2.2,1.0,1,6,1,1,0.0,2,0,0.0,0.0,0
-HwX2H8Z4hY/6,33,2.2,2.2666666666666666,1.0,1,7,1,1,0.0,2,0,0.0,0.0,0
-HwX2H8Z4hY/6,34,2.2666666666666666,2.3333333333333335,1.0,1,7,1,1,0.0,2,0,0.0,0.0,0
-HwX2H8Z4hY/6,35,2.3333333333333335,2.4,1.0,1,6,1,1,0.0,2,0,0.0,0.0,0
-HwX2H8Z4hY/6,36,2.4,2.466666666666667,1.0,1,7,1,1,0.0,2,0,0.0,0.0,0
-HwX2H8Z4hY/6,37,2.466666666666667,2.533333333333333,1.0,1,7,1,1,0.0,2,0,0.0,0.0,0
-HwX2H8Z4hY/6,38,2.533333333333333,2.6,1.0,1,6,1,1,0.0,2,0,0.0,0.0,0
-HwX2H8Z4hY/6,39,2.6,2.6666666666666665,1.0,1,7,1,1,0.0,2,0,0.0,0.0,0
-HwX2H8Z4hY/6,40,2.6666666666666665,2.7333333333333334,1.0,1,7,1,1,0.0,2,0,0.0,0.0,0
-HwX2H8Z4hY/6,41,2.7333333333333334,2.8,0.8500000238418579,1,6,1,1,0.0,2,0,0.0,0.0,0
-HwX2H8Z4hY/6,42,2.8,2.8666666666666667,0.0,0,7,1,1,0.0,2,0,0.0,0.0,0
-HwX2H8Z4hY/6,43,2.8666666666666667,2.933333333333333,0.0,0,7,1,1,0.0,2,0,0.0,0.0,0
-HwX2H8Z4hY/6,44,2.933333333333333,3.0,0.0,0,6,1,1,0.0,2,0,0.0,0.0,0
-HwX2H8Z4hY/6,45,3.0,3.0666666666666664,0.0,0,7,1,1,0.0,2,0,0.0,0.0,0
-HwX2H8Z4hY/6,46,3.0666666666666664,3.1333333333333333,0.0,0,7,1,1,0.0,2,0,0.0,0.0,0
-HwX2H8Z4hY/6,47,3.1333333333333333,3.2,0.0,0,6,1,1,0.0,2,1,0.5,0.8797058463096619,1
-HwX2H8Z4hY/6,48,3.2,3.2666666666666666,0.0,0,5,1,1,0.0,2,2,1.0,0.8764629364013672,1
-HwX2H8Z4hY/6,49,3.2666666666666666,3.333333333333333,0.0,0,0,0,0,0.0,1,1,1.0,0.8832470774650574,1
-HwX2H8Z4hY/9,0,0.0,0.15466666666666667,0.0,0,15,1,1,0.0,5,0,0.0,0.0,0
-HwX2H8Z4hY/9,1,0.15466666666666667,0.30933333333333335,0.0,0,15,1,1,0.0,5,0,0.0,0.0,0
-HwX2H8Z4hY/9,2,0.30933333333333335,0.464,0.0,0,16,1,1,0.0,4,0,0.0,0.0,0
-HwX2H8Z4hY/9,3,0.464,0.6186666666666667,0.7025862336158752,1,15,1,1,0.0,5,0,0.0,0.0,0
-HwX2H8Z4hY/9,4,0.6186666666666667,0.7733333333333334,1.0,1,16,1,1,0.0,5,0,0.0,0.0,0
-HwX2H8Z4hY/9,5,0.7733333333333334,0.928,1.0,1,15,1,1,0.0,4,0,0.0,0.0,0
-HwX2H8Z4hY/9,6,0.928,1.0826666666666667,1.0,1,16,1,1,0.0,5,0,0.0,0.0,0
-HwX2H8Z4hY/9,7,1.0826666666666667,1.2373333333333334,1.0,1,15,1,1,0.0,5,0,0.0,0.0,0
-HwX2H8Z4hY/9,8,1.2373333333333334,1.3920000000000001,1.0,1,15,1,1,0.0,4,0,0.0,0.0,0
-HwX2H8Z4hY/9,9,1.3920000000000001,1.5466666666666669,1.0,1,16,1,1,0.0,5,0,0.0,0.0,0
-HwX2H8Z4hY/9,10,1.5466666666666669,1.7013333333333334,1.0,1,15,1,1,0.0,5,0,0.0,0.0,0
-HwX2H8Z4hY/9,11,1.7013333333333334,1.856,1.0,1,16,1,1,0.0,4,0,0.0,0.0,0
-HwX2H8Z4hY/9,12,1.856,2.010666666666667,1.0,1,15,1,1,0.0,5,0,0.0,0.0,0
-HwX2H8Z4hY/9,13,2.010666666666667,2.1653333333333333,1.0,1,16,1,1,0.0,4,0,0.0,0.0,0
-HwX2H8Z4hY/9,14,2.1653333333333333,2.3200000000000003,1.0,1,15,1,1,0.0,5,0,0.0,0.0,0
-HwX2H8Z4hY/9,15,2.3200000000000003,2.474666666666667,1.0,1,16,1,1,0.0,5,0,0.0,0.0,0
-HwX2H8Z4hY/9,16,2.474666666666667,2.6293333333333333,1.0,1,15,1,1,0.0,4,0,0.0,0.0,0
-HwX2H8Z4hY/9,17,2.6293333333333333,2.7840000000000003,1.0,1,16,1,1,0.0,5,0,0.0,0.0,0
-HwX2H8Z4hY/9,18,2.7840000000000003,2.9386666666666668,1.0,1,15,1,1,0.0,5,0,0.0,0.0,0
-HwX2H8Z4hY/9,19,2.9386666666666668,3.0933333333333337,1.0,1,16,1,1,0.0,4,0,0.0,0.0,0
-HwX2H8Z4hY/9,20,3.0933333333333337,3.248,0.2887931168079376,1,15,1,1,0.0,5,0,0.0,0.0,0
-HwX2H8Z4hY/9,21,3.248,3.4026666666666667,1.0,1,16,1,1,0.0,5,0,0.0,0.0,0
-HwX2H8Z4hY/9,22,3.4026666666666667,3.5573333333333337,1.0,1,15,1,1,0.0,4,0,0.0,0.0,0
-HwX2H8Z4hY/9,23,3.5573333333333337,3.712,1.0,1,15,1,1,0.0,5,0,0.0,0.0,0
-HwX2H8Z4hY/9,24,3.712,3.8666666666666667,1.0,1,16,1,1,0.0,4,0,0.0,0.0,0
-HwX2H8Z4hY/9,25,3.8666666666666667,4.021333333333334,1.0,1,15,1,1,0.0,5,0,0.0,0.0,0
-HwX2H8Z4hY/9,26,4.021333333333334,4.176,1.0,1,16,1,1,0.0,5,0,0.0,0.0,0
-HwX2H8Z4hY/9,27,4.176,4.330666666666667,1.0,1,15,1,1,0.0,4,0,0.0,0.0,0
-HwX2H8Z4hY/9,28,4.330666666666667,4.485333333333333,1.0,1,16,1,1,0.0,5,0,0.0,0.0,0
-HwX2H8Z4hY/9,29,4.485333333333333,4.640000000000001,1.0,1,15,1,1,0.0,5,0,0.0,0.0,0
-HwX2H8Z4hY/9,30,4.640000000000001,4.794666666666667,1.0,1,16,1,1,0.0,4,0,0.0,0.0,0
-HwX2H8Z4hY/9,31,4.794666666666667,4.949333333333334,1.0,1,15,1,1,0.0,5,0,0.0,0.0,0
-HwX2H8Z4hY/9,32,4.949333333333334,5.104,1.0,1,16,1,1,0.0,5,0,0.0,0.0,0
-HwX2H8Z4hY/9,33,5.104,5.258666666666667,1.0,1,15,1,1,0.0,4,0,0.0,0.0,0
-HwX2H8Z4hY/9,34,5.258666666666667,5.413333333333334,1.0,1,16,1,1,0.0,5,0,0.0,0.0,0
-HwX2H8Z4hY/9,35,5.413333333333334,5.5680000000000005,1.0,1,15,1,1,0.0,5,0,0.0,0.0,0
-HwX2H8Z4hY/9,36,5.5680000000000005,5.722666666666667,1.0,1,16,1,1,0.0,4,0,0.0,0.0,0
-HwX2H8Z4hY/9,37,5.722666666666667,5.8773333333333335,1.0,1,15,1,1,0.0,5,0,0.0,0.0,0
-HwX2H8Z4hY/9,38,5.8773333333333335,6.032,1.0,1,15,1,1,0.0,4,0,0.0,0.0,0
-HwX2H8Z4hY/9,39,6.032,6.186666666666667,1.0,1,16,1,1,0.0,5,0,0.0,0.0,0
-HwX2H8Z4hY/9,40,6.186666666666667,6.341333333333334,1.0,1,15,1,1,0.0,5,0,0.0,0.0,0
-HwX2H8Z4hY/9,41,6.341333333333334,6.496,1.0,1,16,1,1,0.0,4,0,0.0,0.0,0
-HwX2H8Z4hY/9,42,6.496,6.650666666666667,1.0,1,15,1,1,0.0,5,0,0.0,0.0,0
-HwX2H8Z4hY/9,43,6.650666666666667,6.8053333333333335,1.0,1,16,1,1,0.0,5,0,0.0,0.0,0
-HwX2H8Z4hY/9,44,6.8053333333333335,6.96,1.0,1,15,1,1,0.0,4,0,0.0,0.0,0
-HwX2H8Z4hY/9,45,6.96,7.114666666666667,1.0,1,16,1,1,0.0,5,0,0.0,0.0,0
-HwX2H8Z4hY/9,46,7.114666666666667,7.269333333333334,1.0,1,15,1,1,0.0,5,0,0.0,0.0,0
-HwX2H8Z4hY/9,47,7.269333333333334,7.424,1.0,1,16,1,1,0.0,4,0,0.0,0.0,0
-HwX2H8Z4hY/9,48,7.424,7.578666666666667,1.0,1,15,1,1,0.0,5,0,0.0,0.0,0
-HwX2H8Z4hY/9,49,7.578666666666667,7.733333333333333,0.20258620381355286,1,5,1,1,0.0,4,0,0.0,0.0,0
-NFrJFQijFE/1,0,0.0,0.1144,0.0,0,11,1,1,0.0,3,0,0.0,0.0,0
-NFrJFQijFE/1,1,0.1144,0.2288,0.0,0,11,1,1,0.0,3,0,0.0,0.0,0
-NFrJFQijFE/1,2,0.2288,0.3432,0.0,0,12,1,1,0.0,3,0,0.0,0.0,0
-NFrJFQijFE/1,3,0.3432,0.4576,0.0,0,11,1,1,0.0,3,0,0.0,0.0,0
-NFrJFQijFE/1,4,0.4576,0.5720000000000001,0.0,0,11,1,1,0.0,3,0,0.0,0.0,0
-NFrJFQijFE/1,5,0.5720000000000001,0.6864,0.0,0,12,1,1,0.0,3,0,0.0,0.0,0
-NFrJFQijFE/1,6,0.6864,0.8008,0.0,0,11,1,1,0.0,3,0,0.0,0.0,0
-NFrJFQijFE/1,7,0.8008,0.9152,0.0,0,12,1,1,0.0,2,0,0.0,0.0,0
-NFrJFQijFE/1,8,0.9152,1.0296,0.0,0,11,1,1,0.0,3,0,0.0,0.0,0
-NFrJFQijFE/1,9,1.0296,1.1440000000000001,0.0,0,12,1,1,0.0,3,0,0.0,0.0,0
-NFrJFQijFE/1,10,1.1440000000000001,1.2584,0.0,0,11,1,1,0.0,3,0,0.0,0.0,0
-NFrJFQijFE/1,11,1.2584,1.3728,0.0,0,12,1,1,0.0,3,0,0.0,0.0,0
-NFrJFQijFE/1,12,1.3728,1.4872,0.0,0,11,1,1,0.0,3,0,0.0,0.0,0
-NFrJFQijFE/1,13,1.4872,1.6016,0.0,0,11,1,1,0.0,3,0,0.0,0.0,0
-NFrJFQijFE/1,14,1.6016,1.716,0.0,0,12,1,1,0.0,2,0,0.0,0.0,0
-NFrJFQijFE/1,15,1.716,1.8304,0.0,0,11,1,1,0.0,3,0,0.0,0.0,0
-NFrJFQijFE/1,16,1.8304,1.9448,0.0,0,12,1,1,0.0,3,0,0.0,0.0,0
-NFrJFQijFE/1,17,1.9448,2.0592,0.0,0,11,1,1,0.0,3,0,0.0,0.0,0
-NFrJFQijFE/1,18,2.0592,2.1736,0.0,0,12,1,1,0.0,3,0,0.0,0.0,0
-NFrJFQijFE/1,19,2.1736,2.2880000000000003,0.0,0,11,1,1,0.0,3,0,0.0,0.0,0
-NFrJFQijFE/1,20,2.2880000000000003,2.4024,0.0,0,11,1,1,0.0,3,0,0.0,0.0,0
-NFrJFQijFE/1,21,2.4024,2.5168,0.0,0,12,1,1,0.0,2,0,0.0,0.0,0
-NFrJFQijFE/1,22,2.5168,2.6312,0.0,0,11,1,1,0.0,3,0,0.0,0.0,0
-NFrJFQijFE/1,23,2.6312,2.7456,0.0,0,12,1,1,0.0,3,0,0.0,0.0,0
-NFrJFQijFE/1,24,2.7456,2.86,0.8741258978843689,1,11,1,1,0.0,3,0,0.0,0.0,0
-NFrJFQijFE/1,25,2.86,2.9744,1.0,1,12,1,1,0.0,3,0,0.0,0.0,0
-NFrJFQijFE/1,26,2.9744,3.0888,0.4860139787197113,1,11,1,1,0.0,3,0,0.0,0.0,0
-NFrJFQijFE/1,27,3.0888,3.2032,0.0,0,12,1,1,0.0,3,0,0.0,0.0,0
-NFrJFQijFE/1,28,3.2032,3.3176,0.0,0,11,1,1,0.0,2,0,0.0,0.0,0
-NFrJFQijFE/1,29,3.3176,3.432,0.0,0,11,1,1,0.1818181872367859,3,0,0.0,0.0,0
-NFrJFQijFE/1,30,3.432,3.5464,0.0,0,12,1,1,0.0,3,0,0.0,0.0,0
-NFrJFQijFE/1,31,3.5464,3.6608,0.618881106376648,1,11,1,1,0.0,3,0,0.0,0.0,0
-NFrJFQijFE/1,32,3.6608,3.7752,1.0,1,12,1,1,0.0,3,0,0.0,0.0,0
-NFrJFQijFE/1,33,3.7752,3.8896,1.0,1,11,1,1,0.0,3,0,0.0,0.0,0
-NFrJFQijFE/1,34,3.8896,4.0040000000000004,1.0,1,12,1,1,0.0,3,0,0.0,0.0,0
-NFrJFQijFE/1,35,4.0040000000000004,4.1184,1.0,1,11,1,1,0.0,2,0,0.0,0.0,0
-NFrJFQijFE/1,36,4.1184,4.2328,1.0,1,12,1,1,0.0,3,0,0.0,0.0,0
-NFrJFQijFE/1,37,4.2328,4.3472,0.5,1,11,1,1,0.0,3,0,0.0,0.0,0
-NFrJFQijFE/1,38,4.3472,4.4616,0.2762237787246704,1,11,1,1,0.0,3,0,0.0,0.0,0
-NFrJFQijFE/1,39,4.4616,4.5760000000000005,1.0,1,12,1,1,0.0,3,0,0.0,0.0,0
-NFrJFQijFE/1,40,4.5760000000000005,4.6904,1.0,1,11,1,1,0.0,3,0,0.0,0.0,0
-NFrJFQijFE/1,41,4.6904,4.8048,0.8706293702125549,1,12,1,1,0.0,3,0,0.0,0.0,0
-NFrJFQijFE/1,42,4.8048,4.9192,0.0,0,11,1,1,0.0,2,0,0.0,0.0,0
-NFrJFQijFE/1,43,4.9192,5.0336,0.7307692170143127,1,12,1,1,0.0,3,0,0.0,0.0,0
-NFrJFQijFE/1,44,5.0336,5.148,1.0,1,11,1,1,0.0,3,0,0.0,0.0,0
-NFrJFQijFE/1,45,5.148,5.2624,1.0,1,11,1,1,0.0,3,0,0.0,0.0,0
-NFrJFQijFE/1,46,5.2624,5.3768,1.0,1,12,1,1,0.0,3,0,0.0,0.0,0
-NFrJFQijFE/1,47,5.3768,5.4912,1.0,1,11,1,1,0.0,3,0,0.0,0.0,0
-NFrJFQijFE/1,48,5.4912,5.6056,0.8636363744735718,1,12,1,1,0.0,3,0,0.0,0.0,0
-NFrJFQijFE/1,49,5.6056,5.72,0.0,0,4,1,1,0.0,1,0,0.0,0.0,0
-NFrJFQijFE/2,0,0.0,0.1368,0.0,0,13,1,1,0.0,4,0,0.0,0.0,0
-NFrJFQijFE/2,1,0.1368,0.2736,0.0,0,14,1,1,0.0,3,0,0.0,0.0,0
-NFrJFQijFE/2,2,0.2736,0.4104,0.0,0,13,1,1,0.0,4,0,0.0,0.0,0
-NFrJFQijFE/2,3,0.4104,0.5472,0.0,0,14,1,1,0.0,3,0,0.0,0.0,0
-NFrJFQijFE/2,4,0.5472,0.684,0.0,0,14,1,1,0.0,4,0,0.0,0.0,0
-NFrJFQijFE/2,5,0.684,0.8208,0.0,0,13,1,1,0.0,3,0,0.0,0.0,0
-NFrJFQijFE/2,6,0.8208,0.9576,0.0,0,14,1,1,0.0,3,0,0.0,0.0,0
-NFrJFQijFE/2,7,0.9576,1.0944,0.5438596606254578,1,14,1,1,0.0,4,0,0.0,0.0,0
-NFrJFQijFE/2,8,1.0944,1.2312,1.0,1,13,1,1,0.0,3,0,0.0,0.0,0
-NFrJFQijFE/2,9,1.2312,1.368,1.0,1,14,1,1,0.0,4,0,0.0,0.0,0
-NFrJFQijFE/2,10,1.368,1.5048000000000001,1.0,1,14,1,1,0.0,3,0,0.0,0.0,0
-NFrJFQijFE/2,11,1.5048000000000001,1.6416,1.0,1,13,1,1,0.0,4,0,0.0,0.0,0
-NFrJFQijFE/2,12,1.6416,1.7784,1.0,1,14,1,1,0.0,3,0,0.0,0.0,0
-NFrJFQijFE/2,13,1.7784,1.9152,1.0,1,14,1,1,0.0,3,0,0.0,0.0,0
-NFrJFQijFE/2,14,1.9152,2.052,1.0,1,13,1,1,0.0,4,0,0.0,0.0,0
-NFrJFQijFE/2,15,2.052,2.1888,1.0,1,14,1,1,0.0,3,0,0.0,0.0,0
-NFrJFQijFE/2,16,2.1888,2.3256,1.0,1,14,1,1,0.0,4,0,0.0,0.0,0
-NFrJFQijFE/2,17,2.3256,2.4624,1.0,1,13,1,1,0.0,3,0,0.0,0.0,0
-NFrJFQijFE/2,18,2.4624,2.5992,1.0,1,14,1,1,0.0,3,0,0.0,0.0,0
-NFrJFQijFE/2,19,2.5992,2.736,1.0,1,14,1,1,0.0,4,0,0.0,0.0,0
-NFrJFQijFE/2,20,2.736,2.8728000000000002,1.0,1,14,1,1,0.0,3,0,0.0,0.0,0
-NFrJFQijFE/2,21,2.8728000000000002,3.0096000000000003,1.0,1,13,1,1,0.0,4,0,0.0,0.0,0
-NFrJFQijFE/2,22,3.0096000000000003,3.1464000000000003,1.0,1,14,1,1,0.0,3,0,0.0,0.0,0
-NFrJFQijFE/2,23,3.1464000000000003,3.2832,1.0,1,14,1,1,0.0,4,0,0.0,0.0,0
-NFrJFQijFE/2,24,3.2832,3.42,1.0,1,13,1,1,0.0,3,0,0.0,0.0,0
-NFrJFQijFE/2,25,3.42,3.5568,0.780701756477356,1,14,1,1,0.0,3,0,0.0,0.0,0
-NFrJFQijFE/2,26,3.5568,3.6936,1.0,1,14,1,1,0.0,4,0,0.0,0.0,0
-NFrJFQijFE/2,27,3.6936,3.8304,1.0,1,13,1,1,0.1538461595773697,3,0,0.0,0.0,0
-NFrJFQijFE/2,28,3.8304,3.9672,1.0,1,14,1,1,0.0,4,0,0.0,0.0,0
-NFrJFQijFE/2,29,3.9672,4.104,1.0,1,14,1,1,0.0,3,0,0.0,0.0,0
-NFrJFQijFE/2,30,4.104,4.2408,1.0,1,13,1,1,0.6153846383094788,4,0,0.0,0.0,0
-NFrJFQijFE/2,31,4.2408,4.3776,1.0,1,14,1,1,0.0714285746216774,3,0,0.0,0.0,0
-NFrJFQijFE/2,32,4.3776,4.5144,1.0,1,14,1,1,0.0,3,0,0.0,0.0,0
-NFrJFQijFE/2,33,4.5144,4.6512,1.0,1,13,1,1,0.0,4,0,0.0,0.0,0
-NFrJFQijFE/2,34,4.6512,4.788,1.0,1,14,1,1,0.0714285746216774,3,0,0.0,0.0,0
-NFrJFQijFE/2,35,4.788,4.9248,1.0,1,14,1,1,0.0,4,0,0.0,0.0,0
-NFrJFQijFE/2,36,4.9248,5.0616,1.0,1,13,1,1,0.0,3,0,0.0,0.0,0
-NFrJFQijFE/2,37,5.0616,5.1984,1.0,1,14,1,1,0.0,3,0,0.0,0.0,0
-NFrJFQijFE/2,38,5.1984,5.3352,1.0,1,14,1,1,0.0,4,0,0.0,0.0,0
-NFrJFQijFE/2,39,5.3352,5.472,1.0,1,13,1,1,0.0,3,0,0.0,0.0,0
-NFrJFQijFE/2,40,5.472,5.6088000000000005,1.0,1,14,1,1,0.0,4,0,0.0,0.0,0
-NFrJFQijFE/2,41,5.6088000000000005,5.7456000000000005,0.22807016968727112,1,14,1,1,0.0,3,0,0.0,0.0,0
-NFrJFQijFE/2,42,5.7456000000000005,5.8824000000000005,0.0,0,13,1,1,0.0,4,0,0.0,0.0,0
-NFrJFQijFE/2,43,5.8824000000000005,6.0192000000000005,0.0,0,14,1,1,0.0,3,0,0.0,0.0,0
-NFrJFQijFE/2,44,6.0192000000000005,6.156000000000001,0.0,0,14,1,1,0.0,3,0,0.0,0.0,0
-NFrJFQijFE/2,45,6.156000000000001,6.292800000000001,0.9707602262496948,1,14,1,1,0.0714285746216774,4,0,0.0,0.0,0
-NFrJFQijFE/2,46,6.292800000000001,6.429600000000001,1.0,1,13,1,1,0.0,3,0,0.0,0.0,0
-NFrJFQijFE/2,47,6.429600000000001,6.5664,1.0,1,14,1,1,0.0714285746216774,4,0,0.0,0.0,0
-NFrJFQijFE/2,48,6.5664,6.7032,0.9642763137817383,1,12,1,1,0.0,3,0,0.0,0.0,0
-NFrJFQijFE/2,49,6.7032,6.84,0.0,0,0,0,0,0.0,1,0,0.0,0.0,0
-THoVjtIkeU/12,0,0.0,0.29733333333333334,0.0,0,29,1,1,0.0,9,9,1.0,0.9225060343742371,1
-THoVjtIkeU/12,1,0.29733333333333334,0.5946666666666667,0.0,0,30,1,1,0.0,9,9,1.0,0.9212827682495117,1
-THoVjtIkeU/12,2,0.5946666666666667,0.892,0.0,0,29,1,1,0.0,9,9,1.0,0.9184675216674805,1
-THoVjtIkeU/12,3,0.892,1.1893333333333334,0.0,0,30,1,1,0.0,9,9,1.0,0.9191126227378845,1
-THoVjtIkeU/12,4,1.1893333333333334,1.4866666666666668,0.0,0,30,1,1,0.0,9,9,1.0,0.9198464155197144,1
-THoVjtIkeU/12,5,1.4866666666666668,1.784,0.6860986351966858,1,30,1,1,0.03333333507180214,9,9,1.0,0.9217958450317383,1
-THoVjtIkeU/12,6,1.784,2.0813333333333333,1.0,1,29,1,1,0.4482758641242981,9,9,1.0,0.9227864742279053,1
-THoVjtIkeU/12,7,2.0813333333333333,2.3786666666666667,1.0,1,30,1,1,0.0,9,9,1.0,0.9223529100418091,1
-THoVjtIkeU/12,8,2.3786666666666667,2.676,1.0,1,30,1,1,0.0,9,9,1.0,0.9283151626586914,1
-THoVjtIkeU/12,9,2.676,2.9733333333333336,1.0,1,30,1,1,0.23333333432674408,9,9,1.0,0.9289879202842712,1
-THoVjtIkeU/12,10,2.9733333333333336,3.2706666666666666,1.0,1,29,1,1,0.4137931168079376,9,9,1.0,0.9271150231361389,1
-THoVjtIkeU/12,11,3.2706666666666666,3.568,1.0,1,30,1,1,0.0,9,9,1.0,0.9246655702590942,1
-THoVjtIkeU/12,12,3.568,3.8653333333333335,1.0,1,30,1,1,0.0,8,8,1.0,0.9297674298286438,1
-THoVjtIkeU/12,13,3.8653333333333335,4.1626666666666665,0.35201793909072876,1,30,1,1,0.0,9,9,1.0,0.9342026114463806,1
-THoVjtIkeU/12,14,4.1626666666666665,4.46,0.3699551522731781,1,29,1,1,0.06896551698446274,9,9,1.0,0.9270561933517456,1
-THoVjtIkeU/12,15,4.46,4.757333333333333,1.0,1,30,1,1,0.0,9,9,1.0,0.918838620185852,1
-THoVjtIkeU/12,16,4.757333333333333,5.054666666666667,1.0,1,30,1,1,0.2666666805744171,9,9,1.0,0.9174870252609253,1
-THoVjtIkeU/12,17,5.054666666666667,5.352,1.0,1,29,1,1,0.17241379618644714,9,9,1.0,0.9222128391265869,1
-THoVjtIkeU/12,18,5.352,5.649333333333334,1.0,1,30,1,1,0.06666667014360428,9,9,1.0,0.9207837581634521,1
-THoVjtIkeU/12,19,5.649333333333334,5.946666666666667,0.865470826625824,1,30,1,1,0.0,9,9,1.0,0.9274215698242188,1
-THoVjtIkeU/12,20,5.946666666666667,6.244,1.0,1,30,1,1,0.0,9,9,1.0,0.925622820854187,1
-THoVjtIkeU/12,21,6.244,6.541333333333333,1.0,1,29,1,1,0.0,9,9,1.0,0.9251721501350403,1
-THoVjtIkeU/12,22,6.541333333333333,6.838666666666667,1.0,1,30,1,1,0.0,9,9,1.0,0.9271237254142761,1
-THoVjtIkeU/12,23,6.838666666666667,7.136,1.0,1,30,1,1,0.46666666865348816,9,9,1.0,0.9256423115730286,1
-THoVjtIkeU/12,24,7.136,7.433333333333334,0.21524663269519806,1,30,1,1,0.0,8,8,1.0,0.9197068214416504,1
-THoVjtIkeU/12,25,7.433333333333334,7.730666666666667,0.6412556171417236,1,29,1,1,0.37931033968925476,9,9,1.0,0.9235990047454834,1
-THoVjtIkeU/12,26,7.730666666666667,8.028,1.0,1,30,1,1,0.46666666865348816,9,9,1.0,0.9211432933807373,1
-THoVjtIkeU/12,27,8.028,8.325333333333333,0.6121076345443726,1,30,1,1,0.03333333507180214,9,9,1.0,0.9218104481697083,1
-THoVjtIkeU/12,28,8.325333333333333,8.622666666666667,0.4461883306503296,1,30,1,1,0.0,9,9,1.0,0.9226126074790955,1
-THoVjtIkeU/12,29,8.622666666666667,8.92,1.0,1,29,1,1,0.0,9,9,1.0,0.9234785437583923,1
-THoVjtIkeU/12,30,8.92,9.217333333333334,1.0,1,30,1,1,0.0,9,9,1.0,0.9180546998977661,1
-THoVjtIkeU/12,31,9.217333333333334,9.514666666666667,0.49551570415496826,1,30,1,1,0.0,9,9,1.0,0.9225828647613525,1
-THoVjtIkeU/12,32,9.514666666666667,9.812,1.0,1,29,1,1,0.1034482792019844,9,9,1.0,0.920744776725769,1
-THoVjtIkeU/12,33,9.812,10.109333333333334,1.0,1,30,1,1,0.03333333507180214,9,9,1.0,0.9230780005455017,1
-THoVjtIkeU/12,34,10.109333333333334,10.406666666666666,1.0,1,30,1,1,0.1666666716337204,9,9,1.0,0.9195141196250916,1
-THoVjtIkeU/12,35,10.406666666666666,10.704,1.0,1,30,1,1,0.0,9,9,1.0,0.9189537763595581,1
-THoVjtIkeU/12,36,10.704,11.001333333333333,1.0,1,29,1,1,0.0,9,9,1.0,0.9205870032310486,1
-THoVjtIkeU/12,37,11.001333333333333,11.298666666666668,1.0,1,30,1,1,0.10000000149011612,8,8,1.0,0.9247258305549622,1
-THoVjtIkeU/12,38,11.298666666666668,11.596,1.0,1,30,1,1,0.13333334028720856,9,9,1.0,0.9245896935462952,1
-THoVjtIkeU/12,39,11.596,11.893333333333334,1.0,1,30,1,1,0.3333333432674408,9,9,1.0,0.9177428483963013,1
-THoVjtIkeU/12,40,11.893333333333334,12.190666666666667,1.0,1,29,1,1,0.06896551698446274,9,9,1.0,0.9223282933235168,1
-THoVjtIkeU/12,41,12.190666666666667,12.488,0.939461886882782,1,30,1,1,0.10000000149011612,9,9,1.0,0.9245233535766602,1
-THoVjtIkeU/12,42,12.488,12.785333333333334,0.0,0,30,1,1,0.0,9,9,1.0,0.928486704826355,1
-THoVjtIkeU/12,43,12.785333333333334,13.082666666666666,0.0,0,30,1,1,0.0,9,9,1.0,0.9291655421257019,1
-THoVjtIkeU/12,44,13.082666666666666,13.38,0.9753363132476807,1,29,1,1,0.13793103396892548,9,9,1.0,0.9225819706916809,1
-THoVjtIkeU/12,45,13.38,13.677333333333333,1.0,1,30,1,1,0.0,9,9,1.0,0.929327666759491,1
-THoVjtIkeU/12,46,13.677333333333333,13.974666666666668,1.0,1,30,1,1,0.0,9,9,1.0,0.9342760443687439,1
-THoVjtIkeU/12,47,13.974666666666668,14.272,1.0,1,29,1,1,0.0,9,9,1.0,0.932361364364624,1
-THoVjtIkeU/12,48,14.272,14.569333333333333,0.026905829086899757,1,30,1,1,0.0,9,9,1.0,0.9228684902191162,1
-THoVjtIkeU/12,49,14.569333333333333,14.866666666666667,0.0,0,23,1,1,0.0,7,7,1.0,0.9162734150886536,1
-THoVjtIkeU/2,0,0.0,0.08533333333333333,0.6484375,1,8,1,1,0.0,3,3,1.0,0.9313449859619141,1
-THoVjtIkeU/2,1,0.08533333333333333,0.17066666666666666,1.0,1,8,1,1,0.0,3,3,1.0,0.9329106211662292,1
-THoVjtIkeU/2,2,0.17066666666666666,0.256,1.0,1,9,1,1,0.3333333432674408,2,2,1.0,0.9335516691207886,1
-THoVjtIkeU/2,3,0.256,0.3413333333333333,1.0,1,8,1,1,0.75,3,3,1.0,0.9338194727897644,1
-THoVjtIkeU/2,4,0.3413333333333333,0.42666666666666664,1.0,1,9,1,1,0.2222222238779068,2,2,1.0,0.9310411214828491,1
-THoVjtIkeU/2,5,0.42666666666666664,0.512,0.859375,1,8,1,1,0.0,3,3,1.0,0.931084930896759,1
-THoVjtIkeU/2,6,0.512,0.5973333333333333,0.0,0,9,1,1,0.0,2,2,1.0,0.9321277141571045,1
-THoVjtIkeU/2,7,0.5973333333333333,0.6826666666666666,0.0,0,9,1,1,0.0,3,3,1.0,0.933183491230011,1
-THoVjtIkeU/2,8,0.6826666666666666,0.768,0.0,0,8,1,1,0.0,3,3,1.0,0.9329443573951721,1
-THoVjtIkeU/2,9,0.768,0.8533333333333333,0.0,0,9,1,1,0.0,2,2,1.0,0.9329926371574402,1
-THoVjtIkeU/2,10,0.8533333333333333,0.9386666666666666,0.0,0,8,1,1,0.0,3,3,1.0,0.9341009259223938,1
-THoVjtIkeU/2,11,0.9386666666666666,1.024,0.0,0,9,1,1,0.0,2,2,1.0,0.933323860168457,1
-THoVjtIkeU/2,12,1.024,1.1093333333333333,0.0,0,8,1,1,0.0,3,3,1.0,0.9314386248588562,1
-THoVjtIkeU/2,13,1.1093333333333333,1.1946666666666665,0.875,1,9,1,1,0.0,2,2,1.0,0.9276309013366699,1
-THoVjtIkeU/2,14,1.1946666666666665,1.28,1.0,1,8,1,1,0.125,3,3,1.0,0.9266164302825928,1
-THoVjtIkeU/2,15,1.28,1.3653333333333333,1.0,1,9,1,1,0.2222222238779068,2,2,1.0,0.9271283745765686,1
-THoVjtIkeU/2,16,1.3653333333333333,1.4506666666666665,1.0,1,8,1,1,0.25,3,3,1.0,0.9267364144325256,1
-THoVjtIkeU/2,17,1.4506666666666665,1.536,1.0,1,9,1,1,0.0,3,3,1.0,0.9295853972434998,1
-THoVjtIkeU/2,18,1.536,1.6213333333333333,1.0,1,8,1,1,0.375,2,2,1.0,0.9291875958442688,1
-THoVjtIkeU/2,19,1.6213333333333333,1.7066666666666666,1.0,1,9,1,1,0.0,3,3,1.0,0.9329898357391357,1
-THoVjtIkeU/2,20,1.7066666666666666,1.792,1.0,1,8,1,1,0.0,2,2,1.0,0.9326908588409424,1
-THoVjtIkeU/2,21,1.792,1.8773333333333333,1.0,1,9,1,1,0.0,3,3,1.0,0.9276997447013855,1
-THoVjtIkeU/2,22,1.8773333333333333,1.9626666666666666,1.0,1,9,1,1,0.0,2,2,1.0,0.9241697788238525,1
-THoVjtIkeU/2,23,1.9626666666666666,2.048,1.0,1,8,1,1,0.0,3,3,1.0,0.9334288239479065,1
-THoVjtIkeU/2,24,2.048,2.1333333333333333,1.0,1,9,1,1,0.0,2,2,1.0,0.9348334074020386,1
-THoVjtIkeU/2,25,2.1333333333333333,2.2186666666666666,1.0,1,8,1,1,0.5,3,3,1.0,0.9341031908988953,1
-THoVjtIkeU/2,26,2.2186666666666666,2.304,1.0,1,9,1,1,0.5555555820465088,3,3,1.0,0.929168164730072,1
-THoVjtIkeU/2,27,2.304,2.389333333333333,1.0,1,8,1,1,0.0,2,2,1.0,0.9265062808990479,1
-THoVjtIkeU/2,28,2.389333333333333,2.474666666666667,1.0,1,9,1,1,0.0,3,3,1.0,0.9285100102424622,1
-THoVjtIkeU/2,29,2.474666666666667,2.56,1.0,1,8,1,1,0.0,2,2,1.0,0.9267081022262573,1
-THoVjtIkeU/2,30,2.56,2.6453333333333333,1.0,1,9,1,1,0.0,3,3,1.0,0.923745334148407,1
-THoVjtIkeU/2,31,2.6453333333333333,2.7306666666666666,1.0,1,8,1,1,0.0,2,2,1.0,0.9265549182891846,1
-THoVjtIkeU/2,32,2.7306666666666666,2.816,1.0,1,9,1,1,0.0,3,3,1.0,0.9244095683097839,1
-THoVjtIkeU/2,33,2.816,2.901333333333333,1.0,1,8,1,1,0.0,3,3,1.0,0.9235038757324219,1
-THoVjtIkeU/2,34,2.901333333333333,2.9866666666666664,1.0,1,9,1,1,0.0,2,2,1.0,0.928886353969574,1
-THoVjtIkeU/2,35,2.9866666666666664,3.072,1.0,1,8,1,1,0.0,3,3,1.0,0.9318410754203796,1
-THoVjtIkeU/2,36,3.072,3.1573333333333333,1.0,1,9,1,1,0.0,2,2,1.0,0.9290226697921753,1
-THoVjtIkeU/2,37,3.1573333333333333,3.2426666666666666,1.0,1,9,1,1,0.0,3,3,1.0,0.9294174313545227,1
-THoVjtIkeU/2,38,3.2426666666666666,3.328,1.0,1,8,1,1,0.0,2,2,1.0,0.9288840889930725,1
-THoVjtIkeU/2,39,3.328,3.413333333333333,1.0,1,9,1,1,0.0,3,3,1.0,0.92671138048172,1
-THoVjtIkeU/2,40,3.413333333333333,3.4986666666666664,1.0,1,8,1,1,0.0,2,2,1.0,0.9244943857192993,1
-THoVjtIkeU/2,41,3.4986666666666664,3.584,1.0,1,9,1,1,0.0,3,3,1.0,0.9230230450630188,1
-THoVjtIkeU/2,42,3.584,3.6693333333333333,1.0,1,8,1,1,0.0,3,3,1.0,0.9256407618522644,1
-THoVjtIkeU/2,43,3.6693333333333333,3.7546666666666666,0.59375,1,9,1,1,0.0,2,2,1.0,0.9332809448242188,1
-THoVjtIkeU/2,44,3.7546666666666666,3.84,0.0,0,8,1,1,0.0,3,3,1.0,0.9308676719665527,1
-THoVjtIkeU/2,45,3.84,3.925333333333333,0.0,0,9,1,1,0.0,2,2,1.0,0.9243799448013306,1
-THoVjtIkeU/2,46,3.925333333333333,4.010666666666666,0.0,0,8,1,1,0.0,3,3,1.0,0.9207673072814941,1
-THoVjtIkeU/2,47,4.010666666666666,4.096,0.0,0,9,1,1,0.0,2,2,1.0,0.9207608699798584,1
-THoVjtIkeU/2,48,4.096,4.181333333333333,0.0,0,8,1,1,0.0,3,3,1.0,0.9224234223365784,1
-THoVjtIkeU/2,49,4.181333333333333,4.266666666666667,0.0,0,4,1,1,0.0,2,2,1.0,0.9239329695701599,1
-THoVjtIkeU/6,0,0.0,0.16133333333333333,0.0,0,15,1,1,0.0,5,4,0.800000011920929,0.8774592876434326,1
-THoVjtIkeU/6,1,0.16133333333333333,0.32266666666666666,0.0,0,17,1,1,0.0,5,5,1.0,0.9126437306404114,1
-THoVjtIkeU/6,2,0.32266666666666666,0.484,0.024793388321995735,1,16,1,1,0.0,5,5,1.0,0.9254578351974487,1
-THoVjtIkeU/6,3,0.484,0.6453333333333333,1.0,1,16,1,1,0.0,5,5,1.0,0.9218597412109375,1
-THoVjtIkeU/6,4,0.6453333333333333,0.8066666666666666,1.0,1,16,1,1,0.0,5,5,1.0,0.9209520220756531,1
-THoVjtIkeU/6,5,0.8066666666666666,0.968,1.0,1,16,1,1,0.0,5,5,1.0,0.9248470067977905,1
-THoVjtIkeU/6,6,0.968,1.1293333333333333,1.0,1,16,1,1,0.125,4,4,1.0,0.9233251214027405,1
-THoVjtIkeU/6,7,1.1293333333333333,1.2906666666666666,1.0,1,16,1,1,0.0,5,5,1.0,0.9246859550476074,1
-THoVjtIkeU/6,8,1.2906666666666666,1.452,1.0,1,16,1,1,0.0,5,5,1.0,0.9234678149223328,1
-THoVjtIkeU/6,9,1.452,1.6133333333333333,1.0,1,17,1,1,0.11764705926179886,5,5,1.0,0.9253523945808411,1
-THoVjtIkeU/6,10,1.6133333333333333,1.7746666666666666,1.0,1,16,1,1,0.125,5,5,1.0,0.9293093681335449,1
-THoVjtIkeU/6,11,1.7746666666666666,1.936,1.0,1,16,1,1,0.25,5,5,1.0,0.9249793291091919,1
-THoVjtIkeU/6,12,1.936,2.0973333333333333,1.0,1,16,1,1,0.0,4,4,1.0,0.918412983417511,1
-THoVjtIkeU/6,13,2.0973333333333333,2.2586666666666666,1.0,1,16,1,1,0.0,5,5,1.0,0.9212409257888794,1
-THoVjtIkeU/6,14,2.2586666666666666,2.42,1.0,1,16,1,1,0.0,5,5,1.0,0.9218592643737793,1
-THoVjtIkeU/6,15,2.42,2.5813333333333333,1.0,1,16,1,1,0.0,5,5,1.0,0.9259169697761536,1
-THoVjtIkeU/6,16,2.5813333333333333,2.7426666666666666,1.0,1,17,1,1,0.0,5,5,1.0,0.9283528327941895,1
-THoVjtIkeU/6,17,2.7426666666666666,2.904,1.0,1,16,1,1,0.0625,5,5,1.0,0.9247127771377563,1
-THoVjtIkeU/6,18,2.904,3.0653333333333332,1.0,1,16,1,1,0.1875,4,4,1.0,0.9243709444999695,1
-THoVjtIkeU/6,19,3.0653333333333332,3.2266666666666666,1.0,1,16,1,1,0.3125,5,5,1.0,0.9219807386398315,1
-THoVjtIkeU/6,20,3.2266666666666666,3.388,1.0,1,16,1,1,0.0,5,5,1.0,0.9202262759208679,1
-THoVjtIkeU/6,21,3.388,3.5493333333333332,1.0,1,16,1,1,0.0625,5,5,1.0,0.9191199541091919,1
-THoVjtIkeU/6,22,3.5493333333333332,3.7106666666666666,1.0,1,16,1,1,0.0,5,5,1.0,0.9220112562179565,1
-THoVjtIkeU/6,23,3.7106666666666666,3.872,1.0,1,16,1,1,0.0,5,5,1.0,0.9302646517753601,1
-THoVjtIkeU/6,24,3.872,4.033333333333333,1.0,1,17,1,1,0.0,4,4,1.0,0.9289747476577759,1
-THoVjtIkeU/6,25,4.033333333333333,4.1946666666666665,1.0,1,16,1,1,0.0,5,5,1.0,0.9259501695632935,1
-THoVjtIkeU/6,26,4.1946666666666665,4.356,1.0,1,16,1,1,0.0625,5,5,1.0,0.923328697681427,1
-THoVjtIkeU/6,27,4.356,4.517333333333333,0.8305785059928894,1,16,1,1,0.125,5,5,1.0,0.9275649785995483,1
-THoVjtIkeU/6,28,4.517333333333333,4.6786666666666665,0.0,0,16,1,1,0.0,5,5,1.0,0.9302700757980347,1
-THoVjtIkeU/6,29,4.6786666666666665,4.84,0.06198346987366676,1,16,1,1,0.0,5,5,1.0,0.916739821434021,1
-THoVjtIkeU/6,30,4.84,5.001333333333333,1.0,1,16,1,1,0.375,5,5,1.0,0.9202144742012024,1
-THoVjtIkeU/6,31,5.001333333333333,5.1626666666666665,1.0,1,17,1,1,0.05882352963089943,4,4,1.0,0.9225137233734131,1
-THoVjtIkeU/6,32,5.1626666666666665,5.324,1.0,1,16,1,1,0.0,5,5,1.0,0.9301291704177856,1
-THoVjtIkeU/6,33,5.324,5.485333333333333,1.0,1,16,1,1,0.125,5,5,1.0,0.9211616516113281,1
-THoVjtIkeU/6,34,5.485333333333333,5.6466666666666665,1.0,1,16,1,1,0.0,5,5,1.0,0.913453221321106,1
-THoVjtIkeU/6,35,5.6466666666666665,5.808,1.0,1,16,1,1,0.1875,5,5,1.0,0.9112160801887512,1
-THoVjtIkeU/6,36,5.808,5.969333333333333,1.0,1,16,1,1,0.0,5,5,1.0,0.9128963351249695,1
-THoVjtIkeU/6,37,5.969333333333333,6.1306666666666665,1.0,1,16,1,1,0.0,4,4,1.0,0.9128602743148804,1
-THoVjtIkeU/6,38,6.1306666666666665,6.292,1.0,1,16,1,1,0.125,5,5,1.0,0.9188949465751648,1
-THoVjtIkeU/6,39,6.292,6.453333333333333,0.8140496015548706,1,17,1,1,0.0,5,5,1.0,0.9281171560287476,1
-THoVjtIkeU/6,40,6.453333333333333,6.6146666666666665,1.0,1,16,1,1,0.0,5,5,1.0,0.9295936822891235,1
-THoVjtIkeU/6,41,6.6146666666666665,6.776,1.0,1,16,1,1,0.0,5,5,1.0,0.9319171905517578,1
-THoVjtIkeU/6,42,6.776,6.937333333333333,1.0,1,16,1,1,0.0,5,5,1.0,0.929577648639679,1
-THoVjtIkeU/6,43,6.937333333333333,7.0986666666666665,1.0,1,16,1,1,0.25,4,4,1.0,0.9268034100532532,1
-THoVjtIkeU/6,44,7.0986666666666665,7.26,1.0,1,16,1,1,0.0,5,5,1.0,0.921818733215332,1
-THoVjtIkeU/6,45,7.26,7.421333333333333,1.0,1,16,1,1,0.0625,5,5,1.0,0.9206361770629883,1
-THoVjtIkeU/6,46,7.421333333333333,7.582666666666666,1.0,1,17,1,1,0.05882352963089943,5,5,1.0,0.9250850677490234,1
-THoVjtIkeU/6,47,7.582666666666666,7.744,0.10743801295757294,1,16,1,1,0.0,5,5,1.0,0.9287019968032837,1
-THoVjtIkeU/6,48,7.744,7.905333333333333,0.0,0,16,1,1,0.0,5,5,1.0,0.9136883020401001,1
-THoVjtIkeU/6,49,7.905333333333333,8.066666666666666,0.0,0,6,1,1,0.0,3,3,1.0,0.9224875569343567,1
-UuX1xuaiiE/1,0,0.0,0.20666666666666667,0.0,0,20,1,1,0.0,7,0,0.0,0.0,0
-UuX1xuaiiE/1,1,0.20666666666666667,0.41333333333333333,0.0,0,21,1,1,0.0,6,0,0.0,0.0,0
-UuX1xuaiiE/1,2,0.41333333333333333,0.62,0.8225806355476379,1,20,1,1,0.0,6,0,0.0,0.0,0
-UuX1xuaiiE/1,3,0.62,0.8266666666666667,1.0,1,21,1,1,0.0,6,0,0.0,0.0,0
-UuX1xuaiiE/1,4,0.8266666666666667,1.0333333333333332,1.0,1,21,1,1,0.095238097012043,6,0,0.0,0.0,0
-UuX1xuaiiE/1,5,1.0333333333333332,1.24,1.0,1,20,1,1,0.0,7,0,0.0,0.0,0
-UuX1xuaiiE/1,6,1.24,1.4466666666666668,1.0,1,21,1,1,0.0,6,0,0.0,0.0,0
-UuX1xuaiiE/1,7,1.4466666666666668,1.6533333333333333,1.0,1,21,1,1,0.0476190485060215,6,0,0.0,0.0,0
-UuX1xuaiiE/1,8,1.6533333333333333,1.8599999999999999,1.0,1,20,1,1,0.0,6,0,0.0,0.0,0
-UuX1xuaiiE/1,9,1.8599999999999999,2.0666666666666664,0.725806474685669,1,21,1,1,0.0,6,0,0.0,0.0,0
-UuX1xuaiiE/1,10,2.0666666666666664,2.2733333333333334,0.0,0,21,1,1,0.0,7,0,0.0,0.0,0
-UuX1xuaiiE/1,11,2.2733333333333334,2.48,0.0,0,20,1,1,0.0,6,0,0.0,0.0,0
-UuX1xuaiiE/1,12,2.48,2.6866666666666665,0.9032257795333862,1,21,1,1,0.0,6,0,0.0,0.0,0
-UuX1xuaiiE/1,13,2.6866666666666665,2.8933333333333335,1.0,1,21,1,1,0.095238097012043,6,0,0.0,0.0,0
-UuX1xuaiiE/1,14,2.8933333333333335,3.1,1.0,1,20,1,1,0.0,6,0,0.0,0.0,0
-UuX1xuaiiE/1,15,3.1,3.3066666666666666,1.0,1,21,1,1,0.0476190485060215,7,0,0.0,0.0,0
-UuX1xuaiiE/1,16,3.3066666666666666,3.513333333333333,1.0,1,21,1,1,0.2380952388048172,6,0,0.0,0.0,0
-UuX1xuaiiE/1,17,3.513333333333333,3.7199999999999998,0.7580645084381104,1,20,1,1,0.0,6,0,0.0,0.0,0
-UuX1xuaiiE/1,18,3.7199999999999998,3.9266666666666667,0.0,0,21,1,1,0.0,6,0,0.0,0.0,0
-UuX1xuaiiE/1,19,3.9266666666666667,4.133333333333333,0.4516128897666931,1,21,1,1,0.0,6,0,0.0,0.0,0
-UuX1xuaiiE/1,20,4.133333333333333,4.34,0.7580645084381104,1,20,1,1,0.15000000596046448,7,0,0.0,0.0,0
-UuX1xuaiiE/1,21,4.34,4.546666666666667,0.12903225421905518,1,21,1,1,0.0,6,0,0.0,0.0,0
-UuX1xuaiiE/1,22,4.546666666666667,4.753333333333333,1.0,1,21,1,1,0.0,6,0,0.0,0.0,0
-UuX1xuaiiE/1,23,4.753333333333333,4.96,1.0,1,20,1,1,0.0,6,0,0.0,0.0,0
-UuX1xuaiiE/1,24,4.96,5.166666666666667,1.0,1,21,1,1,0.0476190485060215,6,0,0.0,0.0,0
-UuX1xuaiiE/1,25,5.166666666666667,5.373333333333333,0.16129031777381897,1,21,1,1,0.0,7,0,0.0,0.0,0
-UuX1xuaiiE/1,26,5.373333333333333,5.58,0.5806451439857483,1,20,1,1,0.05000000074505806,6,0,0.0,0.0,0
-UuX1xuaiiE/1,27,5.58,5.786666666666667,1.0,1,21,1,1,0.095238097012043,6,0,0.0,0.0,0
-UuX1xuaiiE/1,28,5.786666666666667,5.993333333333333,1.0,1,21,1,1,0.5714285969734192,6,0,0.0,0.0,0
-UuX1xuaiiE/1,29,5.993333333333333,6.2,1.0,1,20,1,1,0.0,6,0,0.0,0.0,0
-UuX1xuaiiE/1,30,6.2,6.406666666666666,1.0,1,21,1,1,0.0,7,0,0.0,0.0,0
-UuX1xuaiiE/1,31,6.406666666666666,6.613333333333333,1.0,1,21,1,1,0.0,6,0,0.0,0.0,0
-UuX1xuaiiE/1,32,6.613333333333333,6.82,1.0,1,20,1,1,0.10000000149011612,6,0,0.0,0.0,0
-UuX1xuaiiE/1,33,6.82,7.026666666666666,1.0,1,21,1,1,0.0,6,0,0.0,0.0,0
-UuX1xuaiiE/1,34,7.026666666666666,7.233333333333333,0.8870967626571655,1,21,1,1,0.0,6,0,0.0,0.0,0
-UuX1xuaiiE/1,35,7.233333333333333,7.4399999999999995,0.774193525314331,1,20,1,1,0.05000000074505806,7,0,0.0,0.0,0
-UuX1xuaiiE/1,36,7.4399999999999995,7.6466666666666665,1.0,1,21,1,1,0.0,6,0,0.0,0.0,0
-UuX1xuaiiE/1,37,7.6466666666666665,7.8533333333333335,1.0,1,21,1,1,0.0,6,0,0.0,0.0,0
-UuX1xuaiiE/1,38,7.8533333333333335,8.06,1.0,1,20,1,1,0.0,6,0,0.0,0.0,0
-UuX1xuaiiE/1,39,8.06,8.266666666666666,1.0,1,21,1,1,0.0,6,0,0.0,0.0,0
-UuX1xuaiiE/1,40,8.266666666666666,8.473333333333333,1.0,1,21,1,1,0.0,7,0,0.0,0.0,0
-UuX1xuaiiE/1,41,8.473333333333333,8.68,1.0,1,20,1,1,0.0,6,0,0.0,0.0,0
-UuX1xuaiiE/1,42,8.68,8.886666666666667,1.0,1,21,1,1,0.0,6,0,0.0,0.0,0
-UuX1xuaiiE/1,43,8.886666666666667,9.093333333333334,1.0,1,21,1,1,0.0,6,0,0.0,0.0,0
-UuX1xuaiiE/1,44,9.093333333333334,9.3,1.0,1,20,1,1,0.0,6,0,0.0,0.0,0
-UuX1xuaiiE/1,45,9.3,9.506666666666666,1.0,1,21,1,1,0.0,7,0,0.0,0.0,0
-UuX1xuaiiE/1,46,9.506666666666666,9.713333333333333,1.0,1,21,1,1,0.0,6,0,0.0,0.0,0
-UuX1xuaiiE/1,47,9.713333333333333,9.92,0.22580644488334656,1,20,1,1,0.0,6,3,0.5,0.9185768961906433,1
-UuX1xuaiiE/1,48,9.92,10.126666666666667,0.0,0,21,1,1,0.2380952388048172,6,6,1.0,0.9271779656410217,1
-UuX1xuaiiE/1,49,10.126666666666667,10.333333333333334,0.0,0,13,1,1,0.0,5,5,1.0,0.9290773272514343,1
-UuX1xuaiiE/0,0,0.0,0.074,1.0,1,7,1,1,0.0,3,3,1.0,0.9285532832145691,1
-UuX1xuaiiE/0,1,0.074,0.148,1.0,1,7,1,1,0.0,2,2,1.0,0.9251730442047119,1
-UuX1xuaiiE/0,2,0.148,0.22199999999999998,0.1621621549129486,1,7,1,1,0.0,2,2,1.0,0.9240250587463379,1
-UuX1xuaiiE/0,3,0.22199999999999998,0.296,0.8918918967247009,1,8,1,1,0.0,2,2,1.0,0.9255669116973877,1
-UuX1xuaiiE/0,4,0.296,0.37,1.0,1,7,1,1,0.0,3,3,1.0,0.9289520382881165,1
-UuX1xuaiiE/0,5,0.37,0.44399999999999995,1.0,1,8,1,1,0.0,2,2,1.0,0.9306819438934326,1
-UuX1xuaiiE/0,6,0.44399999999999995,0.518,1.0,1,7,1,1,0.0,2,2,1.0,0.9310529232025146,1
-UuX1xuaiiE/0,7,0.518,0.592,1.0,1,7,1,1,0.1428571492433548,2,2,1.0,0.9317352175712585,1
-UuX1xuaiiE/0,8,0.592,0.6659999999999999,1.0,1,8,1,1,0.0,2,2,1.0,0.9327390193939209,1
-UuX1xuaiiE/0,9,0.6659999999999999,0.74,1.0,1,7,1,1,0.0,3,3,1.0,0.932873010635376,1
-UuX1xuaiiE/0,10,0.74,0.814,1.0,1,8,1,1,0.0,2,2,1.0,0.932644248008728,1
-UuX1xuaiiE/0,11,0.814,0.8879999999999999,1.0,1,7,1,1,0.0,2,2,1.0,0.9319812655448914,1
-UuX1xuaiiE/0,12,0.8879999999999999,0.962,1.0,1,7,1,1,0.0,2,2,1.0,0.93254554271698,1
-UuX1xuaiiE/0,13,0.962,1.036,1.0,1,8,1,1,0.0,3,3,1.0,0.9322995543479919,1
-UuX1xuaiiE/0,14,1.036,1.1099999999999999,1.0,1,7,1,1,0.0,2,2,1.0,0.9319919943809509,1
-UuX1xuaiiE/0,15,1.1099999999999999,1.184,1.0,1,8,1,1,0.0,2,2,1.0,0.9330142736434937,1
-UuX1xuaiiE/0,16,1.184,1.258,1.0,1,7,1,1,0.0,2,2,1.0,0.9334690570831299,1
-UuX1xuaiiE/0,17,1.258,1.3319999999999999,1.0,1,7,1,1,0.1428571492433548,2,2,1.0,0.9339675903320312,1
-UuX1xuaiiE/0,18,1.3319999999999999,1.406,1.0,1,8,1,1,0.0,3,3,1.0,0.9346548914909363,1
-UuX1xuaiiE/0,19,1.406,1.48,1.0,1,7,1,1,0.0,2,2,1.0,0.9343789219856262,1
-UuX1xuaiiE/0,20,1.48,1.5539999999999998,1.0,1,8,1,1,0.0,2,2,1.0,0.9332820177078247,1
-UuX1xuaiiE/0,21,1.5539999999999998,1.628,1.0,1,7,1,1,0.0,2,2,1.0,0.9280189275741577,1
-UuX1xuaiiE/0,22,1.628,1.702,1.0,1,7,1,1,0.0,3,3,1.0,0.9075512290000916,1
-UuX1xuaiiE/0,23,1.702,1.7759999999999998,1.0,1,8,1,1,0.0,2,1,0.5,0.8545606732368469,1
-UuX1xuaiiE/0,24,1.7759999999999998,1.8499999999999999,1.0,1,7,1,1,0.0,2,0,0.0,0.0,0
-UuX1xuaiiE/0,25,1.8499999999999999,1.924,1.0,1,8,1,1,0.0,2,0,0.0,0.0,0
-UuX1xuaiiE/0,26,1.924,1.998,1.0,1,7,1,1,0.0,2,0,0.0,0.0,0
-UuX1xuaiiE/0,27,1.998,2.072,1.0,1,7,1,1,0.0,3,0,0.0,0.0,0
-UuX1xuaiiE/0,28,2.072,2.146,1.0,1,8,1,1,0.0,2,0,0.0,0.0,0
-UuX1xuaiiE/0,29,2.146,2.2199999999999998,1.0,1,7,1,1,0.0,2,0,0.0,0.0,0
-UuX1xuaiiE/0,30,2.2199999999999998,2.294,1.0,1,8,1,1,0.0,2,0,0.0,0.0,0
-UuX1xuaiiE/0,31,2.294,2.368,1.0,1,7,1,1,0.0,3,0,0.0,0.0,0
-UuX1xuaiiE/0,32,2.368,2.4419999999999997,1.0,1,7,1,1,0.0,2,0,0.0,0.0,0
-UuX1xuaiiE/0,33,2.4419999999999997,2.516,1.0,1,8,1,1,0.0,2,0,0.0,0.0,0
-UuX1xuaiiE/0,34,2.516,2.59,1.0,1,7,1,1,0.0,2,0,0.0,0.0,0
-UuX1xuaiiE/0,35,2.59,2.6639999999999997,1.0,1,8,1,1,0.0,2,0,0.0,0.0,0
-UuX1xuaiiE/0,36,2.6639999999999997,2.738,1.0,1,7,1,1,0.0,3,0,0.0,0.0,0
-UuX1xuaiiE/0,37,2.738,2.812,1.0,1,7,1,1,0.0,2,0,0.0,0.0,0
-UuX1xuaiiE/0,38,2.812,2.8859999999999997,1.0,1,8,1,1,0.0,2,0,0.0,0.0,0
-UuX1xuaiiE/0,39,2.8859999999999997,2.96,1.0,1,7,1,1,0.0,2,0,0.0,0.0,0
-UuX1xuaiiE/0,40,2.96,3.034,1.0,1,8,1,1,0.0,3,0,0.0,0.0,0
-UuX1xuaiiE/0,41,3.034,3.1079999999999997,0.7567567825317383,1,7,1,1,0.0,2,0,0.0,0.0,0
-UuX1xuaiiE/0,42,3.1079999999999997,3.182,0.0,0,7,1,1,0.0,2,0,0.0,0.0,0
-UuX1xuaiiE/0,43,3.182,3.256,0.0,0,8,1,1,0.0,2,0,0.0,0.0,0
-UuX1xuaiiE/0,44,3.256,3.3299999999999996,0.0,0,7,1,1,0.0,2,0,0.0,0.0,0
-UuX1xuaiiE/0,45,3.3299999999999996,3.404,0.0,0,8,1,1,0.0,3,0,0.0,0.0,0
-UuX1xuaiiE/0,46,3.404,3.4779999999999998,0.0,0,7,1,1,0.0,2,0,0.0,0.0,0
-UuX1xuaiiE/0,47,3.4779999999999998,3.5519999999999996,0.0,0,7,1,1,0.0,2,0,0.0,0.0,0
-UuX1xuaiiE/0,48,3.5519999999999996,3.626,0.0,0,2,1,1,0.0,1,0,0.0,0.0,0
-UuX1xuaiiE/0,49,3.626,3.6999999999999997,0.0,0,0,0,0,0.0,1,0,0.0,0.0,0
-UuX1xuaiiE/3,0,0.0,0.08199999999999999,0.0,0,7,1,1,0.0,3,3,1.0,0.9346749186515808,1
-UuX1xuaiiE/3,1,0.08199999999999999,0.16399999999999998,0.04878048598766327,1,9,1,1,0.0,2,2,1.0,0.9333250522613525,1
-UuX1xuaiiE/3,2,0.16399999999999998,0.24599999999999997,1.0,1,8,1,1,0.0,3,3,1.0,0.9336052536964417,1
-UuX1xuaiiE/3,3,0.24599999999999997,0.32799999999999996,1.0,1,8,1,1,0.0,2,2,1.0,0.9340327382087708,1
-UuX1xuaiiE/3,4,0.32799999999999996,0.4099999999999999,1.0,1,8,1,1,0.0,3,3,1.0,0.9338203072547913,1
-UuX1xuaiiE/3,5,0.4099999999999999,0.49199999999999994,1.0,1,8,1,1,0.0,2,2,1.0,0.9383289217948914,1
-UuX1xuaiiE/3,6,0.49199999999999994,0.574,1.0,1,9,1,1,0.0,3,3,1.0,0.9391183257102966,1
-UuX1xuaiiE/3,7,0.574,0.6559999999999999,1.0,1,8,1,1,0.125,2,2,1.0,0.9372916221618652,1
-UuX1xuaiiE/3,8,0.6559999999999999,0.7379999999999999,0.6341463327407837,1,8,1,1,0.0,3,3,1.0,0.9366049766540527,1
-UuX1xuaiiE/3,9,0.7379999999999999,0.8199999999999998,1.0,1,8,1,1,0.0,2,2,1.0,0.934588611125946,1
-UuX1xuaiiE/3,10,0.8199999999999998,0.9019999999999999,1.0,1,8,1,1,0.25,3,3,1.0,0.9355217814445496,1
-UuX1xuaiiE/3,11,0.9019999999999999,0.9839999999999999,1.0,1,9,1,1,0.4444444477558136,2,2,1.0,0.938974916934967,1
-UuX1xuaiiE/3,12,0.9839999999999999,1.0659999999999998,1.0,1,8,1,1,0.375,2,2,1.0,0.9395501613616943,1
-UuX1xuaiiE/3,13,1.0659999999999998,1.148,1.0,1,8,1,1,0.0,3,3,1.0,0.9408511519432068,1
-UuX1xuaiiE/3,14,1.148,1.2299999999999998,1.0,1,8,1,1,0.0,2,2,1.0,0.9379266500473022,1
-UuX1xuaiiE/3,15,1.2299999999999998,1.3119999999999998,1.0,1,8,1,1,0.0,3,3,1.0,0.9366900324821472,1
-UuX1xuaiiE/3,16,1.3119999999999998,1.394,1.0,1,9,1,1,0.0,2,2,1.0,0.9352685213088989,1
-UuX1xuaiiE/3,17,1.394,1.4759999999999998,1.0,1,8,1,1,0.0,3,3,1.0,0.9366496205329895,1
-UuX1xuaiiE/3,18,1.4759999999999998,1.5579999999999998,1.0,1,8,1,1,0.0,2,2,1.0,0.9367921352386475,1
-UuX1xuaiiE/3,19,1.5579999999999998,1.6399999999999997,1.0,1,8,1,1,0.25,3,3,1.0,0.9380804896354675,1
-UuX1xuaiiE/3,20,1.6399999999999997,1.7219999999999998,1.0,1,8,1,1,0.0,2,2,1.0,0.941425085067749,1
-UuX1xuaiiE/3,21,1.7219999999999998,1.8039999999999998,1.0,1,9,1,1,0.0,3,3,1.0,0.9397338032722473,1
-UuX1xuaiiE/3,22,1.8039999999999998,1.8859999999999997,1.0,1,8,1,1,0.0,2,2,1.0,0.938705563545227,1
-UuX1xuaiiE/3,23,1.8859999999999997,1.9679999999999997,1.0,1,8,1,1,0.0,3,3,1.0,0.9390591979026794,1
-UuX1xuaiiE/3,24,1.9679999999999997,2.05,1.0,1,8,1,1,0.0,2,2,1.0,0.9395003318786621,1
-UuX1xuaiiE/3,25,2.05,2.1319999999999997,0.8536585569381714,1,8,1,1,0.0,2,2,1.0,0.9383788108825684,1
-UuX1xuaiiE/3,26,2.1319999999999997,2.2139999999999995,0.0,0,9,1,1,0.0,3,3,1.0,0.9380363821983337,1
-UuX1xuaiiE/3,27,2.2139999999999995,2.296,0.0,0,8,1,1,0.0,2,2,1.0,0.9385573863983154,1
-UuX1xuaiiE/3,28,2.296,2.3779999999999997,0.0,0,8,1,1,0.0,3,3,1.0,0.9382067322731018,1
-UuX1xuaiiE/3,29,2.3779999999999997,2.4599999999999995,0.0,0,8,1,1,0.0,2,2,1.0,0.9384793043136597,1
-UuX1xuaiiE/3,30,2.4599999999999995,2.542,0.0,0,8,1,1,0.0,3,3,1.0,0.937308132648468,1
-UuX1xuaiiE/3,31,2.542,2.6239999999999997,0.6585366129875183,1,9,1,1,0.0,2,2,1.0,0.9360378980636597,1
-UuX1xuaiiE/3,32,2.6239999999999997,2.7059999999999995,1.0,1,8,1,1,0.125,3,3,1.0,0.9360391497612,1
-UuX1xuaiiE/3,33,2.7059999999999995,2.788,1.0,1,8,1,1,0.0,2,2,1.0,0.9345260858535767,1
-UuX1xuaiiE/3,34,2.788,2.8699999999999997,1.0,1,8,1,1,0.0,3,3,1.0,0.9349539875984192,1
-UuX1xuaiiE/3,35,2.8699999999999997,2.9519999999999995,1.0,1,8,1,1,0.0,2,2,1.0,0.9373562335968018,1
-UuX1xuaiiE/3,36,2.9519999999999995,3.034,1.0,1,9,1,1,0.0,3,3,1.0,0.9378647804260254,1
-UuX1xuaiiE/3,37,3.034,3.1159999999999997,1.0,1,8,1,1,0.0,2,2,1.0,0.9390869736671448,1
-UuX1xuaiiE/3,38,3.1159999999999997,3.1979999999999995,1.0,1,8,1,1,0.0,2,2,1.0,0.9375041723251343,1
-UuX1xuaiiE/3,39,3.1979999999999995,3.2799999999999994,1.0,1,8,1,1,0.0,3,3,1.0,0.934196949005127,1
-UuX1xuaiiE/3,40,3.2799999999999994,3.3619999999999997,1.0,1,8,1,1,0.25,2,2,1.0,0.935062050819397,1
-UuX1xuaiiE/3,41,3.3619999999999997,3.4439999999999995,1.0,1,9,1,1,0.3333333432674408,3,3,1.0,0.9386307597160339,1
-UuX1xuaiiE/3,42,3.4439999999999995,3.5259999999999994,1.0,1,8,1,1,0.0,2,2,1.0,0.9407253265380859,1
-UuX1xuaiiE/3,43,3.5259999999999994,3.6079999999999997,1.0,1,8,1,1,0.0,3,3,1.0,0.9401443600654602,1
-UuX1xuaiiE/3,44,3.6079999999999997,3.6899999999999995,0.8780487775802612,1,8,1,1,0.0,2,2,1.0,0.9344028830528259,1
-UuX1xuaiiE/3,45,3.6899999999999995,3.7719999999999994,0.0,0,8,1,1,0.0,3,3,1.0,0.9292054176330566,1
-UuX1xuaiiE/3,46,3.7719999999999994,3.8539999999999996,0.0,0,9,1,1,0.0,2,2,1.0,0.9255809783935547,1
-UuX1xuaiiE/3,47,3.8539999999999996,3.9359999999999995,0.0,0,8,1,1,0.0,3,3,1.0,0.9272322058677673,1
-UuX1xuaiiE/3,48,3.9359999999999995,4.018,0.0,0,8,1,1,0.0,2,2,1.0,0.9265966415405273,1
-UuX1xuaiiE/3,49,4.018,4.1,0.0,0,1,1,1,0.0,2,2,1.0,0.9221076965332031,1
-UuX1xuaiiE/6,0,0.0,0.162,0.0,0,15,1,1,0.0,5,5,1.0,0.9246317744255066,1
-UuX1xuaiiE/6,1,0.162,0.324,0.0,0,17,1,1,0.0,5,5,1.0,0.9263423085212708,1
-UuX1xuaiiE/6,2,0.324,0.486,0.0,0,16,1,1,0.0,5,5,1.0,0.9260241389274597,1
-UuX1xuaiiE/6,3,0.486,0.648,0.6666666865348816,1,16,1,1,0.0,5,5,1.0,0.9278918504714966,1
-UuX1xuaiiE/6,4,0.648,0.81,1.0,1,16,1,1,0.0,5,5,1.0,0.9238831400871277,1
-UuX1xuaiiE/6,5,0.81,0.972,1.0,1,16,1,1,0.0,5,5,1.0,0.9208127856254578,1
-UuX1xuaiiE/6,6,0.972,1.1340000000000001,1.0,1,17,1,1,0.0,5,5,1.0,0.9210065007209778,1
-UuX1xuaiiE/6,7,1.1340000000000001,1.296,1.0,1,16,1,1,0.0,4,4,1.0,0.9236026406288147,1
-UuX1xuaiiE/6,8,1.296,1.458,1.0,1,16,1,1,0.0,5,5,1.0,0.9255054593086243,1
-UuX1xuaiiE/6,9,1.458,1.62,1.0,1,16,1,1,0.0,5,5,1.0,0.925538182258606,1
-UuX1xuaiiE/6,10,1.62,1.782,1.0,1,16,1,1,0.0,5,5,1.0,0.9251116514205933,1
-UuX1xuaiiE/6,11,1.782,1.944,1.0,1,17,1,1,0.0,5,5,1.0,0.923136830329895,1
-UuX1xuaiiE/6,12,1.944,2.106,1.0,1,16,1,1,0.0,5,5,1.0,0.9282624125480652,1
-UuX1xuaiiE/6,13,2.106,2.2680000000000002,1.0,1,16,1,1,0.0,5,5,1.0,0.9291313886642456,1
-UuX1xuaiiE/6,14,2.2680000000000002,2.43,1.0,1,16,1,1,0.0,4,4,1.0,0.9274535179138184,1
-UuX1xuaiiE/6,15,2.43,2.592,1.0,1,16,1,1,0.0,5,5,1.0,0.931994616985321,1
-UuX1xuaiiE/6,16,2.592,2.754,1.0,1,17,1,1,0.0,5,5,1.0,0.9321449995040894,1
-UuX1xuaiiE/6,17,2.754,2.916,1.0,1,16,1,1,0.0,5,5,1.0,0.9330793619155884,1
-UuX1xuaiiE/6,18,2.916,3.0780000000000003,1.0,1,16,1,1,0.0,5,5,1.0,0.9302968978881836,1
-UuX1xuaiiE/6,19,3.0780000000000003,3.24,1.0,1,16,1,1,0.0,5,5,1.0,0.9247239828109741,1
-UuX1xuaiiE/6,20,3.24,3.402,1.0,1,16,1,1,0.0,5,5,1.0,0.9257806539535522,1
-UuX1xuaiiE/6,21,3.402,3.564,1.0,1,17,1,1,0.0,4,4,1.0,0.926969587802887,1
-UuX1xuaiiE/6,22,3.564,3.726,1.0,1,16,1,1,0.0,5,5,1.0,0.9268159866333008,1
-UuX1xuaiiE/6,23,3.726,3.888,1.0,1,16,1,1,0.0,5,5,1.0,0.9281657934188843,1
-UuX1xuaiiE/6,24,3.888,4.05,1.0,1,16,1,1,0.0,5,5,1.0,0.9248366355895996,1
-UuX1xuaiiE/6,25,4.05,4.212,0.37037035822868347,1,16,1,1,0.0,5,5,1.0,0.929585337638855,1
-UuX1xuaiiE/6,26,4.212,4.3740000000000006,0.0,0,17,1,1,0.0,5,5,1.0,0.9315778017044067,1
-UuX1xuaiiE/6,27,4.3740000000000006,4.5360000000000005,0.0,0,16,1,1,0.0,5,5,1.0,0.9309566617012024,1
-UuX1xuaiiE/6,28,4.5360000000000005,4.698,0.0,0,16,1,1,0.0,4,4,1.0,0.9310007095336914,1
-UuX1xuaiiE/6,29,4.698,4.86,0.0,0,16,1,1,0.0,5,5,1.0,0.9320209622383118,1
-UuX1xuaiiE/6,30,4.86,5.022,0.5061728358268738,1,16,1,1,0.0,5,5,1.0,0.9319594502449036,1
-UuX1xuaiiE/6,31,5.022,5.184,1.0,1,17,1,1,0.0,5,5,1.0,0.9240314364433289,1
-UuX1xuaiiE/6,32,5.184,5.346,1.0,1,16,1,1,0.0,5,5,1.0,0.9353488087654114,1
-UuX1xuaiiE/6,33,5.346,5.508,1.0,1,16,1,1,0.0,5,5,1.0,0.9354435205459595,1
-UuX1xuaiiE/6,34,5.508,5.67,1.0,1,16,1,1,0.0,5,5,1.0,0.9301226735115051,1
-UuX1xuaiiE/6,35,5.67,5.832,1.0,1,16,1,1,0.0,4,4,1.0,0.9241151213645935,1
-UuX1xuaiiE/6,36,5.832,5.994,1.0,1,17,1,1,0.0,5,5,1.0,0.924182116985321,1
-UuX1xuaiiE/6,37,5.994,6.156000000000001,1.0,1,16,1,1,0.0,5,5,1.0,0.9230179786682129,1
-UuX1xuaiiE/6,38,6.156000000000001,6.3180000000000005,1.0,1,16,1,1,0.0,5,5,1.0,0.9222690463066101,1
-UuX1xuaiiE/6,39,6.3180000000000005,6.48,1.0,1,16,1,1,0.0,5,5,1.0,0.9239230155944824,1
-UuX1xuaiiE/6,40,6.48,6.642,1.0,1,16,1,1,0.0,5,5,1.0,0.9313532710075378,1
-UuX1xuaiiE/6,41,6.642,6.804,1.0,1,17,1,1,0.0,5,5,1.0,0.9319885969161987,1
-UuX1xuaiiE/6,42,6.804,6.966,1.0,1,16,1,1,0.0,4,4,1.0,0.9352591037750244,1
-UuX1xuaiiE/6,43,6.966,7.128,1.0,1,16,1,1,0.0,5,5,1.0,0.9345585107803345,1
-UuX1xuaiiE/6,44,7.128,7.29,1.0,1,16,1,1,0.0,5,5,1.0,0.9332811236381531,1
-UuX1xuaiiE/6,45,7.29,7.452,0.8641975522041321,1,16,1,1,0.0,5,5,1.0,0.9301806688308716,1
-UuX1xuaiiE/6,46,7.452,7.614,0.0,0,17,1,1,0.0,5,5,1.0,0.9227955937385559,1
-UuX1xuaiiE/6,47,7.614,7.776,0.0,0,16,1,1,0.0,5,5,1.0,0.9223212003707886,1
-UuX1xuaiiE/6,48,7.776,7.938000000000001,0.0,0,15,1,1,0.0,5,5,1.0,0.9311774969100952,1
-UuX1xuaiiE/6,49,7.938000000000001,8.1,0.0,0,0,0,0,0.0,1,1,1.0,0.932260274887085,1
-a55Q6RWvTA/3,0,0.0,0.4426666666666667,0.0,0,44,1,1,0.0,14,14,1.0,0.917223334312439,1
-a55Q6RWvTA/3,1,0.4426666666666667,0.8853333333333334,0.8253012299537659,1,44,1,1,0.0,13,1,0.07692307978868484,0.9158892631530762,0
-a55Q6RWvTA/3,2,0.8853333333333334,1.328,1.0,1,44,1,1,0.0,13,0,0.0,0.0,0
-a55Q6RWvTA/3,3,1.328,1.7706666666666668,1.0,1,44,1,1,0.0,14,8,0.5714285969734192,0.9192194938659668,1
-a55Q6RWvTA/3,4,1.7706666666666668,2.2133333333333334,1.0,1,45,1,1,0.02222222276031971,13,13,1.0,0.9196022748947144,1
-a55Q6RWvTA/3,5,2.2133333333333334,2.656,1.0,1,44,1,1,0.0,13,13,1.0,0.9201695322990417,1
-a55Q6RWvTA/3,6,2.656,3.098666666666667,1.0,1,44,1,1,0.0,13,10,0.7692307829856873,0.91780024766922,1
-a55Q6RWvTA/3,7,3.098666666666667,3.5413333333333337,1.0,1,44,1,1,0.0,14,10,0.7142857313156128,0.9185787439346313,1
-a55Q6RWvTA/3,8,3.5413333333333337,3.9840000000000004,1.0,1,45,1,1,0.0,13,13,1.0,0.9140578508377075,1
-a55Q6RWvTA/3,9,3.9840000000000004,4.426666666666667,1.0,1,44,1,1,0.0,13,13,1.0,0.9133113026618958,1
-a55Q6RWvTA/3,10,4.426666666666667,4.8693333333333335,1.0,1,44,1,1,0.0,14,14,1.0,0.916422426700592,1
-a55Q6RWvTA/3,11,4.8693333333333335,5.312,1.0,1,44,1,1,0.0,13,13,1.0,0.9164230823516846,1
-a55Q6RWvTA/3,12,5.312,5.754666666666667,1.0,1,45,1,1,0.0,13,13,1.0,0.9174145460128784,1
-a55Q6RWvTA/3,13,5.754666666666667,6.197333333333334,1.0,1,44,1,1,0.0,13,13,1.0,0.9181804060935974,1
-a55Q6RWvTA/3,14,6.197333333333334,6.640000000000001,0.5481927990913391,1,44,1,1,0.0,14,14,1.0,0.920071542263031,1
-a55Q6RWvTA/3,15,6.640000000000001,7.082666666666667,0.48042169213294983,1,45,1,1,0.0,13,13,1.0,0.9167307615280151,1
-a55Q6RWvTA/3,16,7.082666666666667,7.525333333333334,1.0,1,44,1,1,0.0,13,13,1.0,0.9181731939315796,1
-a55Q6RWvTA/3,17,7.525333333333334,7.968000000000001,1.0,1,44,1,1,0.0,14,14,1.0,0.9193581938743591,1
-a55Q6RWvTA/3,18,7.968000000000001,8.410666666666668,1.0,1,44,1,1,0.0,13,13,1.0,0.9195878505706787,1
-a55Q6RWvTA/3,19,8.410666666666668,8.853333333333333,1.0,1,45,1,1,0.0,13,13,1.0,0.9187119603157043,1
-a55Q6RWvTA/3,20,8.853333333333333,9.296000000000001,1.0,1,44,1,1,0.0,13,7,0.5384615659713745,0.9170992970466614,1
-a55Q6RWvTA/3,21,9.296000000000001,9.738666666666667,0.9322289228439331,1,44,1,1,0.0,14,8,0.5714285969734192,0.9190571904182434,1
-a55Q6RWvTA/3,22,9.738666666666667,10.181333333333335,1.0,1,44,1,1,0.0,13,11,0.8461538553237915,0.9246668219566345,1
-a55Q6RWvTA/3,23,10.181333333333335,10.624,1.0,1,45,1,1,0.0,13,13,1.0,0.9192504286766052,1
-a55Q6RWvTA/3,24,10.624,11.066666666666668,1.0,1,44,1,1,0.0,14,13,0.9285714030265808,0.9194102883338928,1
-a55Q6RWvTA/3,25,11.066666666666668,11.509333333333334,1.0,1,44,1,1,0.0,13,13,1.0,0.918351411819458,1
-a55Q6RWvTA/3,26,11.509333333333334,11.952000000000002,0.724397599697113,1,44,1,1,0.0,13,13,1.0,0.9175246953964233,1
-a55Q6RWvTA/3,27,11.952000000000002,12.394666666666668,0.05572289228439331,1,45,1,1,0.0,13,12,0.9230769276618958,0.9162530303001404,1
-a55Q6RWvTA/3,28,12.394666666666668,12.837333333333335,1.0,1,44,1,1,0.0,14,6,0.4285714328289032,0.9157024025917053,1
-a55Q6RWvTA/3,29,12.837333333333335,13.280000000000001,1.0,1,44,1,1,0.0,13,8,0.6153846383094788,0.9196882247924805,1
-a55Q6RWvTA/3,30,13.280000000000001,13.722666666666669,0.13554216921329498,1,45,1,1,0.0,13,12,0.9230769276618958,0.9183063507080078,1
-a55Q6RWvTA/3,31,13.722666666666669,14.165333333333335,0.9608433842658997,1,44,1,1,0.0,13,13,1.0,0.9154838919639587,1
-a55Q6RWvTA/3,32,14.165333333333335,14.608,1.0,1,44,1,1,0.0,14,12,0.8571428656578064,0.9157831072807312,1
-a55Q6RWvTA/3,33,14.608,15.050666666666668,1.0,1,44,1,1,0.0,13,13,1.0,0.9193438291549683,1
-a55Q6RWvTA/3,34,15.050666666666668,15.493333333333334,1.0,1,45,1,1,0.0,13,13,1.0,0.921855628490448,1
-a55Q6RWvTA/3,35,15.493333333333334,15.936000000000002,1.0,1,44,1,1,0.0,14,14,1.0,0.919217586517334,1
-a55Q6RWvTA/3,36,15.936000000000002,16.378666666666668,1.0,1,44,1,1,0.0,13,10,0.7692307829856873,0.9170476198196411,1
-a55Q6RWvTA/3,37,16.378666666666668,16.821333333333335,1.0,1,44,1,1,0.0,13,13,1.0,0.9211121201515198,1
-a55Q6RWvTA/3,38,16.821333333333335,17.264000000000003,1.0,1,45,1,1,0.0,13,13,1.0,0.9211071729660034,1
-a55Q6RWvTA/3,39,17.264000000000003,17.706666666666667,1.0,1,44,1,1,0.0,14,14,1.0,0.91910320520401,1
-a55Q6RWvTA/3,40,17.706666666666667,18.149333333333335,1.0,1,44,1,1,0.0,13,13,1.0,0.9192762970924377,1
-a55Q6RWvTA/3,41,18.149333333333335,18.592000000000002,1.0,1,44,1,1,0.0,13,13,1.0,0.9193668365478516,1
-a55Q6RWvTA/3,42,18.592000000000002,19.03466666666667,0.3448772728443146,1,45,1,1,0.0,14,14,1.0,0.9173946976661682,1
-a55Q6RWvTA/3,43,19.03466666666667,19.477333333333334,1.0,1,44,1,1,0.0,13,13,1.0,0.918804407119751,1
-a55Q6RWvTA/3,44,19.477333333333334,19.92,1.0,1,44,1,1,0.0,13,13,1.0,0.9216676950454712,1
-a55Q6RWvTA/3,45,19.92,20.36266666666667,1.0,1,45,1,1,0.0,13,13,1.0,0.9176187515258789,1
-a55Q6RWvTA/3,46,20.36266666666667,20.805333333333337,0.8192771077156067,1,44,1,1,0.0,14,14,1.0,0.920689582824707,1
-a55Q6RWvTA/3,47,20.805333333333337,21.248,1.0,1,44,1,1,0.0,13,13,1.0,0.9221947193145752,1
-a55Q6RWvTA/3,48,21.248,21.69066666666667,0.637050449848175,1,44,1,1,0.0,13,13,1.0,0.919164776802063,1
-a55Q6RWvTA/3,49,21.69066666666667,22.133333333333336,0.0,0,38,1,1,0.0,13,13,1.0,0.9158253073692322,1
-aNfi7CP8vM/7,0,0.0,0.1733333333333333,0.0,0,17,1,1,0.0,6,6,1.0,0.9236708283424377,1
-aNfi7CP8vM/7,1,0.1733333333333333,0.3466666666666666,0.0,0,17,1,1,0.0,5,5,1.0,0.9235935211181641,1
-aNfi7CP8vM/7,2,0.3466666666666666,0.5199999999999999,0.11538461595773697,1,17,1,0,0.0,5,5,1.0,0.9198316335678101,1
-aNfi7CP8vM/7,3,0.5199999999999999,0.6933333333333332,1.0,1,18,1,1,0.0555555559694767,5,5,1.0,0.9178690910339355,1
-aNfi7CP8vM/7,4,0.6933333333333332,0.8666666666666666,1.0,1,17,1,1,0.1764705926179886,5,5,1.0,0.9233981966972351,1
-aNfi7CP8vM/7,5,0.8666666666666666,1.0399999999999998,1.0,1,17,1,1,0.0,6,6,1.0,0.9264124035835266,1
-aNfi7CP8vM/7,6,1.0399999999999998,1.2133333333333332,1.0,1,18,1,1,0.0,5,5,1.0,0.9272457361221313,1
-aNfi7CP8vM/7,7,1.2133333333333332,1.3866666666666665,1.0,1,17,1,1,0.0,5,5,1.0,0.9265575408935547,1
-aNfi7CP8vM/7,8,1.3866666666666665,1.5599999999999998,1.0,1,17,1,1,0.0,5,5,1.0,0.9311457872390747,1
-aNfi7CP8vM/7,9,1.5599999999999998,1.7333333333333332,1.0,1,18,1,1,0.0,5,5,1.0,0.9296046495437622,1
-aNfi7CP8vM/7,10,1.7333333333333332,1.9066666666666665,1.0,1,17,1,1,0.0,6,6,1.0,0.925682544708252,1
-aNfi7CP8vM/7,11,1.9066666666666665,2.0799999999999996,1.0,1,17,1,1,0.0,5,5,1.0,0.9243904948234558,1
-aNfi7CP8vM/7,12,2.0799999999999996,2.253333333333333,1.0,1,18,1,1,0.0555555559694767,5,5,1.0,0.9263359904289246,1
-aNfi7CP8vM/7,13,2.253333333333333,2.4266666666666663,1.0,1,17,1,1,0.23529411852359772,5,5,1.0,0.9254118800163269,1
-aNfi7CP8vM/7,14,2.4266666666666663,2.5999999999999996,1.0,1,17,1,1,0.0,5,5,1.0,0.9287651777267456,1
-aNfi7CP8vM/7,15,2.5999999999999996,2.773333333333333,1.0,1,18,1,1,0.0555555559694767,6,6,1.0,0.9298217296600342,1
-aNfi7CP8vM/7,16,2.773333333333333,2.9466666666666663,1.0,1,17,1,1,0.23529411852359772,5,5,1.0,0.9289838671684265,1
-aNfi7CP8vM/7,17,2.9466666666666663,3.1199999999999997,1.0,1,17,1,1,0.0,5,5,1.0,0.9285534024238586,1
-aNfi7CP8vM/7,18,3.1199999999999997,3.293333333333333,1.0,1,18,1,1,0.0,5,5,1.0,0.9356986880302429,1
-aNfi7CP8vM/7,19,3.293333333333333,3.4666666666666663,1.0,1,17,1,1,0.05882352963089943,5,5,1.0,0.9367386698722839,1
-aNfi7CP8vM/7,20,3.4666666666666663,3.6399999999999997,1.0,1,17,1,1,0.05882352963089943,6,6,1.0,0.9256299138069153,1
-aNfi7CP8vM/7,21,3.6399999999999997,3.813333333333333,1.0,1,18,1,1,0.1666666716337204,5,5,1.0,0.9240585565567017,1
-aNfi7CP8vM/7,22,3.813333333333333,3.9866666666666664,1.0,1,17,1,1,0.47058823704719543,5,5,1.0,0.9242806434631348,1
-aNfi7CP8vM/7,23,3.9866666666666664,4.159999999999999,0.25,1,17,1,1,0.0,5,5,1.0,0.9210591316223145,1
-aNfi7CP8vM/7,24,4.159999999999999,4.333333333333333,0.36538460850715637,1,18,1,1,0.0,5,5,1.0,0.9248558878898621,1
-aNfi7CP8vM/7,25,4.333333333333333,4.506666666666666,1.0,1,17,1,1,0.0,6,6,1.0,0.9225844740867615,1
-aNfi7CP8vM/7,26,4.506666666666666,4.68,1.0,1,17,1,1,0.0,5,5,1.0,0.9286627769470215,1
-aNfi7CP8vM/7,27,4.68,4.853333333333333,1.0,1,18,1,1,0.0555555559694767,5,5,1.0,0.9282560348510742,1
-aNfi7CP8vM/7,28,4.853333333333333,5.026666666666666,1.0,1,17,1,1,0.05882352963089943,5,5,1.0,0.9263136982917786,1
-aNfi7CP8vM/7,29,5.026666666666666,5.199999999999999,1.0,1,17,1,1,0.23529411852359772,5,5,1.0,0.9233347773551941,1
-aNfi7CP8vM/7,30,5.199999999999999,5.373333333333333,1.0,1,18,1,1,0.1666666716337204,6,6,1.0,0.9246662259101868,1
-aNfi7CP8vM/7,31,5.373333333333333,5.546666666666666,1.0,1,17,1,1,0.29411765933036804,5,5,1.0,0.9306168556213379,1
-aNfi7CP8vM/7,32,5.546666666666666,5.719999999999999,1.0,1,17,1,1,0.23529411852359772,5,5,1.0,0.929607093334198,1
-aNfi7CP8vM/7,33,5.719999999999999,5.893333333333333,1.0,1,18,1,1,0.0,5,5,1.0,0.9206314086914062,1
-aNfi7CP8vM/7,34,5.893333333333333,6.0666666666666655,1.0,1,17,1,1,0.0,5,5,1.0,0.9235233068466187,1
-aNfi7CP8vM/7,35,6.0666666666666655,6.239999999999999,1.0,1,17,1,1,0.0,6,6,1.0,0.9226556420326233,1
-aNfi7CP8vM/7,36,6.239999999999999,6.413333333333332,1.0,1,18,1,1,0.0,5,5,1.0,0.9243676066398621,1
-aNfi7CP8vM/7,37,6.413333333333332,6.586666666666666,1.0,1,17,1,1,0.11764705926179886,5,5,1.0,0.929539680480957,1
-aNfi7CP8vM/7,38,6.586666666666666,6.759999999999999,1.0,1,17,1,1,0.0,5,5,1.0,0.9307799339294434,1
-aNfi7CP8vM/7,39,6.759999999999999,6.933333333333333,1.0,1,18,1,1,0.0,5,5,1.0,0.9328815340995789,1
-aNfi7CP8vM/7,40,6.933333333333333,7.106666666666666,1.0,1,17,1,1,0.0,6,6,1.0,0.9260179400444031,1
-aNfi7CP8vM/7,41,7.106666666666666,7.279999999999999,1.0,1,17,1,1,0.0,5,5,1.0,0.9300838708877563,1
-aNfi7CP8vM/7,42,7.279999999999999,7.453333333333332,1.0,1,18,1,1,0.0,5,5,1.0,0.9348780512809753,1
-aNfi7CP8vM/7,43,7.453333333333332,7.626666666666666,1.0,1,17,1,1,0.0,5,5,1.0,0.9344390034675598,1
-aNfi7CP8vM/7,44,7.626666666666666,7.799999999999999,1.0,1,17,1,1,0.0,5,5,1.0,0.9311583638191223,1
-aNfi7CP8vM/7,45,7.799999999999999,7.973333333333333,1.0,1,18,1,1,0.0,6,6,1.0,0.9303903579711914,1
-aNfi7CP8vM/7,46,7.973333333333333,8.146666666666667,0.21153846383094788,1,17,1,1,0.0,5,5,1.0,0.9316843748092651,1
-aNfi7CP8vM/7,47,8.146666666666667,8.319999999999999,0.0,0,17,1,1,0.0,5,5,1.0,0.9279353022575378,1
-aNfi7CP8vM/7,48,8.319999999999999,8.493333333333332,0.0,0,18,1,1,0.0555555559694767,5,5,1.0,0.930791974067688,1
-aNfi7CP8vM/7,49,8.493333333333332,8.666666666666666,0.0,0,3,1,1,0.0,2,2,1.0,0.93361896276474,1
-aqamKhZ1Ec/0,0,0.0,0.22,0.8181818127632141,1,21,1,1,0.0,7,7,1.0,0.9375935196876526,1
-aqamKhZ1Ec/0,1,0.22,0.44,1.0,1,22,1,1,0.0,7,7,1.0,0.9359056353569031,1
-aqamKhZ1Ec/0,2,0.44,0.66,1.0,1,22,1,1,0.22727273404598236,6,6,1.0,0.9340854287147522,1
-aqamKhZ1Ec/0,3,0.66,0.88,1.0,1,22,1,1,0.0,7,7,1.0,0.9332445859909058,1
-aqamKhZ1Ec/0,4,0.88,1.1,0.8636363744735718,1,22,1,1,0.0,6,6,1.0,0.9339002966880798,1
-aqamKhZ1Ec/0,5,1.1,1.32,0.0,0,22,1,1,0.0,7,7,1.0,0.9342407584190369,1
-aqamKhZ1Ec/0,6,1.32,1.54,0.0,0,22,1,1,0.0,7,7,1.0,0.932601273059845,1
-aqamKhZ1Ec/0,7,1.54,1.76,0.0,0,22,1,1,0.0,6,6,1.0,0.9330222606658936,1
-aqamKhZ1Ec/0,8,1.76,1.98,0.0,0,22,1,1,0.0,7,7,1.0,0.9336845278739929,1
-aqamKhZ1Ec/0,9,1.98,2.2,0.0,0,22,1,1,0.0,6,6,1.0,0.9324478507041931,1
-aqamKhZ1Ec/0,10,2.2,2.42,0.0,0,22,1,1,0.0,7,7,1.0,0.936881422996521,1
-aqamKhZ1Ec/0,11,2.42,2.64,0.0,0,22,1,1,0.0,7,7,1.0,0.935965359210968,1
-aqamKhZ1Ec/0,12,2.64,2.86,0.0,0,22,1,1,0.0,6,6,1.0,0.9292570948600769,1
-aqamKhZ1Ec/0,13,2.86,3.08,1.0,1,22,1,1,0.0,7,7,1.0,0.924913763999939,1
-aqamKhZ1Ec/0,14,3.08,3.3,1.0,1,22,1,1,0.0,6,6,1.0,0.9318004250526428,1
-aqamKhZ1Ec/0,15,3.3,3.52,1.0,1,22,1,1,0.0,7,7,1.0,0.9311727285385132,1
-aqamKhZ1Ec/0,16,3.52,3.74,1.0,1,22,1,1,0.0,7,7,1.0,0.9352684020996094,1
-aqamKhZ1Ec/0,17,3.74,3.96,1.0,1,22,1,1,0.0,6,6,1.0,0.9340016841888428,1
-aqamKhZ1Ec/0,18,3.96,4.18,1.0,1,22,1,1,0.0,7,7,1.0,0.9346997141838074,1
-aqamKhZ1Ec/0,19,4.18,4.4,1.0,1,22,1,1,0.0,6,6,1.0,0.932835578918457,1
-aqamKhZ1Ec/0,20,4.4,4.62,1.0,1,22,1,1,0.0,7,7,1.0,0.9350243806838989,1
-aqamKhZ1Ec/0,21,4.62,4.84,0.5454545617103577,1,22,1,1,0.0,7,7,1.0,0.9342230558395386,1
-aqamKhZ1Ec/0,22,4.84,5.06,1.0,1,22,1,1,0.0,6,6,1.0,0.9320617318153381,1
-aqamKhZ1Ec/0,23,5.06,5.28,0.8636363744735718,1,22,1,1,0.0,7,7,1.0,0.9296439290046692,1
-aqamKhZ1Ec/0,24,5.28,5.5,0.0,0,22,1,1,0.0,6,6,1.0,0.9296875,1
-aqamKhZ1Ec/0,25,5.5,5.72,0.0,0,22,1,1,0.0,7,7,1.0,0.9324193596839905,1
-aqamKhZ1Ec/0,26,5.72,5.94,0.0,0,22,1,1,0.0,7,7,1.0,0.9369732737541199,1
-aqamKhZ1Ec/0,27,5.94,6.16,0.7272727489471436,1,22,1,1,0.0,6,6,1.0,0.9368931651115417,1
-aqamKhZ1Ec/0,28,6.16,6.38,0.8181818127632141,1,22,1,1,0.0,7,7,1.0,0.9359255433082581,1
-aqamKhZ1Ec/0,29,6.38,6.6,0.0,0,22,1,1,0.0,6,6,1.0,0.9371249079704285,1
-aqamKhZ1Ec/0,30,6.6,6.82,0.0,0,22,1,1,0.0,7,7,1.0,0.9361565709114075,1
-aqamKhZ1Ec/0,31,6.82,7.04,0.0,0,22,1,1,0.0,7,7,1.0,0.934054970741272,1
-aqamKhZ1Ec/0,32,7.04,7.26,0.0,0,22,1,1,0.0,6,6,1.0,0.9312132000923157,1
-aqamKhZ1Ec/0,33,7.26,7.48,0.0,0,22,1,1,0.0,7,7,1.0,0.9365240931510925,1
-aqamKhZ1Ec/0,34,7.48,7.7,0.3181818127632141,1,22,1,1,0.0,6,6,1.0,0.939713180065155,1
-aqamKhZ1Ec/0,35,7.7,7.92,1.0,1,22,1,1,0.04545454680919647,7,7,1.0,0.9354795813560486,1
-aqamKhZ1Ec/0,36,7.92,8.14,0.04545454680919647,1,22,1,1,0.0,7,7,1.0,0.9343568086624146,1
-aqamKhZ1Ec/0,37,8.14,8.36,0.0,0,22,1,1,0.0,6,6,1.0,0.9394358992576599,1
-aqamKhZ1Ec/0,38,8.36,8.58,0.0,0,22,1,1,0.0,7,7,1.0,0.9303376078605652,1
-aqamKhZ1Ec/0,39,8.58,8.8,0.0,0,22,1,1,0.0,6,6,1.0,0.9291970133781433,1
-aqamKhZ1Ec/0,40,8.8,9.02,0.3181818127632141,1,22,1,1,0.0,7,7,1.0,0.9344057440757751,1
-aqamKhZ1Ec/0,41,9.02,9.24,1.0,1,22,1,1,0.0,7,7,1.0,0.9372567534446716,1
-aqamKhZ1Ec/0,42,9.24,9.46,1.0,1,22,1,1,0.0,6,6,1.0,0.9336423277854919,1
-aqamKhZ1Ec/0,43,9.46,9.68,1.0,1,22,1,1,0.0,7,7,1.0,0.9328413009643555,1
-aqamKhZ1Ec/0,44,9.68,9.9,1.0,1,22,1,1,0.0,6,6,1.0,0.9400485157966614,1
-aqamKhZ1Ec/0,45,9.9,10.12,1.0,1,22,1,1,0.0,7,7,1.0,0.9348284006118774,1
-aqamKhZ1Ec/0,46,10.12,10.34,1.0,1,22,1,1,0.0,7,7,1.0,0.9322463274002075,1
-aqamKhZ1Ec/0,47,10.34,10.56,1.0,1,22,1,1,0.0,6,6,1.0,0.9385530352592468,1
-aqamKhZ1Ec/0,48,10.56,10.78,1.0,1,22,1,1,0.0,7,7,1.0,0.9365900158882141,1
-aqamKhZ1Ec/0,49,10.78,11.0,0.22727273404598236,1,10,1,1,0.10000000149011612,5,5,1.0,0.9391587972640991,1
-dxfTGcXJoc/1,0,0.0,0.3226666666666667,0.0,0,32,1,1,0.0,10,10,1.0,0.9265446662902832,1
-dxfTGcXJoc/1,1,0.3226666666666667,0.6453333333333334,0.48140496015548706,1,32,1,1,0.0,10,10,1.0,0.9261373281478882,1
-dxfTGcXJoc/1,2,0.6453333333333334,0.9680000000000002,1.0,1,32,1,1,0.21875,10,10,1.0,0.9228618741035461,1
-dxfTGcXJoc/1,3,0.9680000000000002,1.2906666666666669,1.0,1,32,1,1,0.0,9,9,1.0,0.9200407862663269,1
-dxfTGcXJoc/1,4,1.2906666666666669,1.6133333333333335,1.0,1,33,1,1,0.0,10,10,1.0,0.9187823534011841,1
-dxfTGcXJoc/1,5,1.6133333333333335,1.9360000000000004,0.6404958963394165,1,32,1,1,0.0,10,10,1.0,0.9213227033615112,1
-dxfTGcXJoc/1,6,1.9360000000000004,2.258666666666667,0.3677685856819153,1,32,1,1,0.0,9,9,1.0,0.9303566813468933,1
-dxfTGcXJoc/1,7,2.258666666666667,2.5813333333333337,1.0,1,32,1,1,0.1875,10,10,1.0,0.9280000925064087,1
-dxfTGcXJoc/1,8,2.5813333333333337,2.9040000000000004,1.0,1,33,1,1,0.0,10,10,1.0,0.9309169054031372,1
-dxfTGcXJoc/1,9,2.9040000000000004,3.226666666666667,1.0,1,32,1,1,0.0,9,9,1.0,0.9348480701446533,1
-dxfTGcXJoc/1,10,3.226666666666667,3.5493333333333337,1.0,1,32,1,1,0.0,10,10,1.0,0.931562066078186,1
-dxfTGcXJoc/1,11,3.5493333333333337,3.8720000000000008,0.8760330677032471,1,32,1,1,0.0625,10,10,1.0,0.9333044290542603,1
-dxfTGcXJoc/1,12,3.8720000000000008,4.194666666666667,1.0,1,33,1,1,0.0,9,9,1.0,0.9300253987312317,1
-dxfTGcXJoc/1,13,4.194666666666667,4.517333333333334,0.8450413346290588,1,32,1,1,0.0625,10,10,1.0,0.9291741251945496,1
-dxfTGcXJoc/1,14,4.517333333333334,4.840000000000001,1.0,1,32,1,1,0.03125,10,10,1.0,0.925529956817627,1
-dxfTGcXJoc/1,15,4.840000000000001,5.162666666666667,1.0,1,33,1,1,0.0,9,9,1.0,0.9202444553375244,1
-dxfTGcXJoc/1,16,5.162666666666667,5.485333333333334,1.0,1,32,1,1,0.0,10,10,1.0,0.9264876246452332,1
-dxfTGcXJoc/1,17,5.485333333333334,5.808000000000001,1.0,1,32,1,1,0.0,10,10,1.0,0.9245342016220093,1
-dxfTGcXJoc/1,18,5.808000000000001,6.130666666666667,1.0,1,32,1,1,0.0,9,9,1.0,0.9243593215942383,1
-dxfTGcXJoc/1,19,6.130666666666667,6.453333333333334,1.0,1,33,1,1,0.0,10,10,1.0,0.9291881322860718,1
-dxfTGcXJoc/1,20,6.453333333333334,6.776000000000001,1.0,1,32,1,1,0.0,10,10,1.0,0.9299631118774414,1
-dxfTGcXJoc/1,21,6.776000000000001,7.098666666666667,0.6942148804664612,1,32,1,1,0.0,9,9,1.0,0.9238396883010864,1
-dxfTGcXJoc/1,22,7.098666666666667,7.421333333333334,0.34504133462905884,1,32,1,1,0.0,10,10,1.0,0.9228841066360474,1
-dxfTGcXJoc/1,23,7.421333333333334,7.7440000000000015,1.0,1,33,1,1,0.1515151560306549,10,10,1.0,0.9247668981552124,1
-dxfTGcXJoc/1,24,7.7440000000000015,8.066666666666668,1.0,1,32,1,1,0.125,10,10,1.0,0.9191180467605591,1
-dxfTGcXJoc/1,25,8.066666666666668,8.389333333333335,1.0,1,32,1,1,0.0,9,9,1.0,0.92479407787323,1
-dxfTGcXJoc/1,26,8.389333333333335,8.712000000000002,1.0,1,32,1,1,0.0,10,10,1.0,0.9295199513435364,1
-dxfTGcXJoc/1,27,8.712000000000002,9.034666666666668,1.0,1,33,1,1,0.0,10,10,1.0,0.9249522089958191,1
-dxfTGcXJoc/1,28,9.034666666666668,9.357333333333335,1.0,1,32,1,1,0.15625,9,9,1.0,0.9204063415527344,1
-dxfTGcXJoc/1,29,9.357333333333335,9.680000000000001,0.8140496015548706,1,32,1,1,0.15625,10,10,1.0,0.9208120107650757,1
-dxfTGcXJoc/1,30,9.680000000000001,10.002666666666668,1.0,1,33,1,1,0.0,10,10,1.0,0.9198915362358093,1
-dxfTGcXJoc/1,31,10.002666666666668,10.325333333333335,0.9070248007774353,1,32,1,1,0.0625,9,9,1.0,0.9231436252593994,1
-dxfTGcXJoc/1,32,10.325333333333335,10.648000000000001,1.0,1,32,1,1,0.0,10,10,1.0,0.9298785924911499,1
-dxfTGcXJoc/1,33,10.648000000000001,10.970666666666668,1.0,1,32,1,1,0.0,10,10,1.0,0.9322916269302368,1
-dxfTGcXJoc/1,34,10.970666666666668,11.293333333333335,1.0,1,33,1,1,0.0,9,9,1.0,0.9350817799568176,1
-dxfTGcXJoc/1,35,11.293333333333335,11.616000000000001,0.11363636702299118,1,32,1,1,0.0,10,10,1.0,0.9325488805770874,1
-dxfTGcXJoc/1,36,11.616000000000001,11.938666666666668,0.3057851195335388,1,32,1,1,0.0,10,10,1.0,0.9201871752738953,1
-dxfTGcXJoc/1,37,11.938666666666668,12.261333333333335,0.8450413346290588,1,32,1,1,0.0,9,9,1.0,0.9233251214027405,1
-dxfTGcXJoc/1,38,12.261333333333335,12.584000000000001,1.0,1,33,1,1,0.0,10,10,1.0,0.9221165776252747,1
-dxfTGcXJoc/1,39,12.584000000000001,12.906666666666668,1.0,1,32,1,1,0.0,10,10,1.0,0.9249798059463501,1
-dxfTGcXJoc/1,40,12.906666666666668,13.229333333333335,1.0,1,32,1,1,0.0,9,9,1.0,0.9275991916656494,1
-dxfTGcXJoc/1,41,13.229333333333335,13.552000000000001,1.0,1,32,1,1,0.0,10,10,1.0,0.9282932281494141,1
-dxfTGcXJoc/1,42,13.552000000000001,13.874666666666668,1.0,1,33,1,1,0.0,10,10,1.0,0.9300572276115417,1
-dxfTGcXJoc/1,43,13.874666666666668,14.197333333333335,1.0,1,32,1,1,0.03125,9,9,1.0,0.9261713027954102,1
-dxfTGcXJoc/1,44,14.197333333333335,14.520000000000001,1.0,1,32,1,1,0.0,10,10,1.0,0.9186905026435852,1
-dxfTGcXJoc/1,45,14.520000000000001,14.842666666666668,0.7830578684806824,1,33,1,1,0.0,10,10,1.0,0.9248611330986023,1
-dxfTGcXJoc/1,46,14.842666666666668,15.165333333333335,1.0,1,32,1,1,0.03125,9,9,1.0,0.9240120649337769,1
-dxfTGcXJoc/1,47,15.165333333333335,15.488000000000003,1.0,1,32,1,1,0.0,10,10,1.0,0.9248586893081665,1
-dxfTGcXJoc/1,48,15.488000000000003,15.81066666666667,0.09917355328798294,1,32,1,1,0.0,10,10,1.0,0.9270621538162231,1
-dxfTGcXJoc/1,49,15.81066666666667,16.133333333333336,0.0,0,20,1,1,0.0,7,7,1.0,0.9313597083091736,1
-dxfTGcXJoc/0,0,0.0,0.4106666666666667,0.0,0,40,1,0,0.0,13,0,0.0,0.0,0
-dxfTGcXJoc/0,1,0.4106666666666667,0.8213333333333334,0.6363636255264282,1,41,1,1,0.04878048598766327,12,0,0.0,0.0,0
-dxfTGcXJoc/0,2,0.8213333333333334,1.232,1.0,1,41,1,1,0.0,12,0,0.0,0.0,0
-dxfTGcXJoc/0,3,1.232,1.6426666666666667,1.0,1,42,1,1,0.0,13,0,0.0,0.0,0
-dxfTGcXJoc/0,4,1.6426666666666667,2.0533333333333332,1.0,1,41,1,1,0.0,12,0,0.0,0.0,0
-dxfTGcXJoc/0,5,2.0533333333333332,2.464,0.13798701763153076,1,41,1,1,0.0,12,0,0.0,0.0,0
-dxfTGcXJoc/0,6,2.464,2.8746666666666667,0.7905844449996948,1,41,1,1,0.0,13,0,0.0,0.0,0
-dxfTGcXJoc/0,7,2.8746666666666667,3.2853333333333334,1.0,1,41,1,1,0.0,12,0,0.0,0.0,0
-dxfTGcXJoc/0,8,3.2853333333333334,3.696,0.35227271914482117,1,41,1,1,0.0,12,0,0.0,0.0,0
-dxfTGcXJoc/0,9,3.696,4.1066666666666665,0.0,0,41,1,0,0.0,13,0,0.0,0.0,0
-dxfTGcXJoc/0,10,4.1066666666666665,4.517333333333333,0.38311687111854553,1,41,1,1,0.0,12,0,0.0,0.0,0
-dxfTGcXJoc/0,11,4.517333333333333,4.928,1.0,1,41,1,1,0.04878048598766327,12,12,1.0,0.9217042922973633,1
-dxfTGcXJoc/0,12,4.928,5.338666666666667,1.0,1,41,1,1,0.0,13,13,1.0,0.9278953075408936,1
-dxfTGcXJoc/0,13,5.338666666666667,5.749333333333333,1.0,1,41,1,1,0.0,12,12,1.0,0.925319492816925,1
-dxfTGcXJoc/0,14,5.749333333333333,6.16,1.0,1,41,1,1,0.0,12,12,1.0,0.9299473762512207,1
-dxfTGcXJoc/0,15,6.16,6.570666666666667,1.0,1,41,1,1,0.0,13,13,1.0,0.9313671588897705,1
-dxfTGcXJoc/0,16,6.570666666666667,6.981333333333334,1.0,1,41,1,1,0.024390242993831635,12,12,1.0,0.9339552521705627,1
-dxfTGcXJoc/0,17,6.981333333333334,7.392,1.0,1,41,1,1,0.0,12,12,1.0,0.9224205613136292,1
-dxfTGcXJoc/0,18,7.392,7.802666666666667,1.0,1,42,1,1,0.0,13,13,1.0,0.9174271821975708,1
-dxfTGcXJoc/0,19,7.802666666666667,8.213333333333333,0.8538960814476013,1,41,1,1,0.0,12,12,1.0,0.9168464541435242,1
-dxfTGcXJoc/0,20,8.213333333333333,8.624,1.0,1,41,1,1,0.0,12,12,1.0,0.9164026379585266,1
-dxfTGcXJoc/0,21,8.624,9.034666666666666,1.0,1,41,1,1,0.0,13,13,1.0,0.9203885197639465,1
-dxfTGcXJoc/0,22,9.034666666666666,9.445333333333334,1.0,1,41,1,1,0.0,12,12,1.0,0.9242900013923645,1
-dxfTGcXJoc/0,23,9.445333333333334,9.856,0.3279220759868622,1,41,1,1,0.0,12,12,1.0,0.9227107167243958,1
-dxfTGcXJoc/0,24,9.856,10.266666666666667,0.625,1,41,1,1,0.0,12,12,1.0,0.9255409836769104,1
-dxfTGcXJoc/0,25,10.266666666666667,10.677333333333333,1.0,1,41,1,1,0.0731707289814949,13,13,1.0,0.9292436242103577,1
-dxfTGcXJoc/0,26,10.677333333333333,11.088000000000001,1.0,1,41,1,1,0.04878048598766327,12,12,1.0,0.9272207617759705,1
-dxfTGcXJoc/0,27,11.088000000000001,11.498666666666667,1.0,1,41,1,1,0.0,12,12,1.0,0.9234285950660706,1
-dxfTGcXJoc/0,28,11.498666666666667,11.909333333333334,1.0,1,41,1,1,0.024390242993831635,13,13,1.0,0.9206860065460205,1
-dxfTGcXJoc/0,29,11.909333333333334,12.32,0.8538960814476013,1,41,1,1,0.0,12,12,1.0,0.9202175140380859,1
-dxfTGcXJoc/0,30,12.32,12.730666666666668,1.0,1,41,1,1,0.0,12,12,1.0,0.9231655597686768,1
-dxfTGcXJoc/0,31,12.730666666666668,13.141333333333334,1.0,1,41,1,1,0.0,13,13,1.0,0.9316921234130859,1
-dxfTGcXJoc/0,32,13.141333333333334,13.552,0.4350649416446686,1,41,1,1,0.0,12,12,1.0,0.9327995181083679,1
-dxfTGcXJoc/0,33,13.552,13.962666666666667,0.29870128631591797,1,42,1,1,0.0,12,12,1.0,0.930519163608551,1
-dxfTGcXJoc/0,34,13.962666666666667,14.373333333333333,1.0,1,41,1,1,0.1463414579629898,13,13,1.0,0.9239502549171448,1
-dxfTGcXJoc/0,35,14.373333333333333,14.784,1.0,1,41,1,1,0.17073170840740204,12,12,1.0,0.9225757122039795,1
-dxfTGcXJoc/0,36,14.784,15.194666666666667,0.7564935088157654,1,41,1,1,0.0,12,12,1.0,0.9240893721580505,1
-dxfTGcXJoc/0,37,15.194666666666667,15.605333333333334,1.0,1,41,1,1,0.0,13,13,1.0,0.9248558282852173,1
-dxfTGcXJoc/0,38,15.605333333333334,16.016000000000002,1.0,1,41,1,1,0.0,12,12,1.0,0.9214350581169128,1
-dxfTGcXJoc/0,39,16.016000000000002,16.426666666666666,1.0,1,41,1,1,0.0,12,12,1.0,0.9225686192512512,1
-dxfTGcXJoc/0,40,16.426666666666666,16.837333333333333,1.0,1,41,1,1,0.0,13,13,1.0,0.9224832057952881,1
-dxfTGcXJoc/0,41,16.837333333333333,17.248,1.0,1,41,1,1,0.19512194395065308,12,12,1.0,0.9259675145149231,1
-dxfTGcXJoc/0,42,17.248,17.65866666666667,0.2938336133956909,1,41,1,1,0.0,12,12,1.0,0.9281361699104309,1
-dxfTGcXJoc/0,43,17.65866666666667,18.069333333333333,1.0,1,41,1,1,0.0,13,13,1.0,0.9273083209991455,1
-dxfTGcXJoc/0,44,18.069333333333333,18.48,1.0,1,41,1,1,0.0,12,12,1.0,0.928257167339325,1
-dxfTGcXJoc/0,45,18.48,18.890666666666668,1.0,1,41,1,1,0.0,12,12,1.0,0.9294961094856262,1
-dxfTGcXJoc/0,46,18.890666666666668,19.301333333333336,1.0,1,41,1,1,0.0,13,13,1.0,0.9205554723739624,1
-dxfTGcXJoc/0,47,19.301333333333336,19.712,1.0,1,41,1,1,0.0,12,12,1.0,0.9261384010314941,1
-dxfTGcXJoc/0,48,19.712,20.122666666666667,0.43343913555145264,1,42,1,1,0.0,12,12,1.0,0.9262873530387878,1
-dxfTGcXJoc/0,49,20.122666666666667,20.533333333333335,0.0,0,27,1,1,0.0,11,11,1.0,0.9254269003868103,1
-dxfTGcXJoc/2,0,0.0,0.33333333333333337,0.0,0,33,1,1,0.0,11,11,1.0,0.9356241822242737,1
-dxfTGcXJoc/2,1,0.33333333333333337,0.6666666666666667,0.3799999952316284,1,33,1,1,0.0,10,10,1.0,0.9433155059814453,1
-dxfTGcXJoc/2,2,0.6666666666666667,1.0,1.0,1,33,1,1,0.0,9,9,1.0,0.942007303237915,1
-dxfTGcXJoc/2,3,1.0,1.3333333333333335,1.0,1,34,1,1,0.0,11,11,1.0,0.9427198767662048,1
-dxfTGcXJoc/2,4,1.3333333333333335,1.666666666666667,1.0,1,33,1,1,0.09090909361839294,10,10,1.0,0.9439159631729126,1
-dxfTGcXJoc/2,5,1.666666666666667,2.0,1.0,1,33,1,1,0.0,9,9,1.0,0.9425488710403442,1
-dxfTGcXJoc/2,6,2.0,2.3333333333333335,1.0,1,34,1,1,0.0,10,10,1.0,0.9414127469062805,1
-dxfTGcXJoc/2,7,2.3333333333333335,2.666666666666667,1.0,1,33,1,1,0.0,11,11,1.0,0.9381603002548218,1
-dxfTGcXJoc/2,8,2.666666666666667,3.0000000000000004,1.0,1,33,1,1,0.0,10,10,1.0,0.9434173703193665,1
-dxfTGcXJoc/2,9,3.0000000000000004,3.333333333333334,1.0,1,34,1,1,0.0,10,10,1.0,0.9411883354187012,1
-dxfTGcXJoc/2,10,3.333333333333334,3.666666666666667,1.0,1,33,1,1,0.12121212482452393,10,10,1.0,0.9421955943107605,1
-dxfTGcXJoc/2,11,3.666666666666667,4.0,0.6399999856948853,1,33,1,1,0.0,9,9,1.0,0.9359803795814514,1
-dxfTGcXJoc/2,12,4.0,4.333333333333334,1.0,1,34,1,1,0.0,11,11,1.0,0.9335858821868896,1
-dxfTGcXJoc/2,13,4.333333333333334,4.666666666666667,1.0,1,33,1,1,0.09090909361839294,9,9,1.0,0.9326437711715698,1
-dxfTGcXJoc/2,14,4.666666666666667,5.000000000000001,0.8199999928474426,1,33,1,1,0.0,11,11,1.0,0.9320226907730103,1
-dxfTGcXJoc/2,15,5.000000000000001,5.333333333333334,1.0,1,34,1,1,0.0882352963089943,10,10,1.0,0.9335392117500305,1
-dxfTGcXJoc/2,16,5.333333333333334,5.666666666666667,1.0,1,33,1,1,0.0,9,9,1.0,0.9327809810638428,1
-dxfTGcXJoc/2,17,5.666666666666667,6.000000000000001,1.0,1,33,1,1,0.0,11,11,1.0,0.9356822371482849,1
-dxfTGcXJoc/2,18,6.000000000000001,6.333333333333334,0.27000001072883606,1,34,1,1,0.0,10,10,1.0,0.9425258636474609,1
-dxfTGcXJoc/2,19,6.333333333333334,6.666666666666668,0.9200000166893005,1,33,1,1,0.0,10,10,1.0,0.9313035011291504,1
-dxfTGcXJoc/2,20,6.666666666666668,7.000000000000001,1.0,1,33,1,1,0.06060606241226196,10,10,1.0,0.9346308708190918,1
-dxfTGcXJoc/2,21,7.000000000000001,7.333333333333334,1.0,1,34,1,1,0.0882352963089943,10,10,1.0,0.9408565759658813,1
-dxfTGcXJoc/2,22,7.333333333333334,7.666666666666668,1.0,1,33,1,1,0.0,10,10,1.0,0.9398359060287476,1
-dxfTGcXJoc/2,23,7.666666666666668,8.0,0.5199999809265137,1,33,1,1,0.0,9,9,1.0,0.9347381591796875,1
-dxfTGcXJoc/2,24,8.0,8.333333333333334,0.7300000190734863,1,34,1,1,0.0,10,10,1.0,0.9380378723144531,1
-dxfTGcXJoc/2,25,8.333333333333334,8.666666666666668,1.0,1,33,1,1,0.0,11,11,1.0,0.940058171749115,1
-dxfTGcXJoc/2,26,8.666666666666668,9.000000000000002,1.0,1,33,1,1,0.0,10,10,1.0,0.9414008855819702,1
-dxfTGcXJoc/2,27,9.000000000000002,9.333333333333334,1.0,1,34,1,1,0.0,9,9,1.0,0.9419567584991455,1
-dxfTGcXJoc/2,28,9.333333333333334,9.666666666666668,1.0,1,33,1,1,0.0,11,11,1.0,0.9410879611968994,1
-dxfTGcXJoc/2,29,9.666666666666668,10.000000000000002,1.0,1,33,1,1,0.0,10,10,1.0,0.9372825622558594,1
-dxfTGcXJoc/2,30,10.000000000000002,10.333333333333334,1.0,1,34,1,1,0.029411764815449715,9,9,1.0,0.9386181235313416,1
-dxfTGcXJoc/2,31,10.333333333333334,10.666666666666668,1.0,1,33,1,1,0.0,11,11,1.0,0.9404264092445374,1
-dxfTGcXJoc/2,32,10.666666666666668,11.000000000000002,1.0,1,33,1,1,0.03030303120613098,10,10,1.0,0.9401880502700806,1
-dxfTGcXJoc/2,33,11.000000000000002,11.333333333333334,1.0,1,34,1,1,0.0,9,9,1.0,0.9427729845046997,1
-dxfTGcXJoc/2,34,11.333333333333334,11.666666666666668,1.0,1,33,1,1,0.0,11,11,1.0,0.9359849691390991,1
-dxfTGcXJoc/2,35,11.666666666666668,12.000000000000002,1.0,1,33,1,1,0.0,10,10,1.0,0.939996063709259,1
-dxfTGcXJoc/2,36,12.000000000000002,12.333333333333334,0.5099999904632568,1,34,1,1,0.0,9,9,1.0,0.9405850172042847,1
-dxfTGcXJoc/2,37,12.333333333333334,12.666666666666668,0.5,1,33,1,1,0.0,11,11,1.0,0.9351565837860107,1
-dxfTGcXJoc/2,38,12.666666666666668,13.000000000000002,1.0,1,33,1,1,0.0,10,10,1.0,0.930939793586731,1
-dxfTGcXJoc/2,39,13.000000000000002,13.333333333333336,1.0,1,34,1,1,0.0,10,10,1.0,0.9368075132369995,1
-dxfTGcXJoc/2,40,13.333333333333336,13.666666666666668,1.0,1,33,1,1,0.0,10,10,1.0,0.9356477856636047,1
-dxfTGcXJoc/2,41,13.666666666666668,14.000000000000002,1.0,1,33,1,1,0.0,10,10,1.0,0.9401187896728516,1
-dxfTGcXJoc/2,42,14.000000000000002,14.333333333333336,0.5799999833106995,1,34,1,1,0.0,10,10,1.0,0.941510796546936,1
-dxfTGcXJoc/2,43,14.333333333333336,14.666666666666668,1.0,1,33,1,1,0.0,10,10,1.0,0.9390095472335815,1
-dxfTGcXJoc/2,44,14.666666666666668,15.000000000000002,1.0,1,33,1,1,0.0,10,10,1.0,0.9368260502815247,1
-dxfTGcXJoc/2,45,15.000000000000002,15.333333333333336,1.0,1,34,1,1,0.0,10,10,1.0,0.9395977258682251,1
-dxfTGcXJoc/2,46,15.333333333333336,15.666666666666668,1.0,1,33,1,1,0.0,10,10,1.0,0.9358062744140625,1
-dxfTGcXJoc/2,47,15.666666666666668,16.0,1.0,1,33,1,1,0.0,9,9,1.0,0.93177330493927,1
-dxfTGcXJoc/2,48,16.0,16.333333333333336,0.3300029933452606,1,34,1,1,0.0,11,11,1.0,0.9306415319442749,1
-dxfTGcXJoc/2,49,16.333333333333336,16.666666666666668,0.0,0,28,1,1,0.0,9,9,1.0,0.932993471622467,1
-dxfTGcXJoc/6,0,0.0,0.25466666666666665,0.0,0,25,1,1,0.0,8,8,1.0,0.9286757707595825,1
-dxfTGcXJoc/6,1,0.25466666666666665,0.5093333333333333,0.39005234837532043,1,25,1,1,0.0,8,8,1.0,0.9292494058609009,1
-dxfTGcXJoc/6,2,0.5093333333333333,0.764,1.0,1,26,1,1,0.0,7,7,1.0,0.9228709936141968,1
-dxfTGcXJoc/6,3,0.764,1.0186666666666666,1.0,1,25,1,1,0.0,8,8,1.0,0.9283290505409241,1
-dxfTGcXJoc/6,4,1.0186666666666666,1.2733333333333332,1.0,1,26,1,1,0.0,8,8,1.0,0.9338759183883667,1
-dxfTGcXJoc/6,5,1.2733333333333332,1.528,1.0,1,25,1,1,0.0,7,7,1.0,0.929003119468689,1
-dxfTGcXJoc/6,6,1.528,1.7826666666666666,1.0,1,26,1,1,0.0,8,8,1.0,0.9254195094108582,1
-dxfTGcXJoc/6,7,1.7826666666666666,2.037333333333333,1.0,1,25,1,1,0.0,8,8,1.0,0.9322717189788818,1
-dxfTGcXJoc/6,8,2.037333333333333,2.292,1.0,1,25,1,1,0.0,7,7,1.0,0.9203681349754333,1
-dxfTGcXJoc/6,9,2.292,2.5466666666666664,1.0,1,26,1,1,0.0,8,8,1.0,0.9176689386367798,1
-dxfTGcXJoc/6,10,2.5466666666666664,2.801333333333333,1.0,1,25,1,1,0.0,8,8,1.0,0.9155646562576294,1
-dxfTGcXJoc/6,11,2.801333333333333,3.056,1.0,1,26,1,1,0.03846153989434242,7,7,1.0,0.9170049428939819,1
-dxfTGcXJoc/6,12,3.056,3.3106666666666666,1.0,1,25,1,1,0.0,8,8,1.0,0.9212853908538818,1
-dxfTGcXJoc/6,13,3.3106666666666666,3.5653333333333332,1.0,1,26,1,1,0.0,7,7,1.0,0.9269546866416931,1
-dxfTGcXJoc/6,14,3.5653333333333332,3.82,1.0,1,25,1,1,0.0,8,8,1.0,0.9299266338348389,1
-dxfTGcXJoc/6,15,3.82,4.074666666666666,1.0,1,26,1,1,0.0,8,8,1.0,0.9283856749534607,1
-dxfTGcXJoc/6,16,4.074666666666666,4.3293333333333335,1.0,1,25,1,1,0.0,7,7,1.0,0.9222420454025269,1
-dxfTGcXJoc/6,17,4.3293333333333335,4.584,0.04188481718301773,1,26,1,1,0.0,8,8,1.0,0.9175364971160889,1
-dxfTGcXJoc/6,18,4.584,4.838666666666667,0.4659685790538788,1,25,1,1,0.0,8,8,1.0,0.9261870384216309,1
-dxfTGcXJoc/6,19,4.838666666666667,5.093333333333333,1.0,1,26,1,1,0.0,7,7,1.0,0.9263072609901428,1
-dxfTGcXJoc/6,20,5.093333333333333,5.348,1.0,1,25,1,1,0.0,8,8,1.0,0.9205323457717896,1
-dxfTGcXJoc/6,21,5.348,5.602666666666666,1.0,1,26,1,1,0.23076923191547394,8,8,1.0,0.9225786924362183,1
-dxfTGcXJoc/6,22,5.602666666666666,5.857333333333333,1.0,1,25,1,1,0.1599999964237213,7,7,1.0,0.9269432425498962,1
-dxfTGcXJoc/6,23,5.857333333333333,6.112,1.0,1,25,1,1,0.0,8,8,1.0,0.9269737005233765,1
-dxfTGcXJoc/6,24,6.112,6.366666666666666,1.0,1,26,1,1,0.0,7,7,1.0,0.924052357673645,1
-dxfTGcXJoc/6,25,6.366666666666666,6.621333333333333,1.0,1,25,1,1,0.0,8,8,1.0,0.9298962354660034,1
-dxfTGcXJoc/6,26,6.621333333333333,6.8759999999999994,0.6858638525009155,1,26,1,1,0.0,8,8,1.0,0.9266732931137085,1
-dxfTGcXJoc/6,27,6.8759999999999994,7.1306666666666665,1.0,1,25,1,1,0.0,7,7,1.0,0.9226908683776855,1
-dxfTGcXJoc/6,28,7.1306666666666665,7.385333333333333,1.0,1,26,1,1,0.0,8,8,1.0,0.9233061075210571,1
-dxfTGcXJoc/6,29,7.385333333333333,7.64,1.0,1,25,1,1,0.0,8,8,1.0,0.9263730049133301,1
-dxfTGcXJoc/6,30,7.64,7.894666666666666,1.0,1,26,1,1,0.0,7,7,1.0,0.9263792634010315,1
-dxfTGcXJoc/6,31,7.894666666666666,8.149333333333333,1.0,1,25,1,1,0.0,8,8,1.0,0.9241502285003662,1
-dxfTGcXJoc/6,32,8.149333333333333,8.404,1.0,1,26,1,1,0.0,8,8,1.0,0.9222996830940247,1
-dxfTGcXJoc/6,33,8.404,8.658666666666667,1.0,1,25,1,1,0.0,7,7,1.0,0.9226641058921814,1
-dxfTGcXJoc/6,34,8.658666666666667,8.913333333333332,1.0,1,26,1,1,0.0,8,8,1.0,0.9213615655899048,1
-dxfTGcXJoc/6,35,8.913333333333332,9.168,1.0,1,25,1,1,0.0,8,8,1.0,0.9207746386528015,1
-dxfTGcXJoc/6,36,9.168,9.422666666666666,0.4109947681427002,1,26,1,1,0.0,7,7,1.0,0.9240779280662537,1
-dxfTGcXJoc/6,37,9.422666666666666,9.677333333333333,1.0,1,25,1,1,0.0,8,8,1.0,0.9209820628166199,1
-dxfTGcXJoc/6,38,9.677333333333333,9.931999999999999,1.0,1,25,1,1,0.0,7,7,1.0,0.9190900921821594,1
-dxfTGcXJoc/6,39,9.931999999999999,10.186666666666666,1.0,1,26,1,1,0.0,8,8,1.0,0.9194607734680176,1
-dxfTGcXJoc/6,40,10.186666666666666,10.441333333333333,1.0,1,25,1,1,0.0,8,8,1.0,0.9181879758834839,1
-dxfTGcXJoc/6,41,10.441333333333333,10.696,1.0,1,26,1,1,0.0,7,7,1.0,0.9148635268211365,1
-dxfTGcXJoc/6,42,10.696,10.950666666666667,1.0,1,25,1,1,0.0,8,8,1.0,0.9191097617149353,1
-dxfTGcXJoc/6,43,10.950666666666667,11.205333333333332,1.0,1,26,1,1,0.0,8,8,1.0,0.924920916557312,1
-dxfTGcXJoc/6,44,11.205333333333332,11.459999999999999,1.0,1,25,1,1,0.0,7,7,1.0,0.9230467081069946,1
-dxfTGcXJoc/6,45,11.459999999999999,11.714666666666666,1.0,1,26,1,1,0.0,8,8,1.0,0.9234892129898071,1
-dxfTGcXJoc/6,46,11.714666666666666,11.969333333333333,1.0,1,25,1,1,0.0,8,8,1.0,0.9219757318496704,1
-dxfTGcXJoc/6,47,11.969333333333333,12.224,0.5916230082511902,1,26,1,1,0.0,7,7,1.0,0.9203540682792664,1
-dxfTGcXJoc/6,48,12.224,12.478666666666665,0.0,0,25,1,1,0.0,8,8,1.0,0.9236977100372314,1
-dxfTGcXJoc/6,49,12.478666666666665,12.733333333333333,0.0,0,14,1,1,0.0,6,6,1.0,0.9414666295051575,1
-egA8-b7-3M/26,0,0.0,0.12,0.0,0,11,1,1,0.0,4,4,1.0,0.9193726778030396,1
-egA8-b7-3M/26,1,0.12,0.24,0.0,0,12,1,1,0.0,4,4,1.0,0.9196723699569702,1
-egA8-b7-3M/26,2,0.24,0.36,0.0,0,12,1,1,0.0,3,3,1.0,0.9140164256095886,1
-egA8-b7-3M/26,3,0.36,0.48,0.0,0,12,1,1,0.0,4,4,1.0,0.9112342596054077,1
-egA8-b7-3M/26,4,0.48,0.6,0.75,1,12,1,1,0.1666666716337204,3,3,1.0,0.9065136909484863,1
-egA8-b7-3M/26,5,0.6,0.72,1.0,1,12,1,1,0.0,4,4,1.0,0.9067642688751221,1
-egA8-b7-3M/26,6,0.72,0.84,1.0,1,12,1,1,0.0,4,4,1.0,0.9090909361839294,1
-egA8-b7-3M/26,7,0.84,0.96,1.0,1,12,1,1,0.1666666716337204,3,3,1.0,0.9087867736816406,1
-egA8-b7-3M/26,8,0.96,1.08,1.0,1,12,1,1,0.5,4,4,1.0,0.9074769020080566,1
-egA8-b7-3M/26,9,1.08,1.2,1.0,1,12,1,1,0.5833333134651184,3,3,1.0,0.9051095843315125,1
-egA8-b7-3M/26,10,1.2,1.3199999999999998,1.0,1,12,1,1,0.25,4,4,1.0,0.9057151675224304,1
-egA8-b7-3M/26,11,1.3199999999999998,1.44,1.0,1,12,1,1,0.0833333358168602,4,4,1.0,0.906471848487854,1
-egA8-b7-3M/26,12,1.44,1.56,1.0,1,12,1,1,0.3333333432674408,3,3,1.0,0.9083356261253357,1
-egA8-b7-3M/26,13,1.56,1.68,1.0,1,12,1,1,0.0833333358168602,4,4,1.0,0.9071536660194397,1
-egA8-b7-3M/26,14,1.68,1.7999999999999998,1.0,1,12,1,1,0.0,3,3,1.0,0.9119561314582825,1
-egA8-b7-3M/26,15,1.7999999999999998,1.92,1.0,1,12,1,1,0.8333333134651184,4,4,1.0,0.9144762754440308,1
-egA8-b7-3M/26,16,1.92,2.04,1.0,1,12,1,1,0.6666666865348816,4,4,1.0,0.9097455739974976,1
-egA8-b7-3M/26,17,2.04,2.16,0.6666666865348816,1,12,1,1,0.25,3,3,1.0,0.915875256061554,1
-egA8-b7-3M/26,18,2.16,2.28,0.0,0,12,1,1,0.0,4,4,1.0,0.9205952882766724,1
-egA8-b7-3M/26,19,2.28,2.4,0.0,0,12,1,1,0.0,3,3,1.0,0.9198299050331116,1
-egA8-b7-3M/26,20,2.4,2.52,0.5833333134651184,1,12,1,1,0.0833333358168602,4,4,1.0,0.9171860218048096,1
-egA8-b7-3M/26,21,2.52,2.6399999999999997,1.0,1,12,1,1,0.6666666865348816,4,4,1.0,0.9174782037734985,1
-egA8-b7-3M/26,22,2.6399999999999997,2.76,1.0,1,12,1,1,0.3333333432674408,3,3,1.0,0.9153490662574768,1
-egA8-b7-3M/26,23,2.76,2.88,1.0,1,12,1,1,0.4166666567325592,4,4,1.0,0.9210674166679382,1
-egA8-b7-3M/26,24,2.88,3.0,1.0,1,12,1,1,0.3333333432674408,3,3,1.0,0.9180993437767029,1
-egA8-b7-3M/26,25,3.0,3.12,1.0,1,12,1,1,0.5,4,4,1.0,0.9185524582862854,1
-egA8-b7-3M/26,26,3.12,3.2399999999999998,1.0,1,12,1,1,0.75,4,4,1.0,0.9186071753501892,1
-egA8-b7-3M/26,27,3.2399999999999998,3.36,1.0,1,12,1,1,0.1666666716337204,3,3,1.0,0.9172155857086182,1
-egA8-b7-3M/26,28,3.36,3.48,1.0,1,12,1,1,0.0833333358168602,4,4,1.0,0.9198513031005859,1
-egA8-b7-3M/26,29,3.48,3.5999999999999996,1.0,1,12,1,1,0.25,3,3,1.0,0.9197037816047668,1
-egA8-b7-3M/26,30,3.5999999999999996,3.7199999999999998,1.0,1,12,1,1,0.25,4,4,1.0,0.9205989241600037,1
-egA8-b7-3M/26,31,3.7199999999999998,3.84,1.0,1,12,1,1,0.0,4,4,1.0,0.9201845526695251,1
-egA8-b7-3M/26,32,3.84,3.96,1.0,1,12,1,1,0.25,3,3,1.0,0.9198082089424133,1
-egA8-b7-3M/26,33,3.96,4.08,1.0,1,12,1,1,0.0,4,4,1.0,0.9186854362487793,1
-egA8-b7-3M/26,34,4.08,4.2,1.0,1,12,1,1,0.1666666716337204,3,3,1.0,0.9138054251670837,1
-egA8-b7-3M/26,35,4.2,4.32,1.0,1,12,1,1,0.0,4,4,1.0,0.9145137667655945,1
-egA8-b7-3M/26,36,4.32,4.4399999999999995,1.0,1,12,1,1,0.0,4,4,1.0,0.9138889312744141,1
-egA8-b7-3M/26,37,4.4399999999999995,4.56,1.0,1,12,1,1,0.1666666716337204,3,3,1.0,0.9130339622497559,1
-egA8-b7-3M/26,38,4.56,4.68,1.0,1,12,1,1,0.25,4,4,1.0,0.9171496629714966,1
-egA8-b7-3M/26,39,4.68,4.8,1.0,1,12,1,1,0.0833333358168602,3,3,1.0,0.918271005153656,1
-egA8-b7-3M/26,40,4.8,4.92,1.0,1,12,1,1,0.25,4,4,1.0,0.9170604944229126,1
-egA8-b7-3M/26,41,4.92,5.04,1.0,1,12,1,1,0.0,4,4,1.0,0.9162909388542175,1
-egA8-b7-3M/26,42,5.04,5.16,1.0,1,12,1,1,0.0,3,3,1.0,0.9150784015655518,1
-egA8-b7-3M/26,43,5.16,5.279999999999999,1.0,1,12,1,1,0.0,4,4,1.0,0.9158288240432739,1
-egA8-b7-3M/26,44,5.279999999999999,5.3999999999999995,0.75,1,12,1,1,0.0,3,3,1.0,0.9126076698303223,1
-egA8-b7-3M/26,45,5.3999999999999995,5.52,0.0,0,12,1,1,0.0,4,4,1.0,0.9121700525283813,1
-egA8-b7-3M/26,46,5.52,5.64,0.0,0,12,1,1,0.0,4,4,1.0,0.9115338921546936,1
-egA8-b7-3M/26,47,5.64,5.76,0.0,0,12,1,1,0.0,3,3,1.0,0.9114840626716614,1
-egA8-b7-3M/26,48,5.76,5.88,0.0,0,12,1,1,0.0,4,4,1.0,0.9115300178527832,1
-egA8-b7-3M/26,49,5.88,6.0,0.0,0,3,1,1,0.0,2,2,1.0,0.9134135842323303,1
-egA8-b7-3M/17,0,0.0,0.14533333333333334,0.0,0,14,1,1,0.0,5,5,1.0,0.9094817042350769,1
-egA8-b7-3M/17,1,0.14533333333333334,0.2906666666666667,0.0,0,14,1,1,0.0,4,4,1.0,0.9101860523223877,1
-egA8-b7-3M/17,2,0.2906666666666667,0.43600000000000005,0.0,0,15,1,1,0.0,5,5,1.0,0.912397563457489,1
-egA8-b7-3M/17,3,0.43600000000000005,0.5813333333333334,0.49082568287849426,1,14,1,1,0.0,4,4,1.0,0.9191545248031616,1
-egA8-b7-3M/17,4,0.5813333333333334,0.7266666666666667,1.0,1,15,1,1,0.3333333432674408,4,4,1.0,0.9213176965713501,1
-egA8-b7-3M/17,5,0.7266666666666667,0.8720000000000001,1.0,1,14,1,1,0.3571428656578064,5,5,1.0,0.9168189167976379,1
-egA8-b7-3M/17,6,0.8720000000000001,1.0173333333333334,1.0,1,15,1,1,0.46666666865348816,4,4,1.0,0.9135914444923401,1
-egA8-b7-3M/17,7,1.0173333333333334,1.1626666666666667,1.0,1,15,1,1,0.13333334028720856,4,4,1.0,0.9160495400428772,1
-egA8-b7-3M/17,8,1.1626666666666667,1.308,1.0,1,14,1,1,0.3571428656578064,5,5,1.0,0.918670654296875,1
-egA8-b7-3M/17,9,1.308,1.4533333333333334,1.0,1,15,1,1,0.20000000298023224,4,4,1.0,0.918832540512085,1
-egA8-b7-3M/17,10,1.4533333333333334,1.5986666666666667,1.0,1,14,1,1,0.0,4,4,1.0,0.9225459098815918,1
-egA8-b7-3M/17,11,1.5986666666666667,1.7440000000000002,1.0,1,15,1,1,0.4000000059604645,5,5,1.0,0.9203485250473022,1
-egA8-b7-3M/17,12,1.7440000000000002,1.8893333333333335,1.0,1,14,1,1,1.0,4,4,1.0,0.9218639135360718,1
-egA8-b7-3M/17,13,1.8893333333333335,2.034666666666667,1.0,1,15,1,1,0.9333333373069763,5,5,1.0,0.9241671562194824,1
-egA8-b7-3M/17,14,2.034666666666667,2.18,1.0,1,14,1,1,0.0,4,4,1.0,0.9219493865966797,1
-egA8-b7-3M/17,15,2.18,2.3253333333333335,0.5504587292671204,1,15,1,1,0.0,4,4,1.0,0.9199074506759644,1
-egA8-b7-3M/17,16,2.3253333333333335,2.470666666666667,0.0,0,14,1,1,0.0,5,5,1.0,0.9164470434188843,1
-egA8-b7-3M/17,17,2.470666666666667,2.616,0.0,0,15,1,1,0.0,4,4,1.0,0.9171236753463745,1
-egA8-b7-3M/17,18,2.616,2.7613333333333334,0.0,0,14,1,1,0.0,4,4,1.0,0.9214992523193359,1
-egA8-b7-3M/17,19,2.7613333333333334,2.9066666666666667,0.0,0,15,1,1,0.0,5,5,1.0,0.9198499917984009,1
-egA8-b7-3M/17,20,2.9066666666666667,3.052,0.0,0,14,1,1,0.0,4,4,1.0,0.9170476794242859,1
-egA8-b7-3M/17,21,3.052,3.1973333333333334,0.0,0,15,1,1,0.0,4,4,1.0,0.9142935276031494,1
-egA8-b7-3M/17,22,3.1973333333333334,3.3426666666666667,0.8440366983413696,1,15,1,1,0.6000000238418579,5,5,1.0,0.9113479852676392,1
-egA8-b7-3M/17,23,3.3426666666666667,3.4880000000000004,1.0,1,14,1,1,0.1428571492433548,4,4,1.0,0.904901385307312,1
-egA8-b7-3M/17,24,3.4880000000000004,3.6333333333333337,1.0,1,15,1,1,0.3333333432674408,5,5,1.0,0.9050218462944031,1
-egA8-b7-3M/17,25,3.6333333333333337,3.778666666666667,1.0,1,14,1,1,0.2857142984867096,4,4,1.0,0.9091631174087524,1
-egA8-b7-3M/17,26,3.778666666666667,3.9240000000000004,1.0,1,15,1,1,0.0,4,4,1.0,0.9091895222663879,1
-egA8-b7-3M/17,27,3.9240000000000004,4.069333333333334,1.0,1,14,1,1,0.2857142984867096,5,5,1.0,0.9069952964782715,1
-egA8-b7-3M/17,28,4.069333333333334,4.214666666666667,1.0,1,15,1,1,0.2666666805744171,4,4,1.0,0.9071916341781616,1
-egA8-b7-3M/17,29,4.214666666666667,4.36,1.0,1,14,1,1,0.0714285746216774,4,4,1.0,0.909523069858551,1
-egA8-b7-3M/17,30,4.36,4.505333333333334,1.0,1,15,1,1,0.20000000298023224,5,5,1.0,0.9172648191452026,1
-egA8-b7-3M/17,31,4.505333333333334,4.650666666666667,1.0,1,14,1,1,0.5714285969734192,4,4,1.0,0.9133829474449158,1
-egA8-b7-3M/17,32,4.650666666666667,4.796,1.0,1,15,1,1,0.6666666865348816,4,4,1.0,0.9153846502304077,1
-egA8-b7-3M/17,33,4.796,4.941333333333334,1.0,1,14,1,1,1.0,5,5,1.0,0.9191581606864929,1
-egA8-b7-3M/17,34,4.941333333333334,5.086666666666667,0.4724770784378052,1,15,1,1,0.3333333432674408,4,4,1.0,0.9199783802032471,1
-egA8-b7-3M/17,35,5.086666666666667,5.232,0.0,0,14,1,1,0.0,4,4,1.0,0.9249558448791504,1
-egA8-b7-3M/17,36,5.232,5.3773333333333335,0.9449541568756104,1,15,1,1,0.4000000059604645,5,5,1.0,0.9271373748779297,1
-egA8-b7-3M/17,37,5.3773333333333335,5.522666666666667,1.0,1,15,1,1,0.46666666865348816,4,4,1.0,0.9234899282455444,1
-egA8-b7-3M/17,38,5.522666666666667,5.668,1.0,1,14,1,1,0.1428571492433548,5,5,1.0,0.9216223955154419,1
-egA8-b7-3M/17,39,5.668,5.8133333333333335,1.0,1,15,1,1,1.0,4,4,1.0,0.918822705745697,1
-egA8-b7-3M/17,40,5.8133333333333335,5.958666666666667,1.0,1,14,1,1,0.7142857313156128,4,4,1.0,0.9212164878845215,1
-egA8-b7-3M/17,41,5.958666666666667,6.104,1.0,1,15,1,1,0.7333333492279053,5,5,1.0,0.9214400053024292,1
-egA8-b7-3M/17,42,6.104,6.249333333333333,1.0,1,14,1,1,0.0714285746216774,4,4,1.0,0.917178750038147,1
-egA8-b7-3M/17,43,6.249333333333333,6.394666666666667,1.0,1,15,1,1,0.2666666805744171,4,4,1.0,0.9176251292228699,1
-egA8-b7-3M/17,44,6.394666666666667,6.54,1.0,1,14,1,1,0.0,5,5,1.0,0.9176163673400879,1
-egA8-b7-3M/17,45,6.54,6.685333333333333,0.2752293646335602,1,15,1,1,0.0,4,4,1.0,0.9195486903190613,1
-egA8-b7-3M/17,46,6.685333333333333,6.830666666666667,0.0,0,14,1,1,0.0,4,4,1.0,0.9190751910209656,1
-egA8-b7-3M/17,47,6.830666666666667,6.976000000000001,0.0,0,15,1,1,0.0,5,5,1.0,0.9191650152206421,1
-egA8-b7-3M/17,48,6.976000000000001,7.121333333333334,0.0,0,11,1,1,0.0,4,4,1.0,0.9200363755226135,1
-egA8-b7-3M/17,49,7.121333333333334,7.266666666666667,0.0,0,0,0,0,0.0,1,1,1.0,0.9143378138542175,1
-egA8-b7-3M/18,0,0.0,0.16733333333333333,0.0,0,16,1,1,0.0,6,6,1.0,0.9196354746818542,1
-egA8-b7-3M/18,1,0.16733333333333333,0.33466666666666667,0.0,0,17,1,1,0.0,5,5,1.0,0.9181692004203796,1
-egA8-b7-3M/18,2,0.33466666666666667,0.502,0.0,0,16,1,1,0.0,5,5,1.0,0.9206581115722656,1
-egA8-b7-3M/18,3,0.502,0.6693333333333333,0.9521912336349487,1,17,1,1,0.23529411852359772,5,5,1.0,0.9160541296005249,1
-egA8-b7-3M/18,4,0.6693333333333333,0.8366666666666667,1.0,1,17,1,1,0.23529411852359772,5,5,1.0,0.9168127179145813,1
-egA8-b7-3M/18,5,0.8366666666666667,1.004,1.0,1,17,1,1,0.23529411852359772,5,5,1.0,0.9208332300186157,1
-egA8-b7-3M/18,6,1.004,1.1713333333333333,1.0,1,16,1,1,0.375,5,5,1.0,0.9245230555534363,1
-egA8-b7-3M/18,7,1.1713333333333333,1.3386666666666667,1.0,1,17,1,1,0.05882352963089943,5,5,1.0,0.9200564622879028,1
-egA8-b7-3M/18,8,1.3386666666666667,1.506,1.0,1,17,1,1,0.8823529481887817,5,5,1.0,0.9235737919807434,1
-egA8-b7-3M/18,9,1.506,1.6733333333333333,1.0,1,17,1,1,0.5882353186607361,5,5,1.0,0.9224352836608887,1
-egA8-b7-3M/18,10,1.6733333333333333,1.8406666666666667,1.0,1,16,1,1,0.875,5,5,1.0,0.9206296801567078,1
-egA8-b7-3M/18,11,1.8406666666666667,2.008,1.0,1,17,1,1,0.23529411852359772,5,5,1.0,0.9187641143798828,1
-egA8-b7-3M/18,12,2.008,2.1753333333333336,1.0,1,17,1,1,0.11764705926179886,5,5,1.0,0.9168217778205872,1
-egA8-b7-3M/18,13,2.1753333333333336,2.3426666666666667,1.0,1,17,1,1,0.29411765933036804,5,5,1.0,0.9191266298294067,1
-egA8-b7-3M/18,14,2.3426666666666667,2.51,1.0,1,16,1,1,0.375,5,5,1.0,0.92210453748703,1
-egA8-b7-3M/18,15,2.51,2.6773333333333333,1.0,1,17,1,1,0.4117647111415863,5,5,1.0,0.9179375767707825,1
-egA8-b7-3M/18,16,2.6773333333333333,2.844666666666667,1.0,1,17,1,1,0.23529411852359772,5,5,1.0,0.9155970811843872,1
-egA8-b7-3M/18,17,2.844666666666667,3.012,1.0,1,16,1,1,0.0,5,5,1.0,0.9180938005447388,1
-egA8-b7-3M/18,18,3.012,3.179333333333333,1.0,1,17,1,1,0.05882352963089943,5,5,1.0,0.9177454113960266,1
-egA8-b7-3M/18,19,3.179333333333333,3.3466666666666667,1.0,1,17,1,1,0.0,5,5,1.0,0.9170907735824585,1
-egA8-b7-3M/18,20,3.3466666666666667,3.5140000000000002,1.0,1,17,1,1,0.05882352963089943,5,5,1.0,0.9165986180305481,1
-egA8-b7-3M/18,21,3.5140000000000002,3.6813333333333333,1.0,1,16,1,1,0.0,5,5,1.0,0.9191567301750183,1
-egA8-b7-3M/18,22,3.6813333333333333,3.8486666666666665,0.2310757040977478,1,17,1,1,0.0,5,5,1.0,0.9231753349304199,1
-egA8-b7-3M/18,23,3.8486666666666665,4.016,0.0,0,17,1,1,0.0,5,5,1.0,0.9217121005058289,1
-egA8-b7-3M/18,24,4.016,4.183333333333334,0.49800798296928406,1,17,1,1,0.0,5,5,1.0,0.916824460029602,1
-egA8-b7-3M/18,25,4.183333333333334,4.350666666666667,1.0,1,16,1,1,0.0,5,5,1.0,0.9114160537719727,1
-egA8-b7-3M/18,26,4.350666666666667,4.518,1.0,1,17,1,1,0.7058823704719543,5,5,1.0,0.9126454591751099,1
-egA8-b7-3M/18,27,4.518,4.685333333333333,1.0,1,17,1,1,0.05882352963089943,5,5,1.0,0.917141318321228,1
-egA8-b7-3M/18,28,4.685333333333333,4.852666666666667,1.0,1,17,1,1,0.529411792755127,5,5,1.0,0.9188019037246704,1
-egA8-b7-3M/18,29,4.852666666666667,5.02,1.0,1,16,1,1,0.375,5,5,1.0,0.9150087237358093,1
-egA8-b7-3M/18,30,5.02,5.187333333333333,1.0,1,17,1,1,0.4117647111415863,5,5,1.0,0.9126693606376648,1
-egA8-b7-3M/18,31,5.187333333333333,5.354666666666667,1.0,1,17,1,1,0.05882352963089943,5,5,1.0,0.9090412259101868,1
-egA8-b7-3M/18,32,5.354666666666667,5.522,1.0,1,16,1,1,0.3125,5,5,1.0,0.9119067192077637,1
-egA8-b7-3M/18,33,5.522,5.689333333333334,1.0,1,17,1,1,0.23529411852359772,5,5,1.0,0.9131981134414673,1
-egA8-b7-3M/18,34,5.689333333333334,5.8566666666666665,1.0,1,17,1,1,0.3529411852359772,5,5,1.0,0.9155204892158508,1
-egA8-b7-3M/18,35,5.8566666666666665,6.024,0.2589641511440277,1,17,1,1,0.0,5,5,1.0,0.913990318775177,1
-egA8-b7-3M/18,36,6.024,6.191333333333334,0.0,0,16,1,1,0.0,5,5,1.0,0.9163472056388855,1
-egA8-b7-3M/18,37,6.191333333333334,6.358666666666666,0.0,0,17,1,1,0.0,5,5,1.0,0.9146900177001953,1
-egA8-b7-3M/18,38,6.358666666666666,6.526,0.9322709441184998,1,17,1,1,0.3529411852359772,5,5,1.0,0.907939612865448,1
-egA8-b7-3M/18,39,6.526,6.693333333333333,1.0,1,17,1,1,0.3529411852359772,5,5,1.0,0.9093765020370483,1
-egA8-b7-3M/18,40,6.693333333333333,6.860666666666667,1.0,1,16,1,1,0.375,5,5,1.0,0.911950409412384,1
-egA8-b7-3M/18,41,6.860666666666667,7.0280000000000005,1.0,1,17,1,1,0.5882353186607361,5,5,1.0,0.9130604863166809,1
-egA8-b7-3M/18,42,7.0280000000000005,7.195333333333333,1.0,1,17,1,1,0.6470588445663452,5,5,1.0,0.9153784513473511,1
-egA8-b7-3M/18,43,7.195333333333333,7.362666666666667,1.0,1,17,1,1,0.3529411852359772,5,5,1.0,0.9203506708145142,1
-egA8-b7-3M/18,44,7.362666666666667,7.53,1.0,1,16,1,1,0.0625,5,5,1.0,0.9221841096878052,1
-egA8-b7-3M/18,45,7.53,7.697333333333333,1.0,1,17,1,1,0.0,5,5,1.0,0.9208593368530273,1
-egA8-b7-3M/18,46,7.697333333333333,7.8646666666666665,0.613545835018158,1,17,1,1,0.0,5,5,1.0,0.9170907139778137,1
-egA8-b7-3M/18,47,7.8646666666666665,8.032,0.0,0,16,1,1,0.0,5,5,1.0,0.9127737879753113,1
-egA8-b7-3M/18,48,8.032,8.199333333333334,0.0,0,17,1,1,0.0,5,5,1.0,0.9152228236198425,1
-egA8-b7-3M/18,49,8.199333333333334,8.366666666666667,0.0,0,6,1,1,0.0,4,4,1.0,0.9177939295768738,1
-egA8-b7-3M/16,0,0.0,0.11066666666666666,0.0,0,10,1,1,0.0,4,4,1.0,0.9163844585418701,1
-egA8-b7-3M/16,1,0.11066666666666666,0.22133333333333333,0.0,0,11,1,1,0.0,3,3,1.0,0.919327437877655,1
-egA8-b7-3M/16,2,0.22133333333333333,0.33199999999999996,0.0,0,11,1,1,0.0,3,3,1.0,0.9161853194236755,1
-egA8-b7-3M/16,3,0.33199999999999996,0.44266666666666665,0.6566265225410461,1,12,1,1,0.0,4,4,1.0,0.9080724716186523,1
-egA8-b7-3M/16,4,0.44266666666666665,0.5533333333333333,1.0,1,11,1,1,0.0,3,3,1.0,0.9109398722648621,1
-egA8-b7-3M/16,5,0.5533333333333333,0.6639999999999999,1.0,1,11,1,1,1.0,3,3,1.0,0.9107478260993958,1
-egA8-b7-3M/16,6,0.6639999999999999,0.7746666666666666,1.0,1,11,1,1,0.8181818127632141,4,4,1.0,0.909022867679596,1
-egA8-b7-3M/16,7,0.7746666666666666,0.8853333333333333,1.0,1,11,1,1,0.0,3,3,1.0,0.9084058403968811,1
-egA8-b7-3M/16,8,0.8853333333333333,0.996,1.0,1,11,1,1,0.5454545617103577,3,3,1.0,0.9100797772407532,1
-egA8-b7-3M/16,9,0.996,1.1066666666666667,1.0,1,11,1,1,0.7272727489471436,4,4,1.0,0.907596230506897,1
-egA8-b7-3M/16,10,1.1066666666666667,1.2173333333333334,1.0,1,11,1,1,0.27272728085517883,3,3,1.0,0.9075982570648193,1
-egA8-b7-3M/16,11,1.2173333333333334,1.3279999999999998,1.0,1,11,1,1,0.27272728085517883,3,3,1.0,0.9090065360069275,1
-egA8-b7-3M/16,12,1.3279999999999998,1.4386666666666665,1.0,1,11,1,1,0.5454545617103577,4,4,1.0,0.9082392454147339,1
-egA8-b7-3M/16,13,1.4386666666666665,1.5493333333333332,1.0,1,11,1,1,0.0,3,3,1.0,0.9096367955207825,1
-egA8-b7-3M/16,14,1.5493333333333332,1.66,1.0,1,11,1,1,0.6363636255264282,3,3,1.0,0.9088510870933533,1
-egA8-b7-3M/16,15,1.66,1.7706666666666666,1.0,1,11,1,1,0.6363636255264282,4,4,1.0,0.9084551930427551,1
-egA8-b7-3M/16,16,1.7706666666666666,1.8813333333333333,1.0,1,11,1,1,0.0,3,3,1.0,0.908576250076294,1
-egA8-b7-3M/16,17,1.8813333333333333,1.992,1.0,1,11,1,1,0.3636363744735718,3,3,1.0,0.9049217104911804,1
-egA8-b7-3M/16,18,1.992,2.1026666666666665,1.0,1,12,1,1,0.25,4,4,1.0,0.913351833820343,1
-egA8-b7-3M/16,19,2.1026666666666665,2.2133333333333334,1.0,1,11,1,1,0.3636363744735718,3,3,1.0,0.9107289910316467,1
-egA8-b7-3M/16,20,2.2133333333333334,2.324,1.0,1,11,1,1,0.0,3,3,1.0,0.9104637503623962,1
-egA8-b7-3M/16,21,2.324,2.4346666666666668,1.0,1,11,1,1,0.3636363744735718,4,4,1.0,0.9111219644546509,1
-egA8-b7-3M/16,22,2.4346666666666668,2.5453333333333332,1.0,1,11,1,1,0.1818181872367859,3,3,1.0,0.9126057028770447,1
-egA8-b7-3M/16,23,2.5453333333333332,2.6559999999999997,1.0,1,11,1,1,0.5454545617103577,3,3,1.0,0.9138829112052917,1
-egA8-b7-3M/16,24,2.6559999999999997,2.7666666666666666,1.0,1,11,1,1,0.3636363744735718,3,3,1.0,0.915804386138916,1
-egA8-b7-3M/16,25,2.7666666666666666,2.877333333333333,1.0,1,11,1,1,0.0,4,4,1.0,0.9134377241134644,1
-egA8-b7-3M/16,26,2.877333333333333,2.988,1.0,1,11,1,1,0.0,3,3,1.0,0.9150022864341736,1
-egA8-b7-3M/16,27,2.988,3.0986666666666665,1.0,1,11,1,1,0.1818181872367859,3,3,1.0,0.9157165884971619,1
-egA8-b7-3M/16,28,3.0986666666666665,3.2093333333333334,1.0,1,11,1,1,0.5454545617103577,4,4,1.0,0.91698157787323,1
-egA8-b7-3M/16,29,3.2093333333333334,3.32,1.0,1,11,1,1,0.6363636255264282,3,3,1.0,0.9162425398826599,1
-egA8-b7-3M/16,30,3.32,3.4306666666666668,1.0,1,11,1,1,0.3636363744735718,3,3,1.0,0.9145751595497131,1
-egA8-b7-3M/16,31,3.4306666666666668,3.541333333333333,1.0,1,11,1,1,0.6363636255264282,4,4,1.0,0.9186549186706543,1
-egA8-b7-3M/16,32,3.541333333333333,3.6519999999999997,1.0,1,11,1,1,0.3636363744735718,3,3,1.0,0.9200291037559509,1
-egA8-b7-3M/16,33,3.6519999999999997,3.7626666666666666,1.0,1,12,1,1,0.1666666716337204,3,3,1.0,0.9204480051994324,1
-egA8-b7-3M/16,34,3.7626666666666666,3.873333333333333,1.0,1,11,1,1,0.0,4,4,1.0,0.916975200176239,1
-egA8-b7-3M/16,35,3.873333333333333,3.984,1.0,1,11,1,1,0.0,3,3,1.0,0.9100956916809082,1
-egA8-b7-3M/16,36,3.984,4.094666666666667,1.0,1,11,1,1,0.5454545617103577,3,3,1.0,0.9135324954986572,1
-egA8-b7-3M/16,37,4.094666666666667,4.205333333333333,1.0,1,11,1,1,0.0,4,4,1.0,0.9138203859329224,1
-egA8-b7-3M/16,38,4.205333333333333,4.316,1.0,1,11,1,1,0.5454545617103577,3,3,1.0,0.9104101061820984,1
-egA8-b7-3M/16,39,4.316,4.426666666666667,1.0,1,11,1,1,0.0,3,3,1.0,0.911954939365387,1
-egA8-b7-3M/16,40,4.426666666666667,4.537333333333333,1.0,1,11,1,1,0.9090909361839294,4,4,1.0,0.9103854298591614,1
-egA8-b7-3M/16,41,4.537333333333333,4.648,1.0,1,11,1,1,0.1818181872367859,3,3,1.0,0.9096035957336426,1
-egA8-b7-3M/16,42,4.648,4.758666666666667,1.0,1,11,1,1,0.0,3,3,1.0,0.9102732539176941,1
-egA8-b7-3M/16,43,4.758666666666667,4.8693333333333335,1.0,1,11,1,1,0.0,4,4,1.0,0.9095814228057861,1
-egA8-b7-3M/16,44,4.8693333333333335,4.9799999999999995,0.8192771077156067,1,11,1,1,0.0,3,3,1.0,0.9104023575782776,1
-egA8-b7-3M/16,45,4.9799999999999995,5.0906666666666665,0.0,0,11,1,1,0.0,3,3,1.0,0.9109905362129211,1
-egA8-b7-3M/16,46,5.0906666666666665,5.201333333333333,0.0,0,11,1,1,0.0,4,4,1.0,0.9108011722564697,1
-egA8-b7-3M/16,47,5.201333333333333,5.311999999999999,0.0,0,11,1,1,0.0,3,3,1.0,0.9085502624511719,1
-egA8-b7-3M/16,48,5.311999999999999,5.422666666666666,0.0,0,12,1,1,0.0,3,3,1.0,0.9102151989936829,1
-egA8-b7-3M/16,49,5.422666666666666,5.533333333333333,0.0,0,4,1,1,0.0,3,3,1.0,0.9098342061042786,1
-egA8-b7-3M/13,0,0.0,0.08333333333333334,0.0,0,8,1,1,0.0,3,3,1.0,0.9155922532081604,1
-egA8-b7-3M/13,1,0.08333333333333334,0.16666666666666669,0.0,0,8,1,1,0.0,3,3,1.0,0.9165027141571045,1
-egA8-b7-3M/13,2,0.16666666666666669,0.25,0.0,0,8,1,1,0.0,2,2,1.0,0.9156368970870972,1
-egA8-b7-3M/13,3,0.25,0.33333333333333337,0.0,0,9,1,1,0.0,3,3,1.0,0.9149460792541504,1
-egA8-b7-3M/13,4,0.33333333333333337,0.41666666666666674,0.0,0,8,1,1,0.0,2,2,1.0,0.9152661561965942,1
-egA8-b7-3M/13,5,0.41666666666666674,0.5,0.0,0,8,1,1,0.0,2,2,1.0,0.921330451965332,1
-egA8-b7-3M/13,6,0.5,0.5833333333333334,0.8799999952316284,1,9,1,1,0.1111111119389534,3,3,1.0,0.9204022288322449,1
-egA8-b7-3M/13,7,0.5833333333333334,0.6666666666666667,1.0,1,8,1,1,0.0,3,3,1.0,0.9240550994873047,1
-egA8-b7-3M/13,8,0.6666666666666667,0.7500000000000001,1.0,1,8,1,1,0.5,2,2,1.0,0.9250756502151489,1
-egA8-b7-3M/13,9,0.7500000000000001,0.8333333333333335,1.0,1,9,1,1,0.5555555820465088,3,3,1.0,0.9257346987724304,1
-egA8-b7-3M/13,10,0.8333333333333335,0.9166666666666667,1.0,1,8,1,1,0.125,2,2,1.0,0.9285805225372314,1
-egA8-b7-3M/13,11,0.9166666666666667,1.0,1.0,1,8,1,1,0.75,2,2,1.0,0.9231051206588745,1
-egA8-b7-3M/13,12,1.0,1.0833333333333335,1.0,1,9,1,1,1.0,3,3,1.0,0.9232635498046875,1
-egA8-b7-3M/13,13,1.0833333333333335,1.1666666666666667,1.0,1,8,1,1,0.625,2,2,1.0,0.9207218885421753,1
-egA8-b7-3M/13,14,1.1666666666666667,1.2500000000000002,1.0,1,8,1,1,1.0,3,3,1.0,0.9215638041496277,1
-egA8-b7-3M/13,15,1.2500000000000002,1.3333333333333335,1.0,1,9,1,1,0.0,3,3,1.0,0.9246041178703308,1
-egA8-b7-3M/13,16,1.3333333333333335,1.4166666666666667,1.0,1,8,1,1,0.0,2,2,1.0,0.9221838116645813,1
-egA8-b7-3M/13,17,1.4166666666666667,1.5000000000000002,1.0,1,8,1,1,0.625,3,3,1.0,0.9189624190330505,1
-egA8-b7-3M/13,18,1.5000000000000002,1.5833333333333335,1.0,1,9,1,1,0.1111111119389534,2,2,1.0,0.9182252883911133,1
-egA8-b7-3M/13,19,1.5833333333333335,1.666666666666667,1.0,1,8,1,1,0.0,3,3,1.0,0.9186319708824158,1
-egA8-b7-3M/13,20,1.666666666666667,1.7500000000000002,1.0,1,8,1,1,0.0,2,2,1.0,0.9204474687576294,1
-egA8-b7-3M/13,21,1.7500000000000002,1.8333333333333335,0.6000000238418579,1,9,1,1,0.0,3,3,1.0,0.919488251209259,1
-egA8-b7-3M/13,22,1.8333333333333335,1.916666666666667,0.0,0,8,1,1,0.0,2,2,1.0,0.9195470213890076,1
-egA8-b7-3M/13,23,1.916666666666667,2.0,0.0,0,8,1,1,0.0,2,2,1.0,0.9181326627731323,1
-egA8-b7-3M/13,24,2.0,2.0833333333333335,0.0,0,9,1,1,0.0,3,3,1.0,0.9118474125862122,1
-egA8-b7-3M/13,25,2.0833333333333335,2.166666666666667,0.0,0,8,1,1,0.0,3,3,1.0,0.9128634929656982,1
-egA8-b7-3M/13,26,2.166666666666667,2.2500000000000004,0.0,0,8,1,1,0.0,2,2,1.0,0.9168424010276794,1
-egA8-b7-3M/13,27,2.2500000000000004,2.3333333333333335,0.1599999964237213,1,9,1,1,0.0,2,2,1.0,0.9175924062728882,1
-egA8-b7-3M/13,28,2.3333333333333335,2.416666666666667,1.0,1,8,1,1,0.0,3,3,1.0,0.9190270900726318,1
-egA8-b7-3M/13,29,2.416666666666667,2.5000000000000004,1.0,1,8,1,1,0.5,3,3,1.0,0.9160737991333008,1
-egA8-b7-3M/13,30,2.5000000000000004,2.5833333333333335,1.0,1,9,1,1,0.3333333432674408,2,2,1.0,0.9107010364532471,1
-egA8-b7-3M/13,31,2.5833333333333335,2.666666666666667,1.0,1,8,1,1,0.0,3,3,1.0,0.9036906361579895,1
-egA8-b7-3M/13,32,2.666666666666667,2.7500000000000004,1.0,1,8,1,1,0.25,2,2,1.0,0.9000128507614136,1
-egA8-b7-3M/13,33,2.7500000000000004,2.8333333333333335,1.0,1,9,1,1,0.1111111119389534,2,2,1.0,0.900698721408844,1
-egA8-b7-3M/13,34,2.8333333333333335,2.916666666666667,1.0,1,8,1,1,0.875,3,3,1.0,0.9068414568901062,1
-egA8-b7-3M/13,35,2.916666666666667,3.0000000000000004,1.0,1,8,1,1,0.375,3,3,1.0,0.9088531136512756,1
-egA8-b7-3M/13,36,3.0000000000000004,3.0833333333333335,1.0,1,9,1,1,0.3333333432674408,2,2,1.0,0.912900447845459,1
-egA8-b7-3M/13,37,3.0833333333333335,3.166666666666667,1.0,1,8,1,1,0.75,3,3,1.0,0.9135961532592773,1
-egA8-b7-3M/13,38,3.166666666666667,3.2500000000000004,1.0,1,8,1,1,0.0,2,2,1.0,0.91502845287323,1
-egA8-b7-3M/13,39,3.2500000000000004,3.333333333333334,1.0,1,9,1,1,0.0,3,3,1.0,0.9143950343132019,1
-egA8-b7-3M/13,40,3.333333333333334,3.416666666666667,1.0,1,8,1,1,0.0,2,2,1.0,0.9116454124450684,1
-egA8-b7-3M/13,41,3.416666666666667,3.5000000000000004,1.0,1,8,1,1,0.625,3,3,1.0,0.9098847508430481,1
-egA8-b7-3M/13,42,3.5000000000000004,3.583333333333334,0.6000000238418579,1,9,1,1,0.3333333432674408,2,2,1.0,0.9096294045448303,1
-egA8-b7-3M/13,43,3.583333333333334,3.666666666666667,0.0,0,8,1,1,0.0,3,3,1.0,0.9085688591003418,1
-egA8-b7-3M/13,44,3.666666666666667,3.7500000000000004,0.0,0,8,1,1,0.0,2,2,1.0,0.9061811566352844,1
-egA8-b7-3M/13,45,3.7500000000000004,3.833333333333334,0.0,0,9,1,1,0.0,3,3,1.0,0.9070954322814941,1
-egA8-b7-3M/13,46,3.833333333333334,3.916666666666667,0.0,0,8,1,1,0.0,2,2,1.0,0.9073173403739929,1
-egA8-b7-3M/13,47,3.916666666666667,4.0,0.0,0,8,1,1,0.0,2,2,1.0,0.908121645450592,1
-egA8-b7-3M/13,48,4.0,4.083333333333334,0.0,0,1,1,1,0.0,2,2,1.0,0.9178874492645264,1
-egA8-b7-3M/13,49,4.083333333333334,4.166666666666667,0.0,0,0,0,0,0.0,1,1,1.0,0.9228165149688721,1
-egA8-b7-3M/1,0,0.0,0.20466666666666666,1.0,1,20,1,1,0.75,7,7,1.0,0.9169548749923706,1
-egA8-b7-3M/1,1,0.20466666666666666,0.4093333333333333,1.0,1,20,1,1,0.5,6,6,1.0,0.9156981110572815,1
-egA8-b7-3M/1,2,0.4093333333333333,0.614,1.0,1,21,1,1,0.095238097012043,6,6,1.0,0.9173513054847717,1
-egA8-b7-3M/1,3,0.614,0.8186666666666667,1.0,1,20,1,1,0.3499999940395355,6,6,1.0,0.9195768237113953,1
-egA8-b7-3M/1,4,0.8186666666666667,1.0233333333333334,0.44625407457351685,1,21,1,1,0.3333333432674408,6,6,1.0,0.9079930186271667,1
-egA8-b7-3M/1,5,1.0233333333333334,1.228,0.1856677532196045,1,20,1,1,0.0,6,6,1.0,0.9120316505432129,1
-egA8-b7-3M/1,6,1.228,1.4326666666666665,1.0,1,21,1,1,0.1428571492433548,6,6,1.0,0.9245230555534363,1
-egA8-b7-3M/1,7,1.4326666666666665,1.6373333333333333,1.0,1,20,1,1,0.6499999761581421,7,7,1.0,0.9219055771827698,1
-egA8-b7-3M/1,8,1.6373333333333333,1.842,1.0,1,20,1,1,0.0,6,6,1.0,0.9173963069915771,1
-egA8-b7-3M/1,9,1.842,2.046666666666667,1.0,1,21,1,1,0.0476190485060215,6,6,1.0,0.9181984066963196,1
-egA8-b7-3M/1,10,2.046666666666667,2.251333333333333,1.0,1,20,1,1,0.25,6,6,1.0,0.9207858443260193,1
-egA8-b7-3M/1,11,2.251333333333333,2.456,1.0,1,21,1,1,0.2857142984867096,6,6,1.0,0.9194104075431824,1
-egA8-b7-3M/1,12,2.456,2.6606666666666667,1.0,1,20,1,1,0.6000000238418579,6,6,1.0,0.9207983016967773,1
-egA8-b7-3M/1,13,2.6606666666666667,2.865333333333333,1.0,1,21,1,1,0.3333333432674408,6,6,1.0,0.9126439690589905,1
-egA8-b7-3M/1,14,2.865333333333333,3.07,1.0,1,20,1,1,0.10000000149011612,7,7,1.0,0.9187780022621155,1
-egA8-b7-3M/1,15,3.07,3.2746666666666666,1.0,1,21,1,1,0.190476194024086,6,6,1.0,0.9240837693214417,1
-egA8-b7-3M/1,16,3.2746666666666666,3.4793333333333334,1.0,1,20,1,1,0.10000000149011612,6,6,1.0,0.9256060719490051,1
-egA8-b7-3M/1,17,3.4793333333333334,3.684,1.0,1,21,1,1,0.4285714328289032,6,6,1.0,0.9230628609657288,1
-egA8-b7-3M/1,18,3.684,3.8886666666666665,1.0,1,20,1,1,0.10000000149011612,6,6,1.0,0.9244043231010437,1
-egA8-b7-3M/1,19,3.8886666666666665,4.093333333333334,1.0,1,21,1,1,0.0,6,6,1.0,0.92707759141922,1
-egA8-b7-3M/1,20,4.093333333333334,4.298,0.17915309965610504,1,20,1,1,0.0,6,6,1.0,0.9224322438240051,1
-egA8-b7-3M/1,21,4.298,4.502666666666666,0.061889249831438065,1,21,1,1,0.0,7,7,1.0,0.9197466969490051,1
-egA8-b7-3M/1,22,4.502666666666666,4.707333333333334,1.0,1,20,1,1,0.699999988079071,6,6,1.0,0.9125358462333679,1
-egA8-b7-3M/1,23,4.707333333333334,4.912,1.0,1,20,1,1,0.25,6,6,1.0,0.9098496437072754,1
-egA8-b7-3M/1,24,4.912,5.116666666666666,1.0,1,21,1,1,0.4285714328289032,6,6,1.0,0.9124784469604492,1
-egA8-b7-3M/1,25,5.116666666666666,5.3213333333333335,1.0,1,20,1,1,0.20000000298023224,6,6,1.0,0.9211379885673523,1
-egA8-b7-3M/1,26,5.3213333333333335,5.526,1.0,1,21,1,1,0.2857142984867096,6,6,1.0,0.9229447841644287,1
-egA8-b7-3M/1,27,5.526,5.730666666666666,1.0,1,20,1,1,0.0,6,6,1.0,0.9242603182792664,1
-egA8-b7-3M/1,28,5.730666666666666,5.935333333333333,0.4364820718765259,1,21,1,1,0.0,7,7,1.0,0.9231531023979187,1
-egA8-b7-3M/1,29,5.935333333333333,6.14,0.0,0,20,1,1,0.0,6,6,1.0,0.9199671149253845,1
-egA8-b7-3M/1,30,6.14,6.344666666666667,0.02280130237340927,1,21,1,1,0.0,6,6,1.0,0.9135453104972839,1
-egA8-b7-3M/1,31,6.344666666666667,6.549333333333333,1.0,1,20,1,1,0.550000011920929,6,6,1.0,0.9075033068656921,1
-egA8-b7-3M/1,32,6.549333333333333,6.754,1.0,1,21,1,1,0.3333333432674408,6,6,1.0,0.9060330390930176,1
-egA8-b7-3M/1,33,6.754,6.958666666666667,1.0,1,20,1,1,0.6000000238418579,6,6,1.0,0.9081885814666748,1
-egA8-b7-3M/1,34,6.958666666666667,7.163333333333333,1.0,1,21,1,1,0.5714285969734192,6,6,1.0,0.9112969040870667,1
-egA8-b7-3M/1,35,7.163333333333333,7.368,1.0,1,20,1,1,0.20000000298023224,7,7,1.0,0.9132608771324158,1
-egA8-b7-3M/1,36,7.368,7.572666666666667,1.0,1,21,1,1,0.190476194024086,6,6,1.0,0.9137787222862244,1
-egA8-b7-3M/1,37,7.572666666666667,7.777333333333333,1.0,1,20,1,1,0.0,6,6,1.0,0.9188202023506165,1
-egA8-b7-3M/1,38,7.777333333333333,7.982,1.0,1,20,1,1,0.15000000596046448,6,6,1.0,0.9222319722175598,1
-egA8-b7-3M/1,39,7.982,8.186666666666667,1.0,1,21,1,1,0.190476194024086,6,6,1.0,0.9161831736564636,1
-egA8-b7-3M/1,40,8.186666666666667,8.391333333333334,1.0,1,20,1,1,0.5,6,6,1.0,0.9092769026756287,1
-egA8-b7-3M/1,41,8.391333333333334,8.596,1.0,1,21,1,1,0.3333333432674408,6,6,1.0,0.9113955497741699,1
-egA8-b7-3M/1,42,8.596,8.800666666666666,1.0,1,20,1,1,0.05000000074505806,7,7,1.0,0.9124028086662292,1
-egA8-b7-3M/1,43,8.800666666666666,9.005333333333333,1.0,1,21,1,1,0.1428571492433548,6,6,1.0,0.9132583737373352,1
-egA8-b7-3M/1,44,9.005333333333333,9.209999999999999,1.0,1,20,1,1,0.0,6,6,1.0,0.9113106727600098,1
-egA8-b7-3M/1,45,9.209999999999999,9.414666666666667,1.0,1,21,1,1,0.0,6,6,1.0,0.9112749695777893,1
-egA8-b7-3M/1,46,9.414666666666667,9.619333333333334,1.0,1,20,1,1,0.0,6,6,1.0,0.9108638763427734,1
-egA8-b7-3M/1,47,9.619333333333334,9.824,0.05211726203560829,1,21,1,1,0.0,6,6,1.0,0.9124823212623596,1
-egA8-b7-3M/1,48,9.824,10.028666666666666,0.0,0,20,1,1,0.0,6,6,1.0,0.9115529656410217,1
-egA8-b7-3M/1,49,10.028666666666666,10.233333333333333,0.0,0,12,1,1,0.0,5,5,1.0,0.9131401777267456,1
-egA8-b7-3M/6,0,0.0,0.12466666666666666,0.0,0,12,1,1,0.0,4,4,1.0,0.9143550395965576,1
-egA8-b7-3M/6,1,0.12466666666666666,0.24933333333333332,0.0,0,12,1,1,0.0,4,4,1.0,0.9092080593109131,1
-egA8-b7-3M/6,2,0.24933333333333332,0.374,0.0,0,13,1,1,0.0,4,4,1.0,0.9055298566818237,1
-egA8-b7-3M/6,3,0.374,0.49866666666666665,0.31016042828559875,1,12,1,1,0.0,3,3,1.0,0.9099984169006348,1
-egA8-b7-3M/6,4,0.49866666666666665,0.6233333333333333,1.0,1,13,1,1,0.4615384638309479,4,4,1.0,0.9094085097312927,1
-egA8-b7-3M/6,5,0.6233333333333333,0.748,1.0,1,12,1,1,0.75,4,4,1.0,0.9125617742538452,1
-egA8-b7-3M/6,6,0.748,0.8726666666666666,1.0,1,13,1,1,0.0,4,4,1.0,0.9155467748641968,1
-egA8-b7-3M/6,7,0.8726666666666666,0.9973333333333333,0.6791443824768066,1,12,1,1,0.0,3,3,1.0,0.9152897000312805,1
-egA8-b7-3M/6,8,0.9973333333333333,1.1219999999999999,1.0,1,12,1,1,0.3333333432674408,4,4,1.0,0.9117729663848877,1
-egA8-b7-3M/6,9,1.1219999999999999,1.2466666666666666,1.0,1,13,1,1,0.23076923191547394,4,4,1.0,0.9067827463150024,1
-egA8-b7-3M/6,10,1.2466666666666666,1.3713333333333333,1.0,1,12,1,1,0.3333333432674408,4,4,1.0,0.9073314666748047,1
-egA8-b7-3M/6,11,1.3713333333333333,1.496,1.0,1,13,1,1,0.692307710647583,3,3,1.0,0.908271849155426,1
-egA8-b7-3M/6,12,1.496,1.6206666666666667,1.0,1,12,1,1,0.8333333134651184,4,4,1.0,0.9078439474105835,1
-egA8-b7-3M/6,13,1.6206666666666667,1.7453333333333332,1.0,1,13,1,1,0.07692307978868484,4,4,1.0,0.9059677720069885,1
-egA8-b7-3M/6,14,1.7453333333333332,1.8699999999999999,1.0,1,12,1,1,0.4166666567325592,4,4,1.0,0.9079371690750122,1
-egA8-b7-3M/6,15,1.8699999999999999,1.9946666666666666,1.0,1,13,1,1,0.3076923191547394,3,3,1.0,0.908302366733551,1
-egA8-b7-3M/6,16,1.9946666666666666,2.119333333333333,1.0,1,12,1,1,0.1666666716337204,4,4,1.0,0.9070066809654236,1
-egA8-b7-3M/6,17,2.119333333333333,2.2439999999999998,1.0,1,13,1,1,0.23076923191547394,4,4,1.0,0.9138898253440857,1
-egA8-b7-3M/6,18,2.2439999999999998,2.3686666666666665,1.0,1,12,1,1,0.1666666716337204,4,4,1.0,0.9140798449516296,1
-egA8-b7-3M/6,19,2.3686666666666665,2.493333333333333,1.0,1,13,1,1,0.4615384638309479,3,3,1.0,0.9133002161979675,1
-egA8-b7-3M/6,20,2.493333333333333,2.618,1.0,1,12,1,1,0.25,4,4,1.0,0.9132928848266602,1
-egA8-b7-3M/6,21,2.618,2.7426666666666666,1.0,1,13,1,1,0.1538461595773697,4,4,1.0,0.9172670841217041,1
-egA8-b7-3M/6,22,2.7426666666666666,2.8673333333333333,1.0,1,12,1,1,0.1666666716337204,4,4,1.0,0.9173742532730103,1
-egA8-b7-3M/6,23,2.8673333333333333,2.992,1.0,1,12,1,1,0.9166666865348816,3,3,1.0,0.920276939868927,1
-egA8-b7-3M/6,24,2.992,3.1166666666666667,1.0,1,13,1,1,0.3076923191547394,4,4,1.0,0.9222419857978821,1
-egA8-b7-3M/6,25,3.1166666666666667,3.2413333333333334,1.0,1,12,1,1,0.5,4,4,1.0,0.9177560210227966,1
-egA8-b7-3M/6,26,3.2413333333333334,3.3659999999999997,1.0,1,13,1,1,0.07692307978868484,3,3,1.0,0.9114964604377747,1
-egA8-b7-3M/6,27,3.3659999999999997,3.4906666666666664,1.0,1,12,1,1,0.0833333358168602,4,4,1.0,0.9064643979072571,1
-egA8-b7-3M/6,28,3.4906666666666664,3.615333333333333,1.0,1,13,1,1,0.07692307978868484,4,4,1.0,0.9034978747367859,1
-egA8-b7-3M/6,29,3.615333333333333,3.7399999999999998,1.0,1,12,1,1,0.1666666716337204,4,4,1.0,0.9028079509735107,1
-egA8-b7-3M/6,30,3.7399999999999998,3.8646666666666665,1.0,1,13,1,1,0.3076923191547394,3,3,1.0,0.9048774242401123,1
-egA8-b7-3M/6,31,3.8646666666666665,3.989333333333333,1.0,1,12,1,1,0.0833333358168602,4,4,1.0,0.9085922241210938,1
-egA8-b7-3M/6,32,3.989333333333333,4.114,0.9679144620895386,1,13,1,1,0.07692307978868484,4,4,1.0,0.90848308801651,1
-egA8-b7-3M/6,33,4.114,4.238666666666666,0.7112299203872681,1,12,1,1,0.0833333358168602,4,4,1.0,0.9044928550720215,1
-egA8-b7-3M/6,34,4.238666666666666,4.363333333333333,1.0,1,13,1,1,0.23076923191547394,3,3,1.0,0.9054761528968811,1
-egA8-b7-3M/6,35,4.363333333333333,4.4879999999999995,1.0,1,12,1,1,0.75,4,4,1.0,0.9163646697998047,1
-egA8-b7-3M/6,36,4.4879999999999995,4.612666666666667,1.0,1,13,1,1,0.1538461595773697,4,4,1.0,0.9141673445701599,1
-egA8-b7-3M/6,37,4.612666666666667,4.737333333333333,1.0,1,12,1,1,0.9166666865348816,4,4,1.0,0.9094915390014648,1
-egA8-b7-3M/6,38,4.737333333333333,4.862,1.0,1,12,1,1,0.3333333432674408,3,3,1.0,0.9105522036552429,1
-egA8-b7-3M/6,39,4.862,4.986666666666666,1.0,1,13,1,1,0.3076923191547394,4,4,1.0,0.907646894454956,1
-egA8-b7-3M/6,40,4.986666666666666,5.1113333333333335,1.0,1,12,1,1,0.5833333134651184,4,4,1.0,0.9084362387657166,1
-egA8-b7-3M/6,41,5.1113333333333335,5.236,1.0,1,13,1,1,0.23076923191547394,4,4,1.0,0.9090395569801331,1
-egA8-b7-3M/6,42,5.236,5.360666666666666,1.0,1,12,1,1,0.0,3,3,1.0,0.9097124934196472,1
-egA8-b7-3M/6,43,5.360666666666666,5.485333333333333,1.0,1,13,1,1,0.0,4,4,1.0,0.9102926254272461,1
-egA8-b7-3M/6,44,5.485333333333333,5.609999999999999,0.759358286857605,1,12,1,1,0.0,4,4,1.0,0.9093082547187805,1
-egA8-b7-3M/6,45,5.609999999999999,5.734666666666667,0.0,0,13,1,1,0.0,4,4,1.0,0.9064338207244873,1
-egA8-b7-3M/6,46,5.734666666666667,5.859333333333333,0.0,0,12,1,1,0.0,3,3,1.0,0.9049150347709656,1
-egA8-b7-3M/6,47,5.859333333333333,5.984,0.0,0,13,1,1,0.0,4,4,1.0,0.9128507971763611,1
-egA8-b7-3M/6,48,5.984,6.108666666666666,0.0,0,12,1,1,0.0,4,4,1.0,0.9137741923332214,1
-egA8-b7-3M/6,49,6.108666666666666,6.233333333333333,0.0,0,6,1,1,0.0,3,3,1.0,0.9133990406990051,1
-egA8-b7-3M/9,0,0.0,0.10133333333333333,0.0,0,9,1,1,0.0,4,4,1.0,0.9194287061691284,1
-egA8-b7-3M/9,1,0.10133333333333333,0.20266666666666666,0.0,0,11,1,1,0.0,3,3,1.0,0.9160012602806091,1
-egA8-b7-3M/9,2,0.20266666666666666,0.304,0.0,0,10,1,1,0.0,3,3,1.0,0.9207139015197754,1
-egA8-b7-3M/9,3,0.304,0.4053333333333333,0.0,0,10,1,1,0.0,3,3,1.0,0.9217271208763123,1
-egA8-b7-3M/9,4,0.4053333333333333,0.5066666666666666,0.5592105388641357,1,10,1,1,0.0,3,3,1.0,0.923123836517334,1
-egA8-b7-3M/9,5,0.5066666666666666,0.608,1.0,1,10,1,1,0.0,3,3,1.0,0.9180493950843811,1
-egA8-b7-3M/9,6,0.608,0.7093333333333334,1.0,1,10,1,1,0.800000011920929,3,3,1.0,0.9161228537559509,1
-egA8-b7-3M/9,7,0.7093333333333334,0.8106666666666666,1.0,1,10,1,1,0.10000000149011612,3,3,1.0,0.9153425097465515,1
-egA8-b7-3M/9,8,0.8106666666666666,0.9119999999999999,1.0,1,10,1,1,0.8999999761581421,3,3,1.0,0.9130551815032959,1
-egA8-b7-3M/9,9,0.9119999999999999,1.0133333333333332,1.0,1,11,1,1,0.9090909361839294,3,3,1.0,0.9089164137840271,1
-egA8-b7-3M/9,10,1.0133333333333332,1.1146666666666667,1.0,1,10,1,1,0.6000000238418579,3,3,1.0,0.9126967787742615,1
-egA8-b7-3M/9,11,1.1146666666666667,1.216,1.0,1,10,1,1,0.0,3,3,1.0,0.913081169128418,1
-egA8-b7-3M/9,12,1.216,1.3173333333333332,1.0,1,10,1,1,0.699999988079071,3,3,1.0,0.9087867736816406,1
-egA8-b7-3M/9,13,1.3173333333333332,1.4186666666666667,1.0,1,10,1,1,0.6000000238418579,3,3,1.0,0.9035609364509583,1
-egA8-b7-3M/9,14,1.4186666666666667,1.52,1.0,1,10,1,1,0.4000000059604645,3,3,1.0,0.9011269211769104,1
-egA8-b7-3M/9,15,1.52,1.6213333333333333,1.0,1,10,1,1,0.5,3,3,1.0,0.9004859328269958,1
-egA8-b7-3M/9,16,1.6213333333333333,1.7226666666666666,1.0,1,11,1,1,0.0,3,3,1.0,0.9053681492805481,1
-egA8-b7-3M/9,17,1.7226666666666666,1.8239999999999998,1.0,1,10,1,1,0.699999988079071,3,3,1.0,0.9100134968757629,1
-egA8-b7-3M/9,18,1.8239999999999998,1.9253333333333333,1.0,1,10,1,1,0.8999999761581421,3,3,1.0,0.9109086990356445,1
-egA8-b7-3M/9,19,1.9253333333333333,2.0266666666666664,1.0,1,10,1,1,0.10000000149011612,3,3,1.0,0.91609787940979,1
-egA8-b7-3M/9,20,2.0266666666666664,2.128,1.0,1,10,1,1,0.0,3,3,1.0,0.9169033169746399,1
-egA8-b7-3M/9,21,2.128,2.2293333333333334,1.0,1,10,1,1,0.0,3,3,1.0,0.9154586791992188,1
-egA8-b7-3M/9,22,2.2293333333333334,2.3306666666666667,1.0,1,10,1,1,0.4000000059604645,3,3,1.0,0.9179416298866272,1
-egA8-b7-3M/9,23,2.3306666666666667,2.432,1.0,1,10,1,1,0.10000000149011612,3,3,1.0,0.9217799305915833,1
-egA8-b7-3M/9,24,2.432,2.533333333333333,1.0,1,11,1,1,0.3636363744735718,3,3,1.0,0.92015141248703,1
-egA8-b7-3M/9,25,2.533333333333333,2.6346666666666665,1.0,1,10,1,1,0.0,4,4,1.0,0.9143738746643066,1
-egA8-b7-3M/9,26,2.6346666666666665,2.7359999999999998,1.0,1,10,1,1,0.20000000298023224,3,3,1.0,0.9074478149414062,1
-egA8-b7-3M/9,27,2.7359999999999998,2.8373333333333335,1.0,1,10,1,1,0.0,3,3,1.0,0.9080967903137207,1
-egA8-b7-3M/9,28,2.8373333333333335,2.9386666666666668,1.0,1,10,1,1,0.0,3,3,1.0,0.9111685156822205,1
-egA8-b7-3M/9,29,2.9386666666666668,3.04,1.0,1,10,1,1,0.4000000059604645,3,3,1.0,0.9132153987884521,1
-egA8-b7-3M/9,30,3.04,3.1413333333333333,1.0,1,10,1,1,0.5,3,3,1.0,0.9144353270530701,1
-egA8-b7-3M/9,31,3.1413333333333333,3.2426666666666666,1.0,1,11,1,1,0.5454545617103577,3,3,1.0,0.9138229489326477,1
-egA8-b7-3M/9,32,3.2426666666666666,3.344,1.0,1,10,1,1,0.699999988079071,3,3,1.0,0.9083273410797119,1
-egA8-b7-3M/9,33,3.344,3.445333333333333,1.0,1,10,1,1,0.6000000238418579,3,3,1.0,0.910200834274292,1
-egA8-b7-3M/9,34,3.445333333333333,3.5466666666666664,1.0,1,10,1,1,0.0,3,3,1.0,0.9158836007118225,1
-egA8-b7-3M/9,35,3.5466666666666664,3.6479999999999997,1.0,1,10,1,1,0.0,3,3,1.0,0.9189148545265198,1
-egA8-b7-3M/9,36,3.6479999999999997,3.7493333333333334,1.0,1,10,1,1,0.10000000149011612,3,3,1.0,0.9226856231689453,1
-egA8-b7-3M/9,37,3.7493333333333334,3.8506666666666667,1.0,1,10,1,1,0.0,3,3,1.0,0.9231554865837097,1
-egA8-b7-3M/9,38,3.8506666666666667,3.952,1.0,1,10,1,1,0.10000000149011612,3,3,1.0,0.9228642582893372,1
-egA8-b7-3M/9,39,3.952,4.053333333333333,1.0,1,11,1,1,0.09090909361839294,3,3,1.0,0.922609806060791,1
-egA8-b7-3M/9,40,4.053333333333333,4.1546666666666665,1.0,1,10,1,1,0.20000000298023224,3,3,1.0,0.9229022860527039,1
-egA8-b7-3M/9,41,4.1546666666666665,4.256,1.0,1,10,1,1,0.0,3,3,1.0,0.9227041602134705,1
-egA8-b7-3M/9,42,4.256,4.357333333333333,1.0,1,10,1,1,0.0,3,3,1.0,0.9225893616676331,1
-egA8-b7-3M/9,43,4.357333333333333,4.458666666666667,0.8157894611358643,1,10,1,1,0.0,3,3,1.0,0.9220805168151855,1
-egA8-b7-3M/9,44,4.458666666666667,4.56,0.0,0,10,1,1,0.0,3,3,1.0,0.9212586283683777,1
-egA8-b7-3M/9,45,4.56,4.661333333333333,0.0,0,10,1,1,0.0,3,3,1.0,0.9211534857749939,1
-egA8-b7-3M/9,46,4.661333333333333,4.762666666666666,0.0,0,11,1,1,0.0,3,3,1.0,0.9199541211128235,1
-egA8-b7-3M/9,47,4.762666666666666,4.864,0.0,0,10,1,1,0.0,3,3,1.0,0.9219129085540771,1
-egA8-b7-3M/9,48,4.864,4.965333333333334,0.0,0,6,1,1,0.0,2,2,1.0,0.9200197458267212,1
-egA8-b7-3M/9,49,4.965333333333334,5.066666666666666,0.0,0,0,0,0,0.0,2,2,1.0,0.9115784168243408,1
-egA8-b7-3M/20,0,0.0,0.13266666666666665,0.0,0,13,1,1,0.0,4,4,1.0,0.9063838720321655,1
-egA8-b7-3M/20,1,0.13266666666666665,0.2653333333333333,0.0,0,13,1,1,0.0,4,4,1.0,0.9147919416427612,1
-egA8-b7-3M/20,2,0.2653333333333333,0.39799999999999996,0.0,0,13,1,1,0.0,4,4,1.0,0.9243127107620239,1
-egA8-b7-3M/20,3,0.39799999999999996,0.5306666666666666,0.3065326511859894,1,13,1,1,0.0,4,4,1.0,0.9166077971458435,1
-egA8-b7-3M/20,4,0.5306666666666666,0.6633333333333333,1.0,1,14,1,1,0.5,4,4,1.0,0.9143749475479126,1
-egA8-b7-3M/20,5,0.6633333333333333,0.7959999999999999,1.0,1,13,1,1,0.6153846383094788,4,4,1.0,0.9174032211303711,1
-egA8-b7-3M/20,6,0.7959999999999999,0.9286666666666665,1.0,1,13,1,1,0.23076923191547394,4,4,1.0,0.9242810010910034,1
-egA8-b7-3M/20,7,0.9286666666666665,1.0613333333333332,1.0,1,13,1,1,0.1538461595773697,4,4,1.0,0.9254344701766968,1
-egA8-b7-3M/20,8,1.0613333333333332,1.194,1.0,1,14,1,1,0.1428571492433548,4,4,1.0,0.924658477306366,1
-egA8-b7-3M/20,9,1.194,1.3266666666666667,1.0,1,13,1,1,0.0,4,4,1.0,0.924666166305542,1
-egA8-b7-3M/20,10,1.3266666666666667,1.4593333333333331,1.0,1,13,1,1,0.5384615659713745,4,4,1.0,0.9199442267417908,1
-egA8-b7-3M/20,11,1.4593333333333331,1.5919999999999999,1.0,1,13,1,1,0.3076923191547394,4,4,1.0,0.9241963624954224,1
-egA8-b7-3M/20,12,1.5919999999999999,1.7246666666666666,1.0,1,14,1,1,0.0,4,4,1.0,0.9198075532913208,1
-egA8-b7-3M/20,13,1.7246666666666666,1.857333333333333,1.0,1,13,1,1,0.07692307978868484,4,4,1.0,0.9217401146888733,1
-egA8-b7-3M/20,14,1.857333333333333,1.9899999999999998,1.0,1,13,1,1,0.0,4,4,1.0,0.9219525456428528,1
-egA8-b7-3M/20,15,1.9899999999999998,2.1226666666666665,1.0,1,14,1,1,0.2142857164144516,4,4,1.0,0.9196926355361938,1
-egA8-b7-3M/20,16,2.1226666666666665,2.255333333333333,1.0,1,13,1,1,0.1538461595773697,4,4,1.0,0.922813892364502,1
-egA8-b7-3M/20,17,2.255333333333333,2.388,1.0,1,13,1,1,0.3076923191547394,4,4,1.0,0.9219476580619812,1
-egA8-b7-3M/20,18,2.388,2.5206666666666666,1.0,1,13,1,1,0.0,4,4,1.0,0.9178102612495422,1
-egA8-b7-3M/20,19,2.5206666666666666,2.6533333333333333,1.0,1,14,1,1,0.0714285746216774,4,4,1.0,0.9166601896286011,1
-egA8-b7-3M/20,20,2.6533333333333333,2.7859999999999996,1.0,1,13,1,1,0.0,4,4,1.0,0.9194526672363281,1
-egA8-b7-3M/20,21,2.7859999999999996,2.9186666666666663,1.0,1,13,1,1,0.0,4,4,1.0,0.9182271957397461,1
-egA8-b7-3M/20,22,2.9186666666666663,3.051333333333333,1.0,1,13,1,1,0.3076923191547394,4,4,1.0,0.919948399066925,1
-egA8-b7-3M/20,23,3.051333333333333,3.1839999999999997,1.0,1,14,1,1,0.0,4,4,1.0,0.9209455251693726,1
-egA8-b7-3M/20,24,3.1839999999999997,3.3166666666666664,1.0,1,13,1,1,0.0,4,4,1.0,0.9205355644226074,1
-egA8-b7-3M/20,25,3.3166666666666664,3.449333333333333,0.8542713522911072,1,13,1,1,0.0,4,4,1.0,0.9191876649856567,1
-egA8-b7-3M/20,26,3.449333333333333,3.582,0.0,0,13,1,1,0.0,4,4,1.0,0.9219954609870911,1
-egA8-b7-3M/20,27,3.582,3.714666666666666,0.0,0,14,1,1,0.0,4,4,1.0,0.9225481152534485,1
-egA8-b7-3M/20,28,3.714666666666666,3.847333333333333,0.0,0,13,1,1,0.0,4,4,1.0,0.9229212403297424,1
-egA8-b7-3M/20,29,3.847333333333333,3.9799999999999995,0.6030150651931763,1,13,1,1,0.0,4,4,1.0,0.9168925881385803,1
-egA8-b7-3M/20,30,3.9799999999999995,4.112666666666667,1.0,1,14,1,1,0.2142857164144516,4,4,1.0,0.9107316732406616,1
-egA8-b7-3M/20,31,4.112666666666667,4.245333333333333,1.0,1,13,1,1,0.3076923191547394,4,4,1.0,0.9049844145774841,1
-egA8-b7-3M/20,32,4.245333333333333,4.377999999999999,1.0,1,13,1,1,0.1538461595773697,4,4,1.0,0.9052040576934814,1
-egA8-b7-3M/20,33,4.377999999999999,4.510666666666666,1.0,1,13,1,1,0.1538461595773697,4,4,1.0,0.9087501168251038,1
-egA8-b7-3M/20,34,4.510666666666666,4.643333333333333,1.0,1,14,1,1,0.2142857164144516,4,4,1.0,0.9166189432144165,1
-egA8-b7-3M/20,35,4.643333333333333,4.776,1.0,1,13,1,1,0.0,4,4,1.0,0.920083224773407,1
-egA8-b7-3M/20,36,4.776,4.908666666666666,1.0,1,13,1,1,0.5384615659713745,4,4,1.0,0.9182775616645813,1
-egA8-b7-3M/20,37,4.908666666666666,5.041333333333333,1.0,1,13,1,1,0.1538461595773697,4,4,1.0,0.920407772064209,1
-egA8-b7-3M/20,38,5.041333333333333,5.1739999999999995,1.0,1,14,1,1,0.0,4,4,1.0,0.9212210178375244,1
-egA8-b7-3M/20,39,5.1739999999999995,5.306666666666667,1.0,1,13,1,1,0.0,4,4,1.0,0.9193325638771057,1
-egA8-b7-3M/20,40,5.306666666666667,5.439333333333333,1.0,1,13,1,1,0.0,4,4,1.0,0.9175795316696167,1
-egA8-b7-3M/20,41,5.439333333333333,5.571999999999999,1.0,1,13,1,1,0.0,4,4,1.0,0.9176755547523499,1
-egA8-b7-3M/20,42,5.571999999999999,5.704666666666666,1.0,1,14,1,1,0.0,4,4,1.0,0.9189620614051819,1
-egA8-b7-3M/20,43,5.704666666666666,5.837333333333333,1.0,1,13,1,1,0.0,4,4,1.0,0.9179112911224365,1
-egA8-b7-3M/20,44,5.837333333333333,5.97,0.7738693356513977,1,13,1,1,0.0,4,4,1.0,0.918960452079773,1
-egA8-b7-3M/20,45,5.97,6.102666666666666,0.0,0,14,1,1,0.0,4,4,1.0,0.9197993278503418,1
-egA8-b7-3M/20,46,6.102666666666666,6.235333333333333,0.0,0,13,1,1,0.0,4,4,1.0,0.9171732068061829,1
-egA8-b7-3M/20,47,6.235333333333333,6.367999999999999,0.0,0,13,1,1,0.0,4,4,1.0,0.9190166592597961,1
-egA8-b7-3M/20,48,6.367999999999999,6.500666666666666,0.0,0,9,1,1,0.0,3,3,1.0,0.9196045398712158,1
-egA8-b7-3M/20,49,6.500666666666666,6.633333333333333,0.0,0,0,0,0,0.0,1,1,1.0,0.9185479283332825,1
-iRBcNs9oI8/3,0,0.0,0.112112,0.0,0,10,1,1,0.0,4,0,0.0,0.0,0
-iRBcNs9oI8/3,1,0.112112,0.224224,0.0,0,12,1,0,0.0,3,0,0.0,0.0,0
-iRBcNs9oI8/3,2,0.224224,0.336336,0.0,0,11,1,0,0.0,4,0,0.0,0.0,0
-iRBcNs9oI8/3,3,0.336336,0.448448,0.0,0,11,1,1,0.09090909361839294,3,0,0.0,0.0,0
-iRBcNs9oI8/3,4,0.448448,0.5605600000000001,0.0941915214061737,1,11,1,1,0.09090909361839294,3,0,0.0,0.0,0
-iRBcNs9oI8/3,5,0.5605600000000001,0.672672,1.0,1,12,1,1,0.0,4,0,0.0,0.0,0
-iRBcNs9oI8/3,6,0.672672,0.784784,1.0,1,11,1,1,0.09090909361839294,3,0,0.0,0.0,0
-iRBcNs9oI8/3,7,0.784784,0.896896,1.0,1,11,1,1,0.0,3,0,0.0,0.0,0
-iRBcNs9oI8/3,8,0.896896,1.0090080000000001,1.0,1,11,1,1,0.1818181872367859,4,0,0.0,0.0,0
-iRBcNs9oI8/3,9,1.0090080000000001,1.1211200000000001,1.0,1,11,1,1,0.09090909361839294,3,0,0.0,0.0,0
-iRBcNs9oI8/3,10,1.1211200000000001,1.233232,1.0,1,12,1,1,0.0,3,0,0.0,0.0,0
-iRBcNs9oI8/3,11,1.233232,1.345344,1.0,1,11,1,1,0.4545454680919647,4,0,0.0,0.0,0
-iRBcNs9oI8/3,12,1.345344,1.457456,1.0,1,11,1,1,0.3636363744735718,3,0,0.0,0.0,0
-iRBcNs9oI8/3,13,1.457456,1.569568,0.1118881106376648,1,11,1,1,0.8181818127632141,4,0,0.0,0.0,0
-iRBcNs9oI8/3,14,1.569568,1.68168,0.0,0,11,1,0,0.1818181872367859,3,0,0.0,0.0,0
-iRBcNs9oI8/3,15,1.68168,1.793792,0.0,0,12,1,0,0.0,3,0,0.0,0.0,0
-iRBcNs9oI8/3,16,1.793792,1.905904,0.3202511668205261,1,11,1,1,0.0,4,0,0.0,0.0,0
-iRBcNs9oI8/3,17,1.905904,2.0180160000000003,1.0,1,11,1,1,0.0,3,0,0.0,0.0,0
-iRBcNs9oI8/3,18,2.0180160000000003,2.130128,1.0,1,11,1,1,0.4545454680919647,3,0,0.0,0.0,0
-iRBcNs9oI8/3,19,2.130128,2.2422400000000002,1.0,1,11,1,1,0.3636363744735718,4,0,0.0,0.0,0
-iRBcNs9oI8/3,20,2.2422400000000002,2.354352,1.0,1,12,1,1,0.0,3,0,0.0,0.0,0
-iRBcNs9oI8/3,21,2.354352,2.466464,1.0,1,11,1,1,0.0,3,0,0.0,0.0,0
-iRBcNs9oI8/3,22,2.466464,2.578576,1.0,1,11,1,1,0.0,4,0,0.0,0.0,0
-iRBcNs9oI8/3,23,2.578576,2.690688,1.0,1,11,1,1,0.0,3,0,0.0,0.0,0
-iRBcNs9oI8/3,24,2.690688,2.8028,0.5290423631668091,1,12,1,1,0.0,3,0,0.0,0.0,0
-iRBcNs9oI8/3,25,2.8028,2.914912,0.0,0,11,1,0,0.0,4,0,0.0,0.0,0
-iRBcNs9oI8/3,26,2.914912,3.027024,0.0,0,11,1,0,0.0,3,0,0.0,0.0,0
-iRBcNs9oI8/3,27,3.027024,3.139136,0.0,0,11,1,0,0.0,4,0,0.0,0.0,0
-iRBcNs9oI8/3,28,3.139136,3.251248,0.0,0,11,1,0,0.0,3,0,0.0,0.0,0
-iRBcNs9oI8/3,29,3.251248,3.36336,0.3867560923099518,1,12,1,1,0.0,3,0,0.0,0.0,0
-iRBcNs9oI8/3,30,3.36336,3.475472,1.0,1,11,1,1,0.0,4,0,0.0,0.0,0
-iRBcNs9oI8/3,31,3.475472,3.587584,1.0,1,11,1,1,0.09090909361839294,3,0,0.0,0.0,0
-iRBcNs9oI8/3,32,3.587584,3.6996960000000003,1.0,1,11,1,1,0.0,3,0,0.0,0.0,0
-iRBcNs9oI8/3,33,3.6996960000000003,3.811808,1.0,1,11,1,1,0.0,4,0,0.0,0.0,0
-iRBcNs9oI8/3,34,3.811808,3.9239200000000003,1.0,1,12,1,1,0.4166666567325592,3,0,0.0,0.0,0
-iRBcNs9oI8/3,35,3.9239200000000003,4.0360320000000005,1.0,1,11,1,1,0.0,3,0,0.0,0.0,0
-iRBcNs9oI8/3,36,4.0360320000000005,4.148144,1.0,1,11,1,1,0.5454545617103577,4,0,0.0,0.0,0
-iRBcNs9oI8/3,37,4.148144,4.260256,1.0,1,11,1,1,0.9090909361839294,3,0,0.0,0.0,0
-iRBcNs9oI8/3,38,4.260256,4.372368,1.0,1,11,1,1,0.0,4,0,0.0,0.0,0
-iRBcNs9oI8/3,39,4.372368,4.4844800000000005,1.0,1,12,1,1,0.0,3,0,0.0,0.0,0
-iRBcNs9oI8/3,40,4.4844800000000005,4.596592,1.0,1,11,1,1,0.1818181872367859,3,0,0.0,0.0,0
-iRBcNs9oI8/3,41,4.596592,4.708704,0.7324104309082031,1,11,1,1,0.27272728085517883,4,0,0.0,0.0,0
-iRBcNs9oI8/3,42,4.708704,4.820816,1.0,1,11,1,1,0.0,3,0,0.0,0.0,0
-iRBcNs9oI8/3,43,4.820816,4.932928,1.0,1,12,1,1,0.0,3,0,0.0,0.0,0
-iRBcNs9oI8/3,44,4.932928,5.04504,1.0,1,11,1,1,0.09090909361839294,4,0,0.0,0.0,0
-iRBcNs9oI8/3,45,5.04504,5.157152,1.0,1,11,1,1,0.1818181872367859,3,0,0.0,0.0,0
-iRBcNs9oI8/3,46,5.157152,5.269264,1.0,1,11,1,1,0.09090909361839294,3,0,0.0,0.0,0
-iRBcNs9oI8/3,47,5.269264,5.381376,1.0,1,11,1,1,0.1818181872367859,4,0,0.0,0.0,0
-iRBcNs9oI8/3,48,5.381376,5.493488,0.5229056477546692,1,12,1,1,0.0,3,0,0.0,0.0,0
-iRBcNs9oI8/3,49,5.493488,5.6056,0.0,0,3,1,1,0.0,2,0,0.0,0.0,0
-iRBcNs9oI8/7,0,0.0,0.08141466666666666,1.0,1,7,1,1,0.0,3,0,0.0,0.0,0
-iRBcNs9oI8/7,1,0.08141466666666666,0.16282933333333333,1.0,1,9,1,1,0.0,2,0,0.0,0.0,0
-iRBcNs9oI8/7,2,0.16282933333333333,0.244244,1.0,1,8,1,1,0.0,3,0,0.0,0.0,0
-iRBcNs9oI8/7,3,0.244244,0.32565866666666665,1.0,1,8,1,1,0.0,2,0,0.0,0.0,0
-iRBcNs9oI8/7,4,0.32565866666666665,0.4070733333333333,1.0,1,8,1,1,0.0,3,0,0.0,0.0,0
-iRBcNs9oI8/7,5,0.4070733333333333,0.488488,0.8957436084747314,1,8,1,1,0.0,2,0,0.0,0.0,0
-iRBcNs9oI8/7,6,0.488488,0.5699026666666667,0.0,0,8,1,1,0.0,3,0,0.0,0.0,0
-iRBcNs9oI8/7,7,0.5699026666666667,0.6513173333333333,0.0,0,8,1,0,0.0,2,0,0.0,0.0,0
-iRBcNs9oI8/7,8,0.6513173333333333,0.7327319999999999,0.0,0,9,1,0,0.0,2,0,0.0,0.0,0
-iRBcNs9oI8/7,9,0.7327319999999999,0.8141466666666666,0.0,0,8,1,0,0.0,3,0,0.0,0.0,0
-iRBcNs9oI8/7,10,0.8141466666666666,0.8955613333333333,0.0,0,8,1,1,0.0,2,0,0.0,0.0,0
-iRBcNs9oI8/7,11,0.8955613333333333,0.976976,0.0,0,8,1,1,0.0,3,0,0.0,0.0,0
-iRBcNs9oI8/7,12,0.976976,1.0583906666666667,0.0,0,8,1,1,0.0,2,0,0.0,0.0,0
-iRBcNs9oI8/7,13,1.0583906666666667,1.1398053333333333,0.0,0,8,1,1,0.0,3,0,0.0,0.0,0
-iRBcNs9oI8/7,14,1.1398053333333333,1.22122,0.0,0,8,1,0,0.0,2,0,0.0,0.0,0
-iRBcNs9oI8/7,15,1.22122,1.3026346666666666,0.0,0,9,1,1,0.0,3,0,0.0,0.0,0
-iRBcNs9oI8/7,16,1.3026346666666666,1.3840493333333332,0.9095330834388733,1,8,1,1,0.125,2,0,0.0,0.0,0
-iRBcNs9oI8/7,17,1.3840493333333332,1.4654639999999999,1.0,1,8,1,1,0.5,2,0,0.0,0.0,0
-iRBcNs9oI8/7,18,1.4654639999999999,1.5468786666666665,1.0,1,8,1,1,0.5,3,0,0.0,0.0,0
-iRBcNs9oI8/7,19,1.5468786666666665,1.6282933333333331,1.0,1,8,1,1,0.0,2,0,0.0,0.0,0
-iRBcNs9oI8/7,20,1.6282933333333331,1.709708,1.0,1,8,1,1,0.25,3,0,0.0,0.0,0
-iRBcNs9oI8/7,21,1.709708,1.7911226666666666,1.0,1,8,1,1,0.625,2,0,0.0,0.0,0
-iRBcNs9oI8/7,22,1.7911226666666666,1.8725373333333333,1.0,1,9,1,1,0.0,3,0,0.0,0.0,0
-iRBcNs9oI8/7,23,1.8725373333333333,1.953952,1.0,1,8,1,1,0.25,2,0,0.0,0.0,0
-iRBcNs9oI8/7,24,1.953952,2.0353666666666665,1.0,1,8,1,1,0.125,2,0,0.0,0.0,0
-iRBcNs9oI8/7,25,2.0353666666666665,2.1167813333333334,0.4253942668437958,1,8,1,1,0.125,3,0,0.0,0.0,0
-iRBcNs9oI8/7,26,2.1167813333333334,2.198196,0.0,0,8,1,1,0.25,2,0,0.0,0.0,0
-iRBcNs9oI8/7,27,2.198196,2.2796106666666667,0.0,0,8,1,0,0.0,3,0,0.0,0.0,0
-iRBcNs9oI8/7,28,2.2796106666666667,2.361025333333333,0.01259396318346262,1,8,1,0,0.0,2,0,0.0,0.0,0
-iRBcNs9oI8/7,29,2.361025333333333,2.44244,1.0,1,8,1,1,0.0,3,0,0.0,0.0,0
-iRBcNs9oI8/7,30,2.44244,2.5238546666666664,1.0,1,9,1,1,0.5555555820465088,2,0,0.0,0.0,0
-iRBcNs9oI8/7,31,2.5238546666666664,2.605269333333333,1.0,1,8,1,1,0.0,3,0,0.0,0.0,0
-iRBcNs9oI8/7,32,2.605269333333333,2.686684,1.0,1,8,1,1,0.25,2,0,0.0,0.0,0
-iRBcNs9oI8/7,33,2.686684,2.7680986666666665,1.0,1,8,1,1,0.0,2,0,0.0,0.0,0
-iRBcNs9oI8/7,34,2.7680986666666665,2.8495133333333333,1.0,1,8,1,1,0.0,3,0,0.0,0.0,0
-iRBcNs9oI8/7,35,2.8495133333333333,2.9309279999999998,1.0,1,8,1,1,0.0,2,0,0.0,0.0,0
-iRBcNs9oI8/7,36,2.9309279999999998,3.0123426666666666,1.0,1,8,1,1,0.0,3,0,0.0,0.0,0
-iRBcNs9oI8/7,37,3.0123426666666666,3.093757333333333,1.0,1,9,1,1,0.2222222238779068,2,0,0.0,0.0,0
-iRBcNs9oI8/7,38,3.093757333333333,3.175172,1.0,1,8,1,1,0.0,3,0,0.0,0.0,0
-iRBcNs9oI8/7,39,3.175172,3.2565866666666663,1.0,1,8,1,1,0.125,2,0,0.0,0.0,0
-iRBcNs9oI8/7,40,3.2565866666666663,3.338001333333333,1.0,1,8,1,1,0.625,3,0,0.0,0.0,0
-iRBcNs9oI8/7,41,3.338001333333333,3.419416,1.0,1,8,1,1,0.125,2,0,0.0,0.0,0
-iRBcNs9oI8/7,42,3.419416,3.5008306666666664,1.0,1,8,1,1,0.0,2,0,0.0,0.0,0
-iRBcNs9oI8/7,43,3.5008306666666664,3.5822453333333333,1.0,1,8,1,1,0.0,3,0,0.0,0.0,0
-iRBcNs9oI8/7,44,3.5822453333333333,3.6636599999999997,1.0,1,9,1,1,0.2222222238779068,2,0,0.0,0.0,0
-iRBcNs9oI8/7,45,3.6636599999999997,3.7450746666666666,0.6315160393714905,1,8,1,1,0.0,3,0,0.0,0.0,0
-iRBcNs9oI8/7,46,3.7450746666666666,3.826489333333333,1.0,1,8,1,1,0.0,2,0,0.0,0.0,0
-iRBcNs9oI8/7,47,3.826489333333333,3.907904,1.0,1,8,1,1,0.0,3,0,0.0,0.0,0
-iRBcNs9oI8/7,48,3.907904,3.9893186666666667,0.8855406641960144,1,8,1,1,0.375,1,0,0.0,0.0,0
-iRBcNs9oI8/7,49,3.9893186666666667,4.070733333333333,0.0,0,1,1,1,0.0,1,0,0.0,0.0,0
-iRBcNs9oI8/6,0,0.0,0.05739066666666667,1.0,1,5,1,1,0.0,2,0,0.0,0.0,0
-iRBcNs9oI8/6,1,0.05739066666666667,0.11478133333333335,1.0,1,6,1,1,0.1666666716337204,2,0,0.0,0.0,0
-iRBcNs9oI8/6,2,0.11478133333333335,0.17217200000000002,1.0,1,5,1,1,0.0,2,0,0.0,0.0,0
-iRBcNs9oI8/6,3,0.17217200000000002,0.2295626666666667,0.47726690769195557,1,6,1,1,0.0,1,0,0.0,0.0,0
-iRBcNs9oI8/6,4,0.2295626666666667,0.2869533333333334,1.0,1,6,1,1,0.0,2,0,0.0,0.0,0
-iRBcNs9oI8/6,5,0.2869533333333334,0.34434400000000004,1.0,1,6,1,1,0.0,2,0,0.0,0.0,0
-iRBcNs9oI8/6,6,0.34434400000000004,0.4017346666666667,1.0,1,5,1,1,0.0,2,0,0.0,0.0,0
-iRBcNs9oI8/6,7,0.4017346666666667,0.4591253333333334,1.0,1,6,1,1,0.0,1,0,0.0,0.0,0
-iRBcNs9oI8/6,8,0.4591253333333334,0.5165160000000001,1.0,1,6,1,1,0.1666666716337204,2,0,0.0,0.0,0
-iRBcNs9oI8/6,9,0.5165160000000001,0.5739066666666668,1.0,1,6,1,1,0.1666666716337204,2,0,0.0,0.0,0
-iRBcNs9oI8/6,10,0.5739066666666668,0.6312973333333334,1.0,1,5,1,1,0.0,1,0,0.0,0.0,0
-iRBcNs9oI8/6,11,0.6312973333333334,0.6886880000000001,1.0,1,6,1,1,0.0,2,0,0.0,0.0,0
-iRBcNs9oI8/6,12,0.6886880000000001,0.7460786666666668,1.0,1,6,1,1,0.1666666716337204,2,0,0.0,0.0,0
-iRBcNs9oI8/6,13,0.7460786666666668,0.8034693333333334,1.0,1,6,1,1,0.0,2,0,0.0,0.0,0
-iRBcNs9oI8/6,14,0.8034693333333334,0.8608600000000001,1.0,1,5,1,1,0.20000000298023224,1,0,0.0,0.0,0
-iRBcNs9oI8/6,15,0.8608600000000001,0.9182506666666668,1.0,1,6,1,1,0.0,2,0,0.0,0.0,0
-iRBcNs9oI8/6,16,0.9182506666666668,0.9756413333333335,1.0,1,6,1,1,0.1666666716337204,2,0,0.0,0.0,0
-iRBcNs9oI8/6,17,0.9756413333333335,1.0330320000000002,1.0,1,6,1,1,0.8333333134651184,1,0,0.0,0.0,0
-iRBcNs9oI8/6,18,1.0330320000000002,1.0904226666666668,1.0,1,5,1,1,0.6000000238418579,2,0,0.0,0.0,0
-iRBcNs9oI8/6,19,1.0904226666666668,1.1478133333333336,1.0,1,6,1,1,0.3333333432674408,2,0,0.0,0.0,0
-iRBcNs9oI8/6,20,1.1478133333333336,1.2052040000000002,1.0,1,6,1,1,0.5,2,0,0.0,0.0,0
-iRBcNs9oI8/6,21,1.2052040000000002,1.2625946666666668,1.0,1,6,1,1,0.0,1,0,0.0,0.0,0
-iRBcNs9oI8/6,22,1.2625946666666668,1.3199853333333336,1.0,1,5,1,1,0.0,2,0,0.0,0.0,0
-iRBcNs9oI8/6,23,1.3199853333333336,1.3773760000000002,1.0,1,6,1,1,0.0,2,0,0.0,0.0,0
-iRBcNs9oI8/6,24,1.3773760000000002,1.4347666666666667,1.0,1,6,1,1,0.0,1,0,0.0,0.0,0
-iRBcNs9oI8/6,25,1.4347666666666667,1.4921573333333336,1.0,1,5,1,1,0.0,2,0,0.0,0.0,0
-iRBcNs9oI8/6,26,1.4921573333333336,1.5495480000000001,1.0,1,6,1,1,0.0,2,0,0.0,0.0,0
-iRBcNs9oI8/6,27,1.5495480000000001,1.6069386666666667,1.0,1,6,1,1,0.0,2,0,0.0,0.0,0
-iRBcNs9oI8/6,28,1.6069386666666667,1.6643293333333335,1.0,1,6,1,1,1.0,1,0,0.0,0.0,0
-iRBcNs9oI8/6,29,1.6643293333333335,1.7217200000000001,1.0,1,5,1,1,0.20000000298023224,2,0,0.0,0.0,0
-iRBcNs9oI8/6,30,1.7217200000000001,1.779110666666667,1.0,1,6,1,1,0.0,2,0,0.0,0.0,0
-iRBcNs9oI8/6,31,1.779110666666667,1.8365013333333335,1.0,1,6,1,1,0.0,2,0,0.0,0.0,0
-iRBcNs9oI8/6,32,1.8365013333333335,1.8938920000000001,0.5836953520774841,1,6,1,1,0.0,1,0,0.0,0.0,0
-iRBcNs9oI8/6,33,1.8938920000000001,1.951282666666667,0.0,0,5,1,1,0.0,2,0,0.0,0.0,0
-iRBcNs9oI8/6,34,1.951282666666667,2.0086733333333338,0.0,0,6,1,1,0.0,2,0,0.0,0.0,0
-iRBcNs9oI8/6,35,2.0086733333333338,2.0660640000000003,0.0,0,6,1,1,0.0,1,0,0.0,0.0,0
-iRBcNs9oI8/6,36,2.0660640000000003,2.123454666666667,0.0,0,6,1,1,0.3333333432674408,2,0,0.0,0.0,0
-iRBcNs9oI8/6,37,2.123454666666667,2.1808453333333335,0.0,0,5,1,1,0.0,2,0,0.0,0.0,0
-iRBcNs9oI8/6,38,2.1808453333333335,2.238236,0.4919963777065277,1,6,1,1,0.0,2,0,0.0,0.0,0
-iRBcNs9oI8/6,39,2.238236,2.295626666666667,1.0,1,6,1,1,0.0,1,0,0.0,0.0,0
-iRBcNs9oI8/6,40,2.295626666666667,2.3530173333333337,1.0,1,6,1,1,0.0,2,0,0.0,0.0,0
-iRBcNs9oI8/6,41,2.3530173333333337,2.4104080000000003,1.0,1,5,1,1,0.0,2,0,0.0,0.0,0
-iRBcNs9oI8/6,42,2.4104080000000003,2.467798666666667,1.0,1,6,1,1,0.0,1,0,0.0,0.0,0
-iRBcNs9oI8/6,43,2.467798666666667,2.5251893333333335,1.0,1,6,1,1,0.0,2,0,0.0,0.0,0
-iRBcNs9oI8/6,44,2.5251893333333335,2.58258,1.0,1,6,1,1,0.0,2,0,0.0,0.0,0
-iRBcNs9oI8/6,45,2.58258,2.639970666666667,0.8262667655944824,1,5,1,1,0.0,2,0,0.0,0.0,0
-iRBcNs9oI8/6,46,2.639970666666667,2.6973613333333337,0.0,0,6,1,0,0.0,1,0,0.0,0.0,0
-iRBcNs9oI8/6,47,2.6973613333333337,2.7547520000000003,0.0,0,6,1,0,0.0,2,0,0.0,0.0,0
-iRBcNs9oI8/6,48,2.7547520000000003,2.812142666666667,0.0,0,5,1,0,0.0,1,0,0.0,0.0,0
-iRBcNs9oI8/6,49,2.812142666666667,2.8695333333333335,0.0,0,0,0,0,0.0,1,0,0.0,0.0,0
-iRBcNs9oI8/9,0,0.0,0.068068,1.0,1,6,1,1,0.3333333432674408,3,0,0.0,0.0,0
-iRBcNs9oI8/9,1,0.068068,0.136136,1.0,1,7,1,1,0.2857142984867096,2,0,0.0,0.0,0
-iRBcNs9oI8/9,2,0.136136,0.204204,1.0,1,7,1,1,0.7142857313156128,2,0,0.0,0.0,0
-iRBcNs9oI8/9,3,0.204204,0.272272,1.0,1,6,1,1,0.5,2,0,0.0,0.0,0
-iRBcNs9oI8/9,4,0.272272,0.34034000000000003,0.8480930924415588,1,7,1,1,0.0,2,0,0.0,0.0,0
-iRBcNs9oI8/9,5,0.34034000000000003,0.408408,0.0,0,7,1,1,0.0,2,0,0.0,0.0,0
-iRBcNs9oI8/9,6,0.408408,0.476476,0.0,0,7,1,1,0.0,2,0,0.0,0.0,0
-iRBcNs9oI8/9,7,0.476476,0.544544,0.0,0,7,1,0,0.0,2,0,0.0,0.0,0
-iRBcNs9oI8/9,8,0.544544,0.612612,0.0,0,7,1,0,0.0,2,0,0.0,0.0,0
-iRBcNs9oI8/9,9,0.612612,0.6806800000000001,0.0,0,6,1,0,0.0,2,0,0.0,0.0,0
-iRBcNs9oI8/9,10,0.6806800000000001,0.7487480000000001,0.0,0,7,1,0,0.0,2,0,0.0,0.0,0
-iRBcNs9oI8/9,11,0.7487480000000001,0.816816,0.0,0,7,1,0,0.0,2,0,0.0,0.0,0
-iRBcNs9oI8/9,12,0.816816,0.884884,0.0,0,7,1,0,0.0,2,0,0.0,0.0,0
-iRBcNs9oI8/9,13,0.884884,0.952952,0.0,0,7,1,0,0.0,2,0,0.0,0.0,0
-iRBcNs9oI8/9,14,0.952952,1.02102,0.0,0,6,1,0,0.0,2,0,0.0,0.0,0
-iRBcNs9oI8/9,15,1.02102,1.089088,0.0,0,7,1,0,0.0,2,0,0.0,0.0,0
-iRBcNs9oI8/9,16,1.089088,1.157156,0.0,0,7,1,0,0.0,2,0,0.0,0.0,0
-iRBcNs9oI8/9,17,1.157156,1.225224,0.0,0,7,1,0,0.0,2,0,0.0,0.0,0
-iRBcNs9oI8/9,18,1.225224,1.293292,0.0,0,7,1,0,0.0,2,0,0.0,0.0,0
-iRBcNs9oI8/9,19,1.293292,1.3613600000000001,0.31380385160446167,1,6,1,1,0.0,2,0,0.0,0.0,0
-iRBcNs9oI8/9,20,1.3613600000000001,1.4294280000000001,1.0,1,7,1,1,0.0,2,0,0.0,0.0,0
-iRBcNs9oI8/9,21,1.4294280000000001,1.4974960000000002,1.0,1,7,1,1,0.0,2,0,0.0,0.0,0
-iRBcNs9oI8/9,22,1.4974960000000002,1.5655640000000002,1.0,1,7,1,1,0.0,2,0,0.0,0.0,0
-iRBcNs9oI8/9,23,1.5655640000000002,1.633632,1.0,1,7,1,1,1.0,2,0,0.0,0.0,0
-iRBcNs9oI8/9,24,1.633632,1.7017,1.0,1,6,1,1,1.0,2,0,0.0,0.0,0
-iRBcNs9oI8/9,25,1.7017,1.769768,1.0,1,7,1,1,1.0,3,0,0.0,0.0,0
-iRBcNs9oI8/9,26,1.769768,1.837836,1.0,1,7,1,1,0.8571428656578064,2,0,0.0,0.0,0
-iRBcNs9oI8/9,27,1.837836,1.905904,1.0,1,7,1,1,0.5714285969734192,2,0,0.0,0.0,0
-iRBcNs9oI8/9,28,1.905904,1.973972,1.0,1,7,1,1,0.1428571492433548,2,0,0.0,0.0,0
-iRBcNs9oI8/9,29,1.973972,2.04204,0.382382333278656,1,6,1,1,0.6666666865348816,2,0,0.0,0.0,0
-iRBcNs9oI8/9,30,2.04204,2.1101080000000003,0.8830581307411194,1,7,1,1,0.0,2,0,0.0,0.0,0
-iRBcNs9oI8/9,31,2.1101080000000003,2.178176,1.0,1,7,1,1,0.5714285969734192,2,0,0.0,0.0,0
-iRBcNs9oI8/9,32,2.178176,2.246244,1.0,1,7,1,1,0.5714285969734192,2,0,0.0,0.0,0
-iRBcNs9oI8/9,33,2.246244,2.314312,1.0,1,7,1,1,0.0,2,0,0.0,0.0,0
-iRBcNs9oI8/9,34,2.314312,2.38238,1.0,1,6,1,1,0.0,2,0,0.0,0.0,0
-iRBcNs9oI8/9,35,2.38238,2.450448,1.0,1,7,1,1,0.0,2,0,0.0,0.0,0
-iRBcNs9oI8/9,36,2.450448,2.518516,1.0,1,7,1,1,0.0,2,0,0.0,0.0,0
-iRBcNs9oI8/9,37,2.518516,2.586584,1.0,1,7,1,1,0.0,2,0,0.0,0.0,0
-iRBcNs9oI8/9,38,2.586584,2.654652,1.0,1,7,1,1,0.0,2,0,0.0,0.0,0
-iRBcNs9oI8/9,39,2.654652,2.7227200000000003,1.0,1,7,1,1,0.0,2,0,0.0,0.0,0
-iRBcNs9oI8/9,40,2.7227200000000003,2.790788,1.0,1,6,1,1,0.0,2,0,0.0,0.0,0
-iRBcNs9oI8/9,41,2.790788,2.8588560000000003,0.869894802570343,1,7,1,0,0.0,2,0,0.0,0.0,0
-iRBcNs9oI8/9,42,2.8588560000000003,2.926924,0.0,0,7,1,0,0.0,2,0,0.0,0.0,0
-iRBcNs9oI8/9,43,2.926924,2.9949920000000003,0.0,0,7,1,0,0.0,2,0,0.0,0.0,0
-iRBcNs9oI8/9,44,2.9949920000000003,3.06306,0.0,0,7,1,0,0.0,2,0,0.0,0.0,0
-iRBcNs9oI8/9,45,3.06306,3.1311280000000004,0.0,0,6,1,0,0.0,2,0,0.0,0.0,0
-iRBcNs9oI8/9,46,3.1311280000000004,3.199196,0.0,0,7,1,0,0.0,2,0,0.0,0.0,0
-iRBcNs9oI8/9,47,3.199196,3.267264,0.0,0,7,1,0,0.0,2,0,0.0,0.0,0
-iRBcNs9oI8/9,48,3.267264,3.335332,0.0,0,7,1,0,0.0,2,0,0.0,0.0,0
-iRBcNs9oI8/9,49,3.335332,3.4034,0.0,0,2,1,0,0.0,2,0,0.0,0.0,0
-iRBcNs9oI8/8,0,0.0,0.16149466666666665,1.0,1,15,1,1,0.2666666805744171,5,0,0.0,0.0,0
-iRBcNs9oI8/8,1,0.16149466666666665,0.3229893333333333,1.0,1,17,1,1,0.05882352963089943,5,0,0.0,0.0,0
-iRBcNs9oI8/8,2,0.3229893333333333,0.4844839999999999,1.0,1,16,1,1,0.0625,5,0,0.0,0.0,0
-iRBcNs9oI8/8,3,0.4844839999999999,0.6459786666666666,1.0,1,16,1,1,0.0625,5,0,0.0,0.0,0
-iRBcNs9oI8/8,4,0.6459786666666666,0.8074733333333333,1.0,1,16,1,1,0.0625,5,0,0.0,0.0,0
-iRBcNs9oI8/8,5,0.8074733333333333,0.9689679999999998,0.3252532482147217,1,16,1,1,0.0,5,0,0.0,0.0,0
-iRBcNs9oI8/8,6,0.9689679999999998,1.1304626666666666,0.9936096668243408,1,16,1,1,0.0,4,0,0.0,0.0,0
-iRBcNs9oI8/8,7,1.1304626666666666,1.2919573333333332,1.0,1,16,1,1,0.25,5,0,0.0,0.0,0
-iRBcNs9oI8/8,8,1.2919573333333332,1.4534519999999997,1.0,1,17,1,1,0.0,5,0,0.0,0.0,0
-iRBcNs9oI8/8,9,1.4534519999999997,1.6149466666666665,1.0,1,16,1,1,0.125,5,0,0.0,0.0,0
-iRBcNs9oI8/8,10,1.6149466666666665,1.776441333333333,0.2789772152900696,1,16,1,1,0.0,5,0,0.0,0.0,0
-iRBcNs9oI8/8,11,1.776441333333333,1.9379359999999997,0.1729840338230133,1,16,1,1,0.0,5,0,0.0,0.0,0
-iRBcNs9oI8/8,12,1.9379359999999997,2.0994306666666662,1.0,1,16,1,1,0.0,4,0,0.0,0.0,0
-iRBcNs9oI8/8,13,2.0994306666666662,2.2609253333333332,1.0,1,16,1,1,0.0625,5,0,0.0,0.0,0
-iRBcNs9oI8/8,14,2.2609253333333332,2.42242,1.0,1,16,1,1,0.0625,5,0,0.0,0.0,0
-iRBcNs9oI8/8,15,2.42242,2.5839146666666664,1.0,1,17,1,1,0.11764705926179886,5,0,0.0,0.0,0
-iRBcNs9oI8/8,16,2.5839146666666664,2.745409333333333,1.0,1,16,1,1,0.0,5,0,0.0,0.0,0
-iRBcNs9oI8/8,17,2.745409333333333,2.9069039999999995,1.0,1,16,1,1,0.0,5,0,0.0,0.0,0
-iRBcNs9oI8/8,18,2.9069039999999995,3.0683986666666665,0.39070022106170654,1,16,1,1,0.0,4,0,0.0,0.0,0
-iRBcNs9oI8/8,19,3.0683986666666665,3.229893333333333,0.0,0,16,1,0,0.0,5,0,0.0,0.0,0
-iRBcNs9oI8/8,20,3.229893333333333,3.3913879999999996,0.0,0,16,1,0,0.0,5,0,0.0,0.0,0
-iRBcNs9oI8/8,21,3.3913879999999996,3.552882666666666,0.0,0,17,1,1,0.0,5,0,0.0,0.0,0
-iRBcNs9oI8/8,22,3.552882666666666,3.7143773333333328,0.0,0,16,1,1,0.0,5,0,0.0,0.0,0
-iRBcNs9oI8/8,23,3.7143773333333328,3.8758719999999993,0.0,0,16,1,1,0.0,5,0,0.0,0.0,0
-iRBcNs9oI8/8,24,3.8758719999999993,4.037366666666666,0.16945864260196686,1,16,1,1,0.0,4,0,0.0,0.0,0
-iRBcNs9oI8/8,25,4.037366666666666,4.1988613333333324,1.0,1,16,1,1,0.4375,5,0,0.0,0.0,0
-iRBcNs9oI8/8,26,4.1988613333333324,4.3603559999999995,1.0,1,16,1,1,0.0,5,0,0.0,0.0,0
-iRBcNs9oI8/8,27,4.3603559999999995,4.5218506666666665,1.0,1,16,1,1,0.25,5,0,0.0,0.0,0
-iRBcNs9oI8/8,28,4.5218506666666665,4.683345333333333,1.0,1,17,1,1,0.11764705926179886,5,0,0.0,0.0,0
-iRBcNs9oI8/8,29,4.683345333333333,4.84484,1.0,1,16,1,1,0.125,5,0,0.0,0.0,0
-iRBcNs9oI8/8,30,4.84484,5.006334666666666,1.0,1,16,1,1,0.0,5,0,0.0,0.0,0
-iRBcNs9oI8/8,31,5.006334666666666,5.167829333333333,1.0,1,16,1,1,0.125,4,0,0.0,0.0,0
-iRBcNs9oI8/8,32,5.167829333333333,5.329324,1.0,1,16,1,1,0.3125,5,0,0.0,0.0,0
-iRBcNs9oI8/8,33,5.329324,5.490818666666666,1.0,1,16,1,1,0.0625,5,0,0.0,0.0,0
-iRBcNs9oI8/8,34,5.490818666666666,5.652313333333333,1.0,1,16,1,1,0.0,5,0,0.0,0.0,0
-iRBcNs9oI8/8,35,5.652313333333333,5.813807999999999,1.0,1,17,1,1,0.0,5,0,0.0,0.0,0
-iRBcNs9oI8/8,36,5.813807999999999,5.975302666666666,1.0,1,16,1,1,0.0,5,0,0.0,0.0,0
-iRBcNs9oI8/8,37,5.975302666666666,6.136797333333333,0.4006159007549286,1,16,1,1,0.0,4,0,0.0,0.0,0
-iRBcNs9oI8/8,38,6.136797333333333,6.298291999999999,0.0,0,16,1,0,0.0,5,0,0.0,0.0,0
-iRBcNs9oI8/8,39,6.298291999999999,6.459786666666666,0.0,0,16,1,0,0.0,5,0,0.0,0.0,0
-iRBcNs9oI8/8,40,6.459786666666666,6.621281333333332,0.8748359084129333,1,16,1,1,0.0,5,0,0.0,0.0,0
-iRBcNs9oI8/8,41,6.621281333333332,6.782775999999999,1.0,1,17,1,1,0.05882352963089943,5,0,0.0,0.0,0
-iRBcNs9oI8/8,42,6.782775999999999,6.944270666666666,0.3543398678302765,1,16,1,1,0.0,5,0,0.0,0.0,0
-iRBcNs9oI8/8,43,6.944270666666666,7.105765333333332,0.2833860218524933,1,16,1,0,0.0,4,0,0.0,0.0,0
-iRBcNs9oI8/8,44,7.105765333333332,7.267259999999999,1.0,1,16,1,1,0.0,5,0,0.0,0.0,0
-iRBcNs9oI8/8,45,7.267259999999999,7.4287546666666655,1.0,1,16,1,1,0.375,5,0,0.0,0.0,0
-iRBcNs9oI8/8,46,7.4287546666666655,7.5902493333333325,1.0,1,16,1,1,0.5,5,0,0.0,0.0,0
-iRBcNs9oI8/8,47,7.5902493333333325,7.751743999999999,1.0,1,16,1,1,0.125,5,0,0.0,0.0,0
-iRBcNs9oI8/8,48,7.751743999999999,7.913238666666666,1.0,1,17,1,1,0.0,5,0,0.0,0.0,0
-iRBcNs9oI8/8,49,7.913238666666666,8.074733333333333,0.6986257433891296,1,10,1,1,0.6000000238418579,3,0,0.0,0.0,0
-lzEya4AM_4/5,0,0.0,0.15333333333333335,0.0,0,15,1,1,0.0,5,5,1.0,0.9261617660522461,1
-lzEya4AM_4/5,1,0.15333333333333335,0.3066666666666667,0.0,0,15,1,1,0.0,5,5,1.0,0.9277651906013489,1
-lzEya4AM_4/5,2,0.3066666666666667,0.4600000000000001,0.0,0,15,1,1,0.0,4,4,1.0,0.9281836748123169,1
-lzEya4AM_4/5,3,0.4600000000000001,0.6133333333333334,0.8695651888847351,1,16,1,1,0.0,5,5,1.0,0.9285815954208374,1
-lzEya4AM_4/5,4,0.6133333333333334,0.7666666666666667,1.0,1,15,1,1,0.0,4,4,1.0,0.9257766008377075,1
-lzEya4AM_4/5,5,0.7666666666666667,0.9200000000000002,1.0,1,15,1,1,0.0,5,5,1.0,0.9280708432197571,1
-lzEya4AM_4/5,6,0.9200000000000002,1.0733333333333335,1.0,1,16,1,1,0.0,5,5,1.0,0.9302929639816284,1
-lzEya4AM_4/5,7,1.0733333333333335,1.2266666666666668,1.0,1,15,1,1,0.0,4,4,1.0,0.9300158023834229,1
-lzEya4AM_4/5,8,1.2266666666666668,1.3800000000000001,1.0,1,15,1,1,0.0,5,5,1.0,0.9299758076667786,1
-lzEya4AM_4/5,9,1.3800000000000001,1.5333333333333334,0.6521739363670349,1,16,1,1,0.0625,4,4,1.0,0.9282952547073364,1
-lzEya4AM_4/5,10,1.5333333333333334,1.6866666666666668,0.8260869383811951,1,15,1,1,0.0,5,5,1.0,0.9276573061943054,1
-lzEya4AM_4/5,11,1.6866666666666668,1.8400000000000003,1.0,1,15,1,1,0.06666667014360428,5,5,1.0,0.9281789660453796,1
-lzEya4AM_4/5,12,1.8400000000000003,1.9933333333333336,1.0,1,16,1,1,0.0,4,4,1.0,0.9275981783866882,1
-lzEya4AM_4/5,13,1.9933333333333336,2.146666666666667,1.0,1,15,1,1,0.0,5,5,1.0,0.9259489178657532,1
-lzEya4AM_4/5,14,2.146666666666667,2.3000000000000003,1.0,1,15,1,1,0.06666667014360428,5,5,1.0,0.9261844754219055,1
-lzEya4AM_4/5,15,2.3000000000000003,2.4533333333333336,1.0,1,16,1,1,0.0,4,4,1.0,0.9252830743789673,1
-lzEya4AM_4/5,16,2.4533333333333336,2.606666666666667,1.0,1,15,1,1,0.0,5,5,1.0,0.9251929521560669,1
-lzEya4AM_4/5,17,2.606666666666667,2.7600000000000002,1.0,1,15,1,1,0.0,4,4,1.0,0.9264267683029175,1
-lzEya4AM_4/5,18,2.7600000000000002,2.9133333333333336,1.0,1,16,1,1,0.0,5,5,1.0,0.9276007413864136,1
-lzEya4AM_4/5,19,2.9133333333333336,3.066666666666667,0.5,1,15,1,1,0.0,4,4,1.0,0.9266048669815063,1
-lzEya4AM_4/5,20,3.066666666666667,3.22,0.0,0,15,1,1,0.0,5,5,1.0,0.9255708456039429,1
-lzEya4AM_4/5,21,3.22,3.3733333333333335,0.0,0,16,1,1,0.0,5,5,1.0,0.9231861233711243,1
-lzEya4AM_4/5,22,3.3733333333333335,3.526666666666667,0.0,0,15,1,1,0.0,4,4,1.0,0.9221062660217285,1
-lzEya4AM_4/5,23,3.526666666666667,3.6800000000000006,0.6521739363670349,1,15,1,1,0.0,5,5,1.0,0.9223332405090332,1
-lzEya4AM_4/5,24,3.6800000000000006,3.833333333333334,1.0,1,16,1,1,0.0,5,5,1.0,0.9244797825813293,1
-lzEya4AM_4/5,25,3.833333333333334,3.9866666666666672,1.0,1,15,1,1,0.0,4,4,1.0,0.9274294376373291,1
-lzEya4AM_4/5,26,3.9866666666666672,4.140000000000001,1.0,1,15,1,1,0.0,5,5,1.0,0.9298304319381714,1
-lzEya4AM_4/5,27,4.140000000000001,4.293333333333334,1.0,1,16,1,1,0.25,4,4,1.0,0.928325891494751,1
-lzEya4AM_4/5,28,4.293333333333334,4.446666666666667,0.17391304671764374,1,15,1,1,0.0,5,5,1.0,0.9292268753051758,1
-lzEya4AM_4/5,29,4.446666666666667,4.6000000000000005,0.0,0,15,1,1,0.0,5,5,1.0,0.9278479814529419,1
-lzEya4AM_4/5,30,4.6000000000000005,4.753333333333334,0.0,0,16,1,1,0.0,4,4,1.0,0.9267006516456604,1
-lzEya4AM_4/5,31,4.753333333333334,4.906666666666667,0.0,0,15,1,1,0.0,5,5,1.0,0.927773118019104,1
-lzEya4AM_4/5,32,4.906666666666667,5.0600000000000005,0.45652174949645996,1,15,1,1,0.0,4,4,1.0,0.9265257120132446,1
-lzEya4AM_4/5,33,5.0600000000000005,5.213333333333334,1.0,1,16,1,1,0.0,5,5,1.0,0.9287856817245483,1
-lzEya4AM_4/5,34,5.213333333333334,5.366666666666667,1.0,1,15,1,1,0.0,5,5,1.0,0.9343485832214355,1
-lzEya4AM_4/5,35,5.366666666666667,5.5200000000000005,1.0,1,15,1,1,0.0,4,4,1.0,0.9319654703140259,1
-lzEya4AM_4/5,36,5.5200000000000005,5.673333333333334,1.0,1,16,1,1,0.0,5,5,1.0,0.9288299679756165,1
-lzEya4AM_4/5,37,5.673333333333334,5.826666666666667,1.0,1,15,1,1,0.0,4,4,1.0,0.9286535978317261,1
-lzEya4AM_4/5,38,5.826666666666667,5.98,1.0,1,15,1,1,0.0,5,5,1.0,0.9246250987052917,1
-lzEya4AM_4/5,39,5.98,6.133333333333334,0.52173912525177,1,16,1,1,0.0,4,4,1.0,0.9195954203605652,1
-lzEya4AM_4/5,40,6.133333333333334,6.286666666666667,0.30434781312942505,1,15,1,1,0.0,5,5,1.0,0.9219712018966675,1
-lzEya4AM_4/5,41,6.286666666666667,6.44,1.0,1,15,1,1,0.0,5,5,1.0,0.9250752329826355,1
-lzEya4AM_4/5,42,6.44,6.593333333333334,1.0,1,16,1,1,0.0,4,4,1.0,0.9208931922912598,1
-lzEya4AM_4/5,43,6.593333333333334,6.746666666666667,1.0,1,15,1,1,0.0,5,5,1.0,0.9232290387153625,1
-lzEya4AM_4/5,44,6.746666666666667,6.9,1.0,1,15,1,1,0.0,4,4,1.0,0.9263312816619873,1
-lzEya4AM_4/5,45,6.9,7.053333333333334,1.0,1,16,1,1,0.0,5,5,1.0,0.9219349026679993,1
-lzEya4AM_4/5,46,7.053333333333334,7.206666666666667,0.043478261679410934,1,15,1,1,0.0,5,5,1.0,0.9150199890136719,1
-lzEya4AM_4/5,47,7.206666666666667,7.360000000000001,0.0,0,15,1,1,0.0,4,4,1.0,0.9196493625640869,1
-lzEya4AM_4/5,48,7.360000000000001,7.5133333333333345,0.0,0,16,1,1,0.0,5,5,1.0,0.9172053337097168,1
-lzEya4AM_4/5,49,7.5133333333333345,7.666666666666667,0.0,0,4,1,1,0.0,3,3,1.0,0.9180748462677002,1
-lzEya4AM_4/6,0,0.0,0.29533333333333334,0.0,0,29,1,1,0.0,9,5,0.5555555820465088,0.9145172238349915,1
-lzEya4AM_4/6,1,0.29533333333333334,0.5906666666666667,0.239277645945549,1,29,1,1,0.0,9,6,0.6666666865348816,0.921913206577301,1
-lzEya4AM_4/6,2,0.5906666666666667,0.886,1.0,1,30,1,1,0.0,9,9,1.0,0.9202931523323059,1
-lzEya4AM_4/6,3,0.886,1.1813333333333333,1.0,1,29,1,1,0.0,9,9,1.0,0.9240613579750061,1
-lzEya4AM_4/6,4,1.1813333333333333,1.4766666666666666,0.5711060762405396,1,30,1,1,0.0,9,9,1.0,0.9207177758216858,1
-lzEya4AM_4/6,5,1.4766666666666666,1.772,0.8532731533050537,1,29,1,1,0.0,9,9,1.0,0.9225403666496277,1
-lzEya4AM_4/6,6,1.772,2.0673333333333335,1.0,1,30,1,1,0.0,9,9,1.0,0.9241073131561279,1
-lzEya4AM_4/6,7,2.0673333333333335,2.3626666666666667,1.0,1,30,1,1,0.0,8,8,1.0,0.9176005721092224,1
-lzEya4AM_4/6,8,2.3626666666666667,2.658,1.0,1,29,1,1,0.0,9,9,1.0,0.9243556261062622,1
-lzEya4AM_4/6,9,2.658,2.953333333333333,1.0,1,30,1,1,0.0,9,9,1.0,0.9231585264205933,1
-lzEya4AM_4/6,10,2.953333333333333,3.248666666666667,1.0,1,29,1,1,0.0,9,9,1.0,0.9273105263710022,1
-lzEya4AM_4/6,11,3.248666666666667,3.544,1.0,1,30,1,1,0.0,9,9,1.0,0.9274886250495911,1
-lzEya4AM_4/6,12,3.544,3.8393333333333333,1.0,1,29,1,1,0.03448275849223137,9,9,1.0,0.9261098504066467,1
-lzEya4AM_4/6,13,3.8393333333333333,4.134666666666667,0.0022573363967239857,1,30,1,1,0.0,9,9,1.0,0.9217955470085144,1
-lzEya4AM_4/6,14,4.134666666666667,4.43,0.8803611993789673,1,29,1,1,0.0,8,8,1.0,0.9232995510101318,1
-lzEya4AM_4/6,15,4.43,4.725333333333333,1.0,1,30,1,1,0.0,9,9,1.0,0.925817608833313,1
-lzEya4AM_4/6,16,4.725333333333333,5.020666666666667,1.0,1,29,1,1,0.0,9,9,1.0,0.9250458478927612,1
-lzEya4AM_4/6,17,5.020666666666667,5.316,0.9119638800621033,1,30,1,1,0.0,9,9,1.0,0.9270884394645691,1
-lzEya4AM_4/6,18,5.316,5.6113333333333335,0.0,0,29,1,1,0.0,9,9,1.0,0.922461748123169,1
-lzEya4AM_4/6,19,5.6113333333333335,5.906666666666666,0.42889389395713806,1,30,1,1,0.0,9,9,1.0,0.9272571206092834,1
-lzEya4AM_4/6,20,5.906666666666666,6.202,1.0,1,29,1,1,0.0,9,9,1.0,0.9223435521125793,1
-lzEya4AM_4/6,21,6.202,6.497333333333334,0.6275395154953003,1,30,1,1,0.0,8,8,1.0,0.9187062978744507,1
-lzEya4AM_4/6,22,6.497333333333334,6.792666666666666,1.0,1,30,1,1,0.0,9,9,1.0,0.9215359091758728,1
-lzEya4AM_4/6,23,6.792666666666666,7.088,0.32957109808921814,1,29,1,1,0.0,9,9,1.0,0.9160671234130859,1
-lzEya4AM_4/6,24,7.088,7.383333333333334,0.790067732334137,1,30,1,1,0.0,9,9,1.0,0.9264771342277527,1
-lzEya4AM_4/6,25,7.383333333333334,7.6786666666666665,1.0,1,29,1,1,0.0,9,9,1.0,0.9233165383338928,1
-lzEya4AM_4/6,26,7.6786666666666665,7.974,1.0,1,30,1,1,0.0,9,9,1.0,0.9289268851280212,1
-lzEya4AM_4/6,27,7.974,8.269333333333334,1.0,1,29,1,1,0.0,9,9,1.0,0.9259700775146484,1
-lzEya4AM_4/6,28,8.269333333333334,8.564666666666668,0.7629796862602234,1,30,1,1,0.0,8,8,1.0,0.9278437495231628,1
-lzEya4AM_4/6,29,8.564666666666668,8.86,1.0,1,29,1,1,0.0,9,9,1.0,0.929034948348999,1
-lzEya4AM_4/6,30,8.86,9.155333333333333,0.8126410841941833,1,30,1,1,0.0,9,9,1.0,0.9323170185089111,1
-lzEya4AM_4/6,31,9.155333333333333,9.450666666666667,0.0,0,29,1,1,0.0,9,9,1.0,0.9280173778533936,1
-lzEya4AM_4/6,32,9.450666666666667,9.746,0.46049660444259644,1,30,1,1,0.0,9,9,1.0,0.9302699565887451,1
-lzEya4AM_4/6,33,9.746,10.041333333333334,1.0,1,29,1,1,0.0,9,9,1.0,0.9305809736251831,1
-lzEya4AM_4/6,34,10.041333333333334,10.336666666666666,1.0,1,30,1,1,0.0,9,9,1.0,0.9272242784500122,1
-lzEya4AM_4/6,35,10.336666666666666,10.632,1.0,1,29,1,1,0.0,8,8,1.0,0.9282909631729126,1
-lzEya4AM_4/6,36,10.632,10.927333333333333,1.0,1,30,1,1,0.0,9,9,1.0,0.926463782787323,1
-lzEya4AM_4/6,37,10.927333333333333,11.222666666666667,1.0,1,30,1,1,0.0,9,9,1.0,0.9243565797805786,1
-lzEya4AM_4/6,38,11.222666666666667,11.518,1.0,1,29,1,1,0.13793103396892548,9,9,1.0,0.9173202514648438,1
-lzEya4AM_4/6,39,11.518,11.813333333333333,0.18735891580581665,1,30,1,1,0.0,9,9,1.0,0.9173917770385742,1
-lzEya4AM_4/6,40,11.813333333333333,12.108666666666666,1.0,1,29,1,1,0.0,9,9,1.0,0.9272484183311462,1
-lzEya4AM_4/6,41,12.108666666666666,12.404,1.0,1,30,1,1,0.0,9,9,1.0,0.9239647388458252,1
-lzEya4AM_4/6,42,12.404,12.699333333333334,1.0,1,29,1,1,0.0,8,8,1.0,0.9210695028305054,1
-lzEya4AM_4/6,43,12.699333333333334,12.994666666666667,1.0,1,30,1,1,0.0,9,9,1.0,0.9225049614906311,1
-lzEya4AM_4/6,44,12.994666666666667,13.290000000000001,1.0,1,29,1,1,0.03448275849223137,9,9,1.0,0.9207570552825928,1
-lzEya4AM_4/6,45,13.290000000000001,13.585333333333333,0.6275395154953003,1,30,1,1,0.0,9,9,1.0,0.9196963906288147,1
-lzEya4AM_4/6,46,13.585333333333333,13.880666666666666,1.0,1,29,1,1,0.0,9,9,1.0,0.9213058948516846,1
-lzEya4AM_4/6,47,13.880666666666666,14.176,1.0,1,30,1,1,0.0,9,9,1.0,0.9210017323493958,1
-lzEya4AM_4/6,48,14.176,14.471333333333334,0.3860045075416565,1,29,1,1,0.0,9,9,1.0,0.9226255416870117,1
-lzEya4AM_4/6,49,14.471333333333334,14.766666666666666,0.0,0,26,1,1,0.0,8,8,1.0,0.928202748298645,1
-mJ2ud6oKI8/1,0,0.0,0.12145466666666667,0.0,0,11,1,0,0.0,4,0,0.0,0.0,0
-mJ2ud6oKI8/1,1,0.12145466666666667,0.24290933333333334,0.0,0,13,1,0,0.0,4,0,0.0,0.0,0
-mJ2ud6oKI8/1,2,0.24290933333333334,0.364364,0.0,0,12,1,0,0.0,3,0,0.0,0.0,0
-mJ2ud6oKI8/1,3,0.364364,0.4858186666666667,0.8712605834007263,1,12,1,0,0.0,4,0,0.0,0.0,0
-mJ2ud6oKI8/1,4,0.4858186666666667,0.6072733333333333,0.7754443287849426,1,12,1,0,0.0,4,0,0.0,0.0,0
-mJ2ud6oKI8/1,5,0.6072733333333333,0.728728,0.0,0,12,1,0,0.0,3,0,0.0,0.0,0
-mJ2ud6oKI8/1,6,0.728728,0.8501826666666666,0.0,0,12,1,0,0.0,4,0,0.0,0.0,0
-mJ2ud6oKI8/1,7,0.8501826666666666,0.9716373333333334,0.0,0,12,1,0,0.0,4,0,0.0,0.0,0
-mJ2ud6oKI8/1,8,0.9716373333333334,1.093092,0.0,0,13,1,0,0.0,3,0,0.0,0.0,0
-mJ2ud6oKI8/1,9,1.093092,1.2145466666666667,0.0,0,12,1,0,0.0,4,0,0.0,0.0,0
-mJ2ud6oKI8/1,10,1.2145466666666667,1.3360013333333334,0.0,0,12,1,0,0.0,4,0,0.0,0.0,0
-mJ2ud6oKI8/1,11,1.3360013333333334,1.457456,0.0,0,12,1,0,0.0,3,0,0.0,0.0,0
-mJ2ud6oKI8/1,12,1.457456,1.5789106666666668,0.0,0,12,1,0,0.0,4,0,0.0,0.0,0
-mJ2ud6oKI8/1,13,1.5789106666666668,1.7003653333333333,0.0,0,12,1,0,0.0,3,0,0.0,0.0,0
-mJ2ud6oKI8/1,14,1.7003653333333333,1.82182,0.0,0,12,1,0,0.0,4,0,0.0,0.0,0
-mJ2ud6oKI8/1,15,1.82182,1.9432746666666667,0.0,0,13,1,0,0.0,4,0,0.0,0.0,0
-mJ2ud6oKI8/1,16,1.9432746666666667,2.064729333333333,0.0,0,12,1,0,0.0,3,0,0.0,0.0,0
-mJ2ud6oKI8/1,17,2.064729333333333,2.186184,0.0,0,12,1,0,0.0,4,0,0.0,0.0,0
-mJ2ud6oKI8/1,18,2.186184,2.3076386666666666,0.0,0,12,1,0,0.0,4,0,0.0,0.0,0
-mJ2ud6oKI8/1,19,2.3076386666666666,2.4290933333333333,0.0,0,12,1,0,0.0,3,0,0.0,0.0,0
-mJ2ud6oKI8/1,20,2.4290933333333333,2.550548,0.5808587074279785,1,12,1,0,0.0,4,0,0.0,0.0,0
-mJ2ud6oKI8/1,21,2.550548,2.6720026666666667,0.6541699767112732,1,12,1,0,0.0,4,0,0.0,0.0,0
-mJ2ud6oKI8/1,22,2.6720026666666667,2.7934573333333335,0.0,0,13,1,0,0.0,3,0,0.0,0.0,0
-mJ2ud6oKI8/1,23,2.7934573333333335,2.914912,0.0,0,12,1,0,0.0,4,0,0.0,0.0,0
-mJ2ud6oKI8/1,24,2.914912,3.036366666666667,0.3817611038684845,1,12,1,0,0.0,3,0,0.0,0.0,0
-mJ2ud6oKI8/1,25,3.036366666666667,3.1578213333333336,0.1945856362581253,1,12,1,0,0.0,4,0,0.0,0.0,0
-mJ2ud6oKI8/1,26,3.1578213333333336,3.279276,0.0,0,12,1,0,0.0,4,0,0.0,0.0,0
-mJ2ud6oKI8/1,27,3.279276,3.4007306666666666,0.0,0,12,1,0,0.0,3,0,0.0,0.0,0
-mJ2ud6oKI8/1,28,3.4007306666666666,3.5221853333333333,0.0,0,12,1,0,0.0,4,0,0.0,0.0,0
-mJ2ud6oKI8/1,29,3.5221853333333333,3.64364,0.0,0,13,1,0,0.0,4,0,0.0,0.0,0
-mJ2ud6oKI8/1,30,3.64364,3.7650946666666667,0.0,0,12,1,0,0.0,3,0,0.0,0.0,0
-mJ2ud6oKI8/1,31,3.7650946666666667,3.8865493333333334,0.0,0,12,1,0,0.0,4,0,0.0,0.0,0
-mJ2ud6oKI8/1,32,3.8865493333333334,4.008004,0.0,0,12,1,0,0.0,4,0,0.0,0.0,0
-mJ2ud6oKI8/1,33,4.008004,4.129458666666666,0.0,0,12,1,0,0.0,3,0,0.0,0.0,0
-mJ2ud6oKI8/1,34,4.129458666666666,4.250913333333333,0.0,0,12,1,0,0.0,4,0,0.0,0.0,0
-mJ2ud6oKI8/1,35,4.250913333333333,4.372368,0.0,0,12,1,0,0.0,4,0,0.0,0.0,0
-mJ2ud6oKI8/1,36,4.372368,4.4938226666666665,0.0,0,13,1,0,0.0,3,0,0.0,0.0,0
-mJ2ud6oKI8/1,37,4.4938226666666665,4.615277333333333,0.0,0,12,1,0,0.0,4,0,0.0,0.0,0
-mJ2ud6oKI8/1,38,4.615277333333333,4.736732,0.0,0,12,1,0,0.0,3,0,0.0,0.0,0
-mJ2ud6oKI8/1,39,4.736732,4.858186666666667,0.0,0,12,1,0,0.0,4,0,0.0,0.0,0
-mJ2ud6oKI8/1,40,4.858186666666667,4.979641333333333,0.0,0,12,1,0,0.0,4,0,0.0,0.0,0
-mJ2ud6oKI8/1,41,4.979641333333333,5.101096,0.0,0,12,1,0,0.0,3,0,0.0,0.0,0
-mJ2ud6oKI8/1,42,5.101096,5.222550666666667,0.0,0,13,1,0,0.0,4,0,0.0,0.0,0
-mJ2ud6oKI8/1,43,5.222550666666667,5.3440053333333335,0.0,0,12,1,0,0.0,4,0,0.0,0.0,0
-mJ2ud6oKI8/1,44,5.3440053333333335,5.46546,0.0,0,12,1,0,0.0,3,0,0.0,0.0,0
-mJ2ud6oKI8/1,45,5.46546,5.586914666666667,0.0,0,12,1,0,0.0,4,0,0.0,0.0,0
-mJ2ud6oKI8/1,46,5.586914666666667,5.708369333333334,0.0,0,12,1,0,0.0,4,0,0.0,0.0,0
-mJ2ud6oKI8/1,47,5.708369333333334,5.829824,0.0,0,12,1,0,0.0,3,0,0.0,0.0,0
-mJ2ud6oKI8/1,48,5.829824,5.951278666666667,0.0,0,12,1,0,0.0,4,0,0.0,0.0,0
-mJ2ud6oKI8/1,49,5.951278666666667,6.072733333333334,0.0,0,9,1,0,0.0,3,0,0.0,0.0,0
-mJ2ud6oKI8/2,0,0.0,0.11411400000000001,1.0,1,11,1,0,0.0,4,0,0.0,0.0,0
-mJ2ud6oKI8/2,1,0.11411400000000001,0.22822800000000001,1.0,1,11,1,0,0.0,3,0,0.0,0.0,0
-mJ2ud6oKI8/2,2,0.22822800000000001,0.34234200000000004,1.0,1,11,1,0,0.0,4,0,0.0,0.0,0
-mJ2ud6oKI8/2,3,0.34234200000000004,0.45645600000000003,1.0,1,12,1,0,0.0,3,0,0.0,0.0,0
-mJ2ud6oKI8/2,4,0.45645600000000003,0.57057,1.0,1,11,1,0,0.0,4,0,0.0,0.0,0
-mJ2ud6oKI8/2,5,0.57057,0.6846840000000001,1.0,1,12,1,0,0.0,3,0,0.0,0.0,0
-mJ2ud6oKI8/2,6,0.6846840000000001,0.798798,1.0,1,11,1,0,0.0,3,0,0.0,0.0,0
-mJ2ud6oKI8/2,7,0.798798,0.9129120000000001,1.0,1,12,1,0,0.0,4,0,0.0,0.0,0
-mJ2ud6oKI8/2,8,0.9129120000000001,1.027026,1.0,1,11,1,0,0.0,3,0,0.0,0.0,0
-mJ2ud6oKI8/2,9,1.027026,1.14114,1.0,1,11,1,0,0.0,4,0,0.0,0.0,0
-mJ2ud6oKI8/2,10,1.14114,1.255254,1.0,1,12,1,0,0.0,3,0,0.0,0.0,0
-mJ2ud6oKI8/2,11,1.255254,1.3693680000000001,1.0,1,11,1,0,0.0,4,0,0.0,0.0,0
-mJ2ud6oKI8/2,12,1.3693680000000001,1.4834820000000002,1.0,1,12,1,0,0.0,3,0,0.0,0.0,0
-mJ2ud6oKI8/2,13,1.4834820000000002,1.597596,1.0,1,11,1,0,0.0,3,0,0.0,0.0,0
-mJ2ud6oKI8/2,14,1.597596,1.71171,1.0,1,11,1,0,0.0,4,0,0.0,0.0,0
-mJ2ud6oKI8/2,15,1.71171,1.8258240000000001,1.0,1,12,1,0,0.0,3,0,0.0,0.0,0
-mJ2ud6oKI8/2,16,1.8258240000000001,1.9399380000000002,1.0,1,11,1,0,0.0,4,0,0.0,0.0,0
-mJ2ud6oKI8/2,17,1.9399380000000002,2.054052,1.0,1,12,1,0,0.0,3,0,0.0,0.0,0
-mJ2ud6oKI8/2,18,2.054052,2.1681660000000003,1.0,1,11,1,0,0.0,3,0,0.0,0.0,0
-mJ2ud6oKI8/2,19,2.1681660000000003,2.28228,1.0,1,11,1,0,0.0,4,0,0.0,0.0,0
-mJ2ud6oKI8/2,20,2.28228,2.3963940000000004,1.0,1,12,1,0,0.0,3,0,0.0,0.0,0
-mJ2ud6oKI8/2,21,2.3963940000000004,2.510508,1.0,1,11,1,0,0.0,4,0,0.0,0.0,0
-mJ2ud6oKI8/2,22,2.510508,2.624622,1.0,1,12,1,0,0.0,3,0,0.0,0.0,0
-mJ2ud6oKI8/2,23,2.624622,2.7387360000000003,1.0,1,11,1,0,0.0,4,0,0.0,0.0,0
-mJ2ud6oKI8/2,24,2.7387360000000003,2.85285,1.0,1,12,1,0,0.0,3,0,0.0,0.0,0
-mJ2ud6oKI8/2,25,2.85285,2.9669640000000004,1.0,1,11,1,0,0.0,3,0,0.0,0.0,0
-mJ2ud6oKI8/2,26,2.9669640000000004,3.081078,1.0,1,11,1,0,0.0,4,0,0.0,0.0,0
-mJ2ud6oKI8/2,27,3.081078,3.195192,1.0,1,12,1,0,0.0,3,0,0.0,0.0,0
-mJ2ud6oKI8/2,28,3.195192,3.3093060000000003,1.0,1,11,1,0,0.0,4,0,0.0,0.0,0
-mJ2ud6oKI8/2,29,3.3093060000000003,3.42342,1.0,1,12,1,0,0.0,3,0,0.0,0.0,0
-mJ2ud6oKI8/2,30,3.42342,3.5375340000000004,1.0,1,11,1,0,0.0,4,0,0.0,0.0,0
-mJ2ud6oKI8/2,31,3.5375340000000004,3.6516480000000002,1.0,1,11,1,0,0.0,3,0,0.0,0.0,0
-mJ2ud6oKI8/2,32,3.6516480000000002,3.765762,1.0,1,12,1,0,0.0,3,0,0.0,0.0,0
-mJ2ud6oKI8/2,33,3.765762,3.8798760000000003,1.0,1,11,1,0,0.0,4,0,0.0,0.0,0
-mJ2ud6oKI8/2,34,3.8798760000000003,3.99399,1.0,1,12,1,0,0.0,3,0,0.0,0.0,0
-mJ2ud6oKI8/2,35,3.99399,4.108104,1.0,1,11,1,0,0.0,4,0,0.0,0.0,0
-mJ2ud6oKI8/2,36,4.108104,4.222218000000001,1.0,1,11,1,0,0.0,3,0,0.0,0.0,0
-mJ2ud6oKI8/2,37,4.222218000000001,4.3363320000000005,1.0,1,12,1,0,0.0,3,0,0.0,0.0,0
-mJ2ud6oKI8/2,38,4.3363320000000005,4.450446,1.0,1,11,1,0,0.0,4,0,0.0,0.0,0
-mJ2ud6oKI8/2,39,4.450446,4.56456,1.0,1,12,1,0,0.0,3,0,0.0,0.0,0
-mJ2ud6oKI8/2,40,4.56456,4.678674,1.0,1,11,1,0,0.0,4,0,0.0,0.0,0
-mJ2ud6oKI8/2,41,4.678674,4.792788000000001,1.0,1,12,1,0,0.0,3,0,0.0,0.0,0
-mJ2ud6oKI8/2,42,4.792788000000001,4.9069020000000005,1.0,1,11,1,0,0.0,4,0,0.0,0.0,0
-mJ2ud6oKI8/2,43,4.9069020000000005,5.021016,1.0,1,11,1,0,0.0,3,0,0.0,0.0,0
-mJ2ud6oKI8/2,44,5.021016,5.13513,1.0,1,12,1,0,0.0,3,0,0.0,0.0,0
-mJ2ud6oKI8/2,45,5.13513,5.249244,1.0,1,11,1,0,0.0,4,0,0.0,0.0,0
-mJ2ud6oKI8/2,46,5.249244,5.363358000000001,1.0,1,12,1,0,0.0,3,0,0.0,0.0,0
-mJ2ud6oKI8/2,47,5.363358000000001,5.477472000000001,1.0,1,11,1,0,0.0,4,0,0.0,0.0,0
-mJ2ud6oKI8/2,48,5.477472000000001,5.591586,1.0,1,11,1,0,0.0,3,0,0.0,0.0,0
-mJ2ud6oKI8/2,49,5.591586,5.7057,0.964754581451416,1,10,1,0,0.0,3,0,0.0,0.0,0
-mJ2ud6oKI8/6,0,0.0,0.04471133333333333,1.0,1,4,1,1,0.0,2,2,1.0,0.9320223331451416,1
-mJ2ud6oKI8/6,1,0.04471133333333333,0.08942266666666666,1.0,1,4,1,1,0.0,1,1,1.0,0.9301549196243286,1
-mJ2ud6oKI8/6,2,0.08942266666666666,0.134134,1.0,1,5,1,1,0.0,2,2,1.0,0.9256765842437744,1
-mJ2ud6oKI8/6,3,0.134134,0.17884533333333333,1.0,1,4,1,1,0.0,1,1,1.0,0.9243665933609009,1
-mJ2ud6oKI8/6,4,0.17884533333333333,0.22355666666666665,1.0,1,5,1,1,0.0,1,1,1.0,0.9246914982795715,1
-mJ2ud6oKI8/6,5,0.22355666666666665,0.268268,1.0,1,4,1,1,0.0,2,2,1.0,0.9257447719573975,1
-mJ2ud6oKI8/6,6,0.268268,0.31297933333333333,1.0,1,5,1,1,0.0,1,1,1.0,0.9251106381416321,1
-mJ2ud6oKI8/6,7,0.31297933333333333,0.35769066666666666,1.0,1,4,1,1,0.0,1,1,1.0,0.923830509185791,1
-mJ2ud6oKI8/6,8,0.35769066666666666,0.402402,1.0,1,4,1,1,0.0,2,2,1.0,0.9272382259368896,1
-mJ2ud6oKI8/6,9,0.402402,0.4471133333333333,1.0,1,5,1,1,0.0,1,1,1.0,0.9283407330513,1
-mJ2ud6oKI8/6,10,0.4471133333333333,0.49182466666666663,1.0,1,4,1,1,0.0,1,1,1.0,0.9297729134559631,1
-mJ2ud6oKI8/6,11,0.49182466666666663,0.536536,1.0,1,5,1,1,0.0,2,2,1.0,0.9260026216506958,1
-mJ2ud6oKI8/6,12,0.536536,0.5812473333333333,1.0,1,4,1,1,0.0,1,1,1.0,0.9238376021385193,1
-mJ2ud6oKI8/6,13,0.5812473333333333,0.6259586666666667,1.0,1,5,1,1,0.0,1,1,1.0,0.9234497547149658,1
-mJ2ud6oKI8/6,14,0.6259586666666667,0.67067,1.0,1,4,1,1,0.0,2,2,1.0,0.9231609106063843,1
-mJ2ud6oKI8/6,15,0.67067,0.7153813333333333,1.0,1,5,1,1,0.0,1,1,1.0,0.9230402112007141,1
-mJ2ud6oKI8/6,16,0.7153813333333333,0.7600926666666666,1.0,1,4,1,1,0.0,1,1,1.0,0.9233506321907043,1
-mJ2ud6oKI8/6,17,0.7600926666666666,0.804804,1.0,1,5,1,1,0.0,2,2,1.0,0.9237520694732666,1
-mJ2ud6oKI8/6,18,0.804804,0.8495153333333333,1.0,1,4,1,1,0.0,1,1,1.0,0.9253453612327576,1
-mJ2ud6oKI8/6,19,0.8495153333333333,0.8942266666666666,1.0,1,5,1,1,0.0,1,1,1.0,0.9271611571311951,1
-mJ2ud6oKI8/6,20,0.8942266666666666,0.9389379999999999,1.0,1,4,1,1,0.0,2,2,1.0,0.9235069751739502,1
-mJ2ud6oKI8/6,21,0.9389379999999999,0.9836493333333333,1.0,1,5,1,1,0.0,1,1,1.0,0.9273687601089478,1
-mJ2ud6oKI8/6,22,0.9836493333333333,1.0283606666666667,1.0,1,4,1,1,0.0,1,1,1.0,0.9273275136947632,1
-mJ2ud6oKI8/6,23,1.0283606666666667,1.073072,1.0,1,5,1,1,0.0,2,2,1.0,0.9251362681388855,1
-mJ2ud6oKI8/6,24,1.073072,1.1177833333333334,1.0,1,4,1,1,0.0,1,1,1.0,0.9249612092971802,1
-mJ2ud6oKI8/6,25,1.1177833333333334,1.1624946666666667,1.0,1,4,1,1,0.0,1,1,1.0,0.9250802993774414,1
-mJ2ud6oKI8/6,26,1.1624946666666667,1.207206,1.0,1,5,1,1,0.0,2,2,1.0,0.9240388870239258,1
-mJ2ud6oKI8/6,27,1.207206,1.2519173333333333,1.0,1,4,1,1,0.0,1,1,1.0,0.9258719682693481,1
-mJ2ud6oKI8/6,28,1.2519173333333333,1.2966286666666667,1.0,1,5,1,1,0.0,1,1,1.0,0.9261274933815002,1
-mJ2ud6oKI8/6,29,1.2966286666666667,1.34134,1.0,1,4,1,1,0.0,2,2,1.0,0.9267545938491821,1
-mJ2ud6oKI8/6,30,1.34134,1.3860513333333333,1.0,1,5,1,1,0.0,1,1,1.0,0.9290077090263367,1
-mJ2ud6oKI8/6,31,1.3860513333333333,1.4307626666666666,1.0,1,4,1,1,0.0,1,1,1.0,0.9278136491775513,1
-mJ2ud6oKI8/6,32,1.4307626666666666,1.475474,1.0,1,5,1,1,0.0,2,2,1.0,0.9277912378311157,1
-mJ2ud6oKI8/6,33,1.475474,1.5201853333333333,1.0,1,4,1,1,0.0,1,1,1.0,0.9256826043128967,1
-mJ2ud6oKI8/6,34,1.5201853333333333,1.5648966666666666,1.0,1,5,1,1,0.0,1,1,1.0,0.923731803894043,1
-mJ2ud6oKI8/6,35,1.5648966666666666,1.609608,1.0,1,4,1,1,0.0,2,2,1.0,0.9223291873931885,1
-mJ2ud6oKI8/6,36,1.609608,1.6543193333333333,1.0,1,5,1,1,0.0,1,1,1.0,0.9243693947792053,1
-mJ2ud6oKI8/6,37,1.6543193333333333,1.6990306666666666,1.0,1,4,1,1,0.0,1,1,1.0,0.9277148246765137,1
-mJ2ud6oKI8/6,38,1.6990306666666666,1.743742,1.0,1,5,1,1,0.0,2,2,1.0,0.9279099702835083,1
-mJ2ud6oKI8/6,39,1.743742,1.7884533333333332,1.0,1,4,1,1,0.0,1,1,1.0,0.9263125061988831,1
-mJ2ud6oKI8/6,40,1.7884533333333332,1.8331646666666666,1.0,1,5,1,1,0.0,1,1,1.0,0.9261288046836853,1
-mJ2ud6oKI8/6,41,1.8331646666666666,1.8778759999999999,1.0,1,4,1,1,0.0,2,2,1.0,0.9265626668930054,1
-mJ2ud6oKI8/6,42,1.8778759999999999,1.9225873333333332,1.0,1,5,1,1,0.0,1,1,1.0,0.9267091751098633,1
-mJ2ud6oKI8/6,43,1.9225873333333332,1.9672986666666665,1.0,1,4,1,1,0.0,1,1,1.0,0.9259936809539795,1
-mJ2ud6oKI8/6,44,1.9672986666666665,2.01201,1.0,1,4,1,1,0.0,2,2,1.0,0.9259709119796753,1
-mJ2ud6oKI8/6,45,2.01201,2.0567213333333334,1.0,1,5,1,1,0.0,1,1,1.0,0.9273121953010559,1
-mJ2ud6oKI8/6,46,2.0567213333333334,2.1014326666666667,1.0,1,4,1,1,0.0,1,1,1.0,0.9240842461585999,1
-mJ2ud6oKI8/6,47,2.1014326666666667,2.146144,1.0,1,5,1,1,0.0,2,2,1.0,0.9216383695602417,1
-mJ2ud6oKI8/6,48,2.146144,2.1908553333333334,1.0,1,4,1,1,0.0,1,1,1.0,0.9222310185432434,1
-mJ2ud6oKI8/6,49,2.1908553333333334,2.2355666666666667,0.20452681183815002,1,3,1,1,0.0,1,1,1.0,0.9231909513473511,1
-mJ2ud6oKI8/9,0,0.0,0.14014,1.0,1,13,1,1,0.0,5,5,1.0,0.9303296208381653,1
-mJ2ud6oKI8/9,1,0.14014,0.28028,1.0,1,14,1,1,0.0,4,4,1.0,0.9316774606704712,1
-mJ2ud6oKI8/9,2,0.28028,0.42041999999999996,1.0,1,14,1,1,0.0,4,4,1.0,0.9324889779090881,1
-mJ2ud6oKI8/9,3,0.42041999999999996,0.56056,1.0,1,14,1,1,0.0,4,4,1.0,0.9309883117675781,1
-mJ2ud6oKI8/9,4,0.56056,0.7006999999999999,1.0,1,14,1,1,0.0,4,4,1.0,0.93121737241745,1
-mJ2ud6oKI8/9,5,0.7006999999999999,0.8408399999999999,1.0,1,14,1,1,0.0,5,5,1.0,0.9284456372261047,1
-mJ2ud6oKI8/9,6,0.8408399999999999,0.98098,1.0,1,14,1,1,0.0,4,4,1.0,0.9227038621902466,1
-mJ2ud6oKI8/9,7,0.98098,1.12112,1.0,1,14,1,1,0.0,4,4,1.0,0.9252486824989319,1
-mJ2ud6oKI8/9,8,1.12112,1.2612599999999998,1.0,1,14,1,1,0.0,4,4,1.0,0.9299955368041992,1
-mJ2ud6oKI8/9,9,1.2612599999999998,1.4013999999999998,1.0,1,14,1,1,0.0,4,4,1.0,0.928449273109436,1
-mJ2ud6oKI8/9,10,1.4013999999999998,1.54154,1.0,1,14,1,1,0.0,5,5,1.0,0.924451470375061,1
-mJ2ud6oKI8/9,11,1.54154,1.6816799999999998,1.0,1,14,1,1,0.0,4,4,1.0,0.9226878881454468,1
-mJ2ud6oKI8/9,12,1.6816799999999998,1.8218199999999998,1.0,1,14,1,1,0.0,4,4,1.0,0.9237521886825562,1
-mJ2ud6oKI8/9,13,1.8218199999999998,1.96196,1.0,1,14,1,1,0.0,4,4,1.0,0.929114818572998,1
-mJ2ud6oKI8/9,14,1.96196,2.1020999999999996,1.0,1,14,1,1,0.0,4,4,1.0,0.9328889846801758,1
-mJ2ud6oKI8/9,15,2.1020999999999996,2.24224,1.0,1,14,1,1,0.0,5,5,1.0,0.9296184778213501,1
-mJ2ud6oKI8/9,16,2.24224,2.38238,1.0,1,14,1,1,0.0,4,4,1.0,0.9316763281822205,1
-mJ2ud6oKI8/9,17,2.38238,2.5225199999999997,1.0,1,15,1,1,0.0,4,4,1.0,0.9319785237312317,1
-mJ2ud6oKI8/9,18,2.5225199999999997,2.66266,1.0,1,14,1,1,0.0,4,4,1.0,0.9307644367218018,1
-mJ2ud6oKI8/9,19,2.66266,2.8027999999999995,1.0,1,14,1,1,0.0,4,4,1.0,0.9311487674713135,1
-mJ2ud6oKI8/9,20,2.8027999999999995,2.9429399999999997,1.0,1,14,1,1,0.0,5,5,1.0,0.9251114130020142,1
-mJ2ud6oKI8/9,21,2.9429399999999997,3.08308,1.0,1,14,1,1,0.0,4,4,1.0,0.9199756383895874,1
-mJ2ud6oKI8/9,22,3.08308,3.2232199999999995,1.0,1,14,1,1,0.0,4,4,1.0,0.924778938293457,1
-mJ2ud6oKI8/9,23,3.2232199999999995,3.3633599999999997,1.0,1,14,1,1,0.0,4,4,1.0,0.9272217154502869,1
-mJ2ud6oKI8/9,24,3.3633599999999997,3.5035,1.0,1,14,1,1,0.0,4,4,1.0,0.9315486550331116,1
-mJ2ud6oKI8/9,25,3.5035,3.6436399999999995,1.0,1,14,1,1,0.0,5,5,1.0,0.9310110211372375,1
-mJ2ud6oKI8/9,26,3.6436399999999995,3.7837799999999997,1.0,1,14,1,1,0.0,4,4,1.0,0.9311555624008179,1
-mJ2ud6oKI8/9,27,3.7837799999999997,3.92392,1.0,1,14,1,1,0.0,4,4,1.0,0.9302076697349548,1
-mJ2ud6oKI8/9,28,3.92392,4.06406,1.0,1,14,1,1,0.0,4,4,1.0,0.9324645400047302,1
-mJ2ud6oKI8/9,29,4.06406,4.204199999999999,1.0,1,14,1,1,0.0,4,4,1.0,0.9296101331710815,1
-mJ2ud6oKI8/9,30,4.204199999999999,4.34434,1.0,1,14,1,1,0.0,5,5,1.0,0.929702877998352,1
-mJ2ud6oKI8/9,31,4.34434,4.48448,1.0,1,14,1,1,0.0,4,4,1.0,0.9255099296569824,1
-mJ2ud6oKI8/9,32,4.48448,4.624619999999999,1.0,1,14,1,1,0.0,4,4,1.0,0.9264662265777588,1
-mJ2ud6oKI8/9,33,4.624619999999999,4.76476,1.0,1,14,1,1,0.0,4,4,1.0,0.9335597157478333,1
-mJ2ud6oKI8/9,34,4.76476,4.9049,1.0,1,14,1,1,0.0,4,4,1.0,0.9229035377502441,1
-mJ2ud6oKI8/9,35,4.9049,5.045039999999999,1.0,1,14,1,1,0.0,5,5,1.0,0.9235134124755859,1
-mJ2ud6oKI8/9,36,5.045039999999999,5.18518,1.0,1,14,1,1,0.0,4,4,1.0,0.9253277778625488,1
-mJ2ud6oKI8/9,37,5.18518,5.32532,1.0,1,14,1,1,0.0,4,4,1.0,0.9237194657325745,1
-mJ2ud6oKI8/9,38,5.32532,5.465459999999999,1.0,1,14,1,1,0.0,4,4,1.0,0.9260812401771545,1
-mJ2ud6oKI8/9,39,5.465459999999999,5.605599999999999,1.0,1,14,1,1,0.0,4,4,1.0,0.9220242500305176,1
-mJ2ud6oKI8/9,40,5.605599999999999,5.74574,1.0,1,14,1,1,0.0,5,5,1.0,0.9211889505386353,1
-mJ2ud6oKI8/9,41,5.74574,5.885879999999999,1.0,1,14,1,1,0.0,4,4,1.0,0.924631655216217,1
-mJ2ud6oKI8/9,42,5.885879999999999,6.026019999999999,1.0,1,14,1,1,0.0,4,4,1.0,0.9361469745635986,1
-mJ2ud6oKI8/9,43,6.026019999999999,6.16616,1.0,1,14,1,1,0.0,4,4,1.0,0.9349193572998047,1
-mJ2ud6oKI8/9,44,6.16616,6.306299999999999,0.7859283685684204,1,14,1,1,0.0,4,4,1.0,0.9326733350753784,1
-mJ2ud6oKI8/9,45,6.306299999999999,6.446439999999999,1.0,1,14,1,1,0.0,5,5,1.0,0.9323609471321106,1
-mJ2ud6oKI8/9,46,6.446439999999999,6.58658,1.0,1,14,1,1,0.0,4,4,1.0,0.9322261810302734,1
-mJ2ud6oKI8/9,47,6.58658,6.726719999999999,1.0,1,14,1,1,0.0,4,4,1.0,0.9294979572296143,1
-mJ2ud6oKI8/9,48,6.726719999999999,6.866859999999999,1.0,1,14,1,1,0.0,4,4,1.0,0.9264420866966248,1
-mJ2ud6oKI8/9,49,6.866859999999999,7.007,0.2989153563976288,1,3,1,1,0.0,2,2,1.0,0.9266315698623657,1
-mJ2ud6oKI8/8,0,0.0,0.08341666666666667,1.0,1,8,1,1,0.0,3,3,1.0,0.9285344481468201,1
-mJ2ud6oKI8/8,1,0.08341666666666667,0.16683333333333333,1.0,1,8,1,1,0.0,2,2,1.0,0.9281872510910034,1
-mJ2ud6oKI8/8,2,0.16683333333333333,0.25025,1.0,1,8,1,1,0.0,3,3,1.0,0.9285814762115479,1
-mJ2ud6oKI8/8,3,0.25025,0.33366666666666667,1.0,1,9,1,1,0.0,2,2,1.0,0.9294842481613159,1
-mJ2ud6oKI8/8,4,0.33366666666666667,0.41708333333333336,1.0,1,8,1,1,0.0,3,3,1.0,0.931166410446167,1
-mJ2ud6oKI8/8,5,0.41708333333333336,0.5005,1.0,1,8,1,1,0.0,2,2,1.0,0.9311822652816772,1
-mJ2ud6oKI8/8,6,0.5005,0.5839166666666666,1.0,1,9,1,1,0.0,3,3,1.0,0.9299471974372864,1
-mJ2ud6oKI8/8,7,0.5839166666666666,0.6673333333333333,1.0,1,8,1,1,0.0,2,2,1.0,0.9269886612892151,1
-mJ2ud6oKI8/8,8,0.6673333333333333,0.75075,1.0,1,8,1,1,0.0,3,3,1.0,0.9307052493095398,1
-mJ2ud6oKI8/8,9,0.75075,0.8341666666666667,1.0,1,9,1,1,0.0,3,3,1.0,0.9290001392364502,1
-mJ2ud6oKI8/8,10,0.8341666666666667,0.9175833333333333,1.0,1,8,1,1,0.0,2,2,1.0,0.9266408681869507,1
-mJ2ud6oKI8/8,11,0.9175833333333333,1.001,1.0,1,8,1,1,0.0,2,2,1.0,0.9277784824371338,1
-mJ2ud6oKI8/8,12,1.001,1.0844166666666666,1.0,1,9,1,1,0.0,3,3,1.0,0.9317505955696106,1
-mJ2ud6oKI8/8,13,1.0844166666666666,1.1678333333333333,1.0,1,8,1,1,0.0,2,2,1.0,0.9328839778900146,1
-mJ2ud6oKI8/8,14,1.1678333333333333,1.25125,1.0,1,8,1,1,0.0,3,3,1.0,0.9309306740760803,1
-mJ2ud6oKI8/8,15,1.25125,1.3346666666666667,1.0,1,9,1,1,0.0,2,2,1.0,0.9305769205093384,1
-mJ2ud6oKI8/8,16,1.3346666666666667,1.4180833333333334,1.0,1,8,1,1,0.0,3,3,1.0,0.928288996219635,1
-mJ2ud6oKI8/8,17,1.4180833333333334,1.5015,1.0,1,8,1,1,0.0,2,2,1.0,0.9291390180587769,1
-mJ2ud6oKI8/8,18,1.5015,1.5849166666666668,1.0,1,9,1,1,0.0,3,3,1.0,0.9298222064971924,1
-mJ2ud6oKI8/8,19,1.5849166666666668,1.6683333333333334,1.0,1,8,1,1,0.0,3,3,1.0,0.9294567108154297,1
-mJ2ud6oKI8/8,20,1.6683333333333334,1.75175,1.0,1,8,1,1,0.0,2,2,1.0,0.9319183826446533,1
-mJ2ud6oKI8/8,21,1.75175,1.8351666666666666,1.0,1,9,1,1,0.0,2,2,1.0,0.93243408203125,1
-mJ2ud6oKI8/8,22,1.8351666666666666,1.9185833333333333,1.0,1,8,1,1,0.0,3,3,1.0,0.9324379563331604,1
-mJ2ud6oKI8/8,23,1.9185833333333333,2.002,1.0,1,8,1,1,0.0,2,2,1.0,0.9328921437263489,1
-mJ2ud6oKI8/8,24,2.002,2.0854166666666667,1.0,1,9,1,1,0.0,3,3,1.0,0.9327588081359863,1
-mJ2ud6oKI8/8,25,2.0854166666666667,2.168833333333333,0.8941059112548828,1,8,1,1,0.0,2,2,1.0,0.9322209358215332,1
-mJ2ud6oKI8/8,26,2.168833333333333,2.25225,0.7462537288665771,1,8,1,1,0.0,3,3,1.0,0.9301608204841614,1
-mJ2ud6oKI8/8,27,2.25225,2.3356666666666666,1.0,1,9,1,1,0.0,2,2,1.0,0.9315130710601807,1
-mJ2ud6oKI8/8,28,2.3356666666666666,2.4190833333333335,1.0,1,8,1,1,0.0,3,3,1.0,0.9316603541374207,1
-mJ2ud6oKI8/8,29,2.4190833333333335,2.5025,1.0,1,8,1,1,0.0,2,2,1.0,0.9319950938224792,1
-mJ2ud6oKI8/8,30,2.5025,2.585916666666667,1.0,1,9,1,1,0.0,3,3,1.0,0.9303407669067383,1
-mJ2ud6oKI8/8,31,2.585916666666667,2.6693333333333333,1.0,1,8,1,1,0.0,2,2,1.0,0.9289518594741821,1
-mJ2ud6oKI8/8,32,2.6693333333333333,2.75275,1.0,1,9,1,1,0.0,3,3,1.0,0.927682101726532,1
-mJ2ud6oKI8/8,33,2.75275,2.8361666666666667,1.0,1,8,1,1,0.0,2,2,1.0,0.9259559512138367,1
-mJ2ud6oKI8/8,34,2.8361666666666667,2.919583333333333,1.0,1,8,1,1,0.0,3,3,1.0,0.928766667842865,1
-mJ2ud6oKI8/8,35,2.919583333333333,3.003,1.0,1,9,1,1,0.0,2,2,1.0,0.9270222187042236,1
-mJ2ud6oKI8/8,36,3.003,3.0864166666666666,1.0,1,8,1,1,0.0,3,3,1.0,0.9276869893074036,1
-mJ2ud6oKI8/8,37,3.0864166666666666,3.1698333333333335,1.0,1,8,1,1,0.0,2,2,1.0,0.9323695302009583,1
-mJ2ud6oKI8/8,38,3.1698333333333335,3.25325,1.0,1,9,1,1,0.0,3,3,1.0,0.9311711192131042,1
-mJ2ud6oKI8/8,39,3.25325,3.336666666666667,1.0,1,8,1,1,0.0,3,3,1.0,0.9311235547065735,1
-mJ2ud6oKI8/8,40,3.336666666666667,3.4200833333333334,1.0,1,8,1,1,0.0,2,2,1.0,0.9317058324813843,1
-mJ2ud6oKI8/8,41,3.4200833333333334,3.5035,1.0,1,9,1,1,0.0,2,2,1.0,0.9307759404182434,1
-mJ2ud6oKI8/8,42,3.5035,3.5869166666666668,1.0,1,8,1,1,0.0,3,3,1.0,0.9305703043937683,1
-mJ2ud6oKI8/8,43,3.5869166666666668,3.6703333333333332,1.0,1,8,1,1,0.0,2,2,1.0,0.9303095936775208,1
-mJ2ud6oKI8/8,44,3.6703333333333332,3.75375,1.0,1,9,1,1,0.0,3,3,1.0,0.9306368231773376,1
-mJ2ud6oKI8/8,45,3.75375,3.8371666666666666,1.0,1,8,1,1,0.0,2,2,1.0,0.9325729608535767,1
-mJ2ud6oKI8/8,46,3.8371666666666666,3.9205833333333335,1.0,1,8,1,1,0.0,3,3,1.0,0.9327077865600586,1
-mJ2ud6oKI8/8,47,3.9205833333333335,4.004,1.0,1,9,1,1,0.0,2,2,1.0,0.9316636919975281,1
-mJ2ud6oKI8/8,48,4.004,4.087416666666667,1.0,1,8,1,1,0.0,3,3,1.0,0.9308194518089294,1
-mJ2ud6oKI8/8,49,4.087416666666667,4.170833333333333,1.0,1,7,1,1,0.0,2,2,1.0,0.9309149980545044,1
-mqbVkbCndg/0,0,0.0,0.13,0.692307710647583,1,12,1,1,0.0,4,4,1.0,0.9193716049194336,1
-mqbVkbCndg/0,1,0.13,0.26,1.0,1,13,1,1,0.0,4,4,1.0,0.9189493656158447,1
-mqbVkbCndg/0,2,0.26,0.39,1.0,1,13,1,1,0.38461539149284363,4,4,1.0,0.9198476076126099,1
-mqbVkbCndg/0,3,0.39,0.52,1.0,1,13,1,1,0.3076923191547394,4,4,1.0,0.92429518699646,1
-mqbVkbCndg/0,4,0.52,0.65,0.1538461595773697,1,13,1,1,0.0,4,4,1.0,0.9238683581352234,1
-mqbVkbCndg/0,5,0.65,0.78,0.0,0,13,1,1,0.0,4,4,1.0,0.9229236841201782,1
-mqbVkbCndg/0,6,0.78,0.91,0.692307710647583,1,13,1,1,0.0,4,4,1.0,0.9184833765029907,1
-mqbVkbCndg/0,7,0.91,1.04,1.0,1,13,1,1,0.0,4,4,1.0,0.9221070408821106,1
-mqbVkbCndg/0,8,1.04,1.17,1.0,1,13,1,1,0.0,4,4,1.0,0.9230682849884033,1
-mqbVkbCndg/0,9,1.17,1.3,1.0,1,13,1,1,0.0,3,3,1.0,0.9186148047447205,1
-mqbVkbCndg/0,10,1.3,1.4300000000000002,1.0,1,13,1,1,0.0,4,4,1.0,0.9198700785636902,1
-mqbVkbCndg/0,11,1.4300000000000002,1.56,1.0,1,13,1,1,0.0,4,4,1.0,0.9176523685455322,1
-mqbVkbCndg/0,12,1.56,1.69,1.0,1,13,1,1,0.0,4,4,1.0,0.9179195165634155,1
-mqbVkbCndg/0,13,1.69,1.82,1.0,1,13,1,1,0.0,4,4,1.0,0.9188504219055176,1
-mqbVkbCndg/0,14,1.82,1.9500000000000002,1.0,1,13,1,1,0.0,4,4,1.0,0.9201858043670654,1
-mqbVkbCndg/0,15,1.9500000000000002,2.08,1.0,1,13,1,1,0.0,4,4,1.0,0.9198359847068787,1
-mqbVkbCndg/0,16,2.08,2.21,1.0,1,13,1,1,0.0,4,4,1.0,0.9199109077453613,1
-mqbVkbCndg/0,17,2.21,2.34,1.0,1,13,1,1,0.0,4,4,1.0,0.9177449941635132,1
-mqbVkbCndg/0,18,2.34,2.47,1.0,1,13,1,1,0.0,4,4,1.0,0.9211404919624329,1
-mqbVkbCndg/0,19,2.47,2.6,1.0,1,13,1,1,0.0,3,3,1.0,0.9235017895698547,1
-mqbVkbCndg/0,20,2.6,2.73,0.6153846383094788,1,13,1,1,0.0,4,4,1.0,0.9191539883613586,1
-mqbVkbCndg/0,21,2.73,2.8600000000000003,1.0,1,13,1,1,0.0,4,4,1.0,0.923467755317688,1
-mqbVkbCndg/0,22,2.8600000000000003,2.99,1.0,1,13,1,1,0.07692307978868484,4,4,1.0,0.9242985248565674,1
-mqbVkbCndg/0,23,2.99,3.12,1.0,1,13,1,1,0.0,4,4,1.0,0.9241774082183838,1
-mqbVkbCndg/0,24,3.12,3.25,1.0,1,13,1,1,0.0,4,4,1.0,0.9265387058258057,1
-mqbVkbCndg/0,25,3.25,3.38,1.0,1,13,1,1,0.0,4,4,1.0,0.9250968098640442,1
-mqbVkbCndg/0,26,3.38,3.5100000000000002,1.0,1,13,1,1,0.0,4,4,1.0,0.9239497184753418,1
-mqbVkbCndg/0,27,3.5100000000000002,3.64,1.0,1,13,1,1,0.0,4,4,1.0,0.9224764704704285,1
-mqbVkbCndg/0,28,3.64,3.77,1.0,1,13,1,1,0.0,4,4,1.0,0.9256382584571838,1
-mqbVkbCndg/0,29,3.77,3.9000000000000004,1.0,1,13,1,1,0.0,4,4,1.0,0.9245723485946655,1
-mqbVkbCndg/0,30,3.9000000000000004,4.03,0.9230769276618958,1,13,1,1,0.0,3,3,1.0,0.924694836139679,1
-mqbVkbCndg/0,31,4.03,4.16,0.0,0,13,1,1,0.0,4,4,1.0,0.9236838817596436,1
-mqbVkbCndg/0,32,4.16,4.29,0.0,0,13,1,1,0.0,4,4,1.0,0.9242509603500366,1
-mqbVkbCndg/0,33,4.29,4.42,0.0,0,13,1,1,0.0,4,4,1.0,0.9244135618209839,1
-mqbVkbCndg/0,34,4.42,4.55,0.6153846383094788,1,13,1,1,0.0,4,4,1.0,0.9272143244743347,1
-mqbVkbCndg/0,35,4.55,4.68,1.0,1,13,1,1,0.0,4,4,1.0,0.9283667206764221,1
-mqbVkbCndg/0,36,4.68,4.8100000000000005,1.0,1,13,1,1,0.0,4,4,1.0,0.9260383248329163,1
-mqbVkbCndg/0,37,4.8100000000000005,4.94,1.0,1,13,1,1,0.0,4,4,1.0,0.924308717250824,1
-mqbVkbCndg/0,38,4.94,5.07,0.38461539149284363,1,13,1,1,0.0,4,4,1.0,0.9208564162254333,1
-mqbVkbCndg/0,39,5.07,5.2,0.0,0,13,1,1,0.0,3,3,1.0,0.9245217442512512,1
-mqbVkbCndg/0,40,5.2,5.33,0.0,0,13,1,1,0.0,4,4,1.0,0.9237455129623413,1
-mqbVkbCndg/0,41,5.33,5.46,1.0,1,13,1,1,0.0,4,4,1.0,0.9261362552642822,1
-mqbVkbCndg/0,42,5.46,5.59,1.0,1,13,1,1,0.0,4,4,1.0,0.9280911087989807,1
-mqbVkbCndg/0,43,5.59,5.720000000000001,1.0,1,13,1,1,0.0,4,4,1.0,0.9260594248771667,1
-mqbVkbCndg/0,44,5.720000000000001,5.8500000000000005,1.0,1,13,1,1,0.0,4,4,1.0,0.9238132834434509,1
-mqbVkbCndg/0,45,5.8500000000000005,5.98,0.4615384638309479,1,13,1,1,0.0,4,4,1.0,0.9213776588439941,1
-mqbVkbCndg/0,46,5.98,6.11,0.0,0,13,1,1,0.0,4,4,1.0,0.9185239672660828,1
-mqbVkbCndg/0,47,6.11,6.24,0.0,0,13,1,1,0.0,4,4,1.0,0.9214882850646973,1
-mqbVkbCndg/0,48,6.24,6.37,0.0,0,13,1,1,0.0,4,4,1.0,0.9215041399002075,1
-mqbVkbCndg/0,49,6.37,6.5,0.0,0,1,1,1,0.0,2,2,1.0,0.9266737103462219,1
-t217m2on-s/2,0,0.0,0.11333333333333334,0.0,0,11,1,0,0.0,4,4,1.0,0.9266688227653503,1
-t217m2on-s/2,1,0.11333333333333334,0.22666666666666668,0.0,0,11,1,0,0.0,3,3,1.0,0.9251968264579773,1
-t217m2on-s/2,2,0.22666666666666668,0.34,0.0,0,11,1,0,0.0,4,4,1.0,0.9285295009613037,1
-t217m2on-s/2,3,0.34,0.45333333333333337,0.0,0,12,1,0,0.0,3,3,1.0,0.9297654032707214,1
-t217m2on-s/2,4,0.45333333333333337,0.5666666666666667,0.5,1,11,1,1,0.0,3,3,1.0,0.9296285510063171,1
-t217m2on-s/2,5,0.5666666666666667,0.68,1.0,1,11,1,1,0.0,4,4,1.0,0.9316091537475586,1
-t217m2on-s/2,6,0.68,0.7933333333333334,1.0,1,12,1,1,0.0,3,3,1.0,0.9316935539245605,1
-t217m2on-s/2,7,0.7933333333333334,0.9066666666666667,1.0,1,11,1,1,0.0,4,4,1.0,0.9305806756019592,1
-t217m2on-s/2,8,0.9066666666666667,1.02,1.0,1,11,1,1,0.0,3,3,1.0,0.9298604130744934,1
-t217m2on-s/2,9,1.02,1.1333333333333333,1.0,1,12,1,1,0.0,3,3,1.0,0.9297909736633301,1
-t217m2on-s/2,10,1.1333333333333333,1.2466666666666668,0.05882352963089943,1,11,1,0,0.0,4,4,1.0,0.9295918941497803,1
-t217m2on-s/2,11,1.2466666666666668,1.36,0.529411792755127,1,11,1,1,0.0,3,3,1.0,0.9258423447608948,1
-t217m2on-s/2,12,1.36,1.4733333333333334,1.0,1,12,1,1,0.0,4,4,1.0,0.9298049211502075,1
-t217m2on-s/2,13,1.4733333333333334,1.586666666666667,1.0,1,11,1,1,0.27272728085517883,3,3,1.0,0.9278090596199036,1
-t217m2on-s/2,14,1.586666666666667,1.7000000000000002,1.0,1,11,1,1,0.09090909361839294,4,4,1.0,0.9299778342247009,1
-t217m2on-s/2,15,1.7000000000000002,1.8133333333333335,1.0,1,12,1,1,0.25,3,3,1.0,0.9319148063659668,1
-t217m2on-s/2,16,1.8133333333333335,1.9266666666666667,1.0,1,11,1,1,0.0,3,3,1.0,0.9319057464599609,1
-t217m2on-s/2,17,1.9266666666666667,2.04,1.0,1,11,1,1,0.09090909361839294,4,4,1.0,0.9324529767036438,1
-t217m2on-s/2,18,2.04,2.1533333333333333,1.0,1,12,1,1,0.0,3,3,1.0,0.9318119883537292,1
-t217m2on-s/2,19,2.1533333333333333,2.2666666666666666,1.0,1,11,1,1,0.0,3,3,1.0,0.9248750805854797,1
-t217m2on-s/2,20,2.2666666666666666,2.3800000000000003,1.0,1,11,1,1,0.0,4,4,1.0,0.927640974521637,1
-t217m2on-s/2,21,2.3800000000000003,2.4933333333333336,1.0,1,12,1,1,0.0,3,3,1.0,0.9310010075569153,1
-t217m2on-s/2,22,2.4933333333333336,2.606666666666667,1.0,1,11,1,1,0.0,4,4,1.0,0.9323008060455322,1
-t217m2on-s/2,23,2.606666666666667,2.72,0.8235294222831726,1,11,1,1,0.0,3,3,1.0,0.9330089092254639,1
-t217m2on-s/2,24,2.72,2.8333333333333335,0.0,0,12,1,0,0.0,3,3,1.0,0.9332658648490906,1
-t217m2on-s/2,25,2.8333333333333335,2.9466666666666668,0.0,0,11,1,0,0.0,4,4,1.0,0.9323849678039551,1
-t217m2on-s/2,26,2.9466666666666668,3.06,0.0,0,11,1,0,0.0,3,3,1.0,0.928536593914032,1
-t217m2on-s/2,27,3.06,3.173333333333334,0.0,0,12,1,1,0.0,4,4,1.0,0.9253184199333191,1
-t217m2on-s/2,28,3.173333333333334,3.286666666666667,0.0,0,11,1,1,0.0,3,3,1.0,0.9246003031730652,1
-t217m2on-s/2,29,3.286666666666667,3.4000000000000004,0.0,0,11,1,1,0.0,4,4,1.0,0.9243869781494141,1
-t217m2on-s/2,30,3.4000000000000004,3.5133333333333336,0.0,0,12,1,1,0.0,3,3,1.0,0.9302153587341309,1
-t217m2on-s/2,31,3.5133333333333336,3.626666666666667,0.9411764740943909,1,11,1,1,0.0,3,3,1.0,0.9311530590057373,1
-t217m2on-s/2,32,3.626666666666667,3.74,1.0,1,11,1,1,0.0,4,4,1.0,0.9280896782875061,1
-t217m2on-s/2,33,3.74,3.8533333333333335,1.0,1,12,1,1,0.1666666716337204,3,3,1.0,0.9304847717285156,1
-t217m2on-s/2,34,3.8533333333333335,3.966666666666667,1.0,1,11,1,1,0.09090909361839294,3,3,1.0,0.9336028695106506,1
-t217m2on-s/2,35,3.966666666666667,4.08,1.0,1,11,1,1,0.0,4,4,1.0,0.9296981692314148,1
-t217m2on-s/2,36,4.08,4.193333333333333,1.0,1,12,1,1,0.0,3,3,1.0,0.9256163239479065,1
-t217m2on-s/2,37,4.193333333333333,4.306666666666667,1.0,1,11,1,1,0.0,4,4,1.0,0.9299967885017395,1
-t217m2on-s/2,38,4.306666666666667,4.42,1.0,1,11,1,1,0.09090909361839294,3,3,1.0,0.9302372932434082,1
-t217m2on-s/2,39,4.42,4.533333333333333,1.0,1,12,1,1,0.0,3,3,1.0,0.9313065409660339,1
-t217m2on-s/2,40,4.533333333333333,4.646666666666667,1.0,1,11,1,1,0.0,4,4,1.0,0.9325062036514282,1
-t217m2on-s/2,41,4.646666666666667,4.760000000000001,1.0,1,11,1,1,0.0,3,3,1.0,0.9320084452629089,1
-t217m2on-s/2,42,4.760000000000001,4.873333333333334,1.0,1,12,1,1,0.0,4,4,1.0,0.9353571534156799,1
-t217m2on-s/2,43,4.873333333333334,4.986666666666667,1.0,1,11,1,1,0.27272728085517883,3,3,1.0,0.9344525337219238,1
-t217m2on-s/2,44,4.986666666666667,5.1000000000000005,0.9117646813392639,1,11,1,1,0.0,4,4,1.0,0.936025083065033,1
-t217m2on-s/2,45,5.1000000000000005,5.213333333333334,0.0,0,12,1,0,0.0,3,3,1.0,0.9273092746734619,1
-t217m2on-s/2,46,5.213333333333334,5.326666666666667,0.0,0,11,1,0,0.0,3,3,1.0,0.9240946173667908,1
-t217m2on-s/2,47,5.326666666666667,5.44,0.0,0,11,1,0,0.0,4,4,1.0,0.9264833927154541,1
-t217m2on-s/2,48,5.44,5.553333333333334,0.0,0,12,1,0,0.0,3,3,1.0,0.9280297160148621,1
-t217m2on-s/2,49,5.553333333333334,5.666666666666667,0.0,0,6,1,0,0.0,3,3,1.0,0.9282040596008301,1
-t217m2on-s/7,0,0.0,0.3433333333333334,0.0,0,34,1,0,0.0,11,11,1.0,0.9361814260482788,1
-t217m2on-s/7,1,0.3433333333333334,0.6866666666666668,0.48543688654899597,1,34,1,1,0.0,10,10,1.0,0.9338148832321167,1
-t217m2on-s/7,2,0.6866666666666668,1.0300000000000002,1.0,1,34,1,1,0.0,10,10,1.0,0.9346088171005249,1
-t217m2on-s/7,3,1.0300000000000002,1.3733333333333335,1.0,1,35,1,1,0.08571428805589676,11,11,1.0,0.9359681606292725,1
-t217m2on-s/7,4,1.3733333333333335,1.7166666666666668,1.0,1,34,1,1,0.0,10,10,1.0,0.9376289248466492,1
-t217m2on-s/7,5,1.7166666666666668,2.0600000000000005,1.0,1,34,1,1,0.05882352963089943,10,10,1.0,0.9340108036994934,1
-t217m2on-s/7,6,2.0600000000000005,2.4033333333333338,0.6699029207229614,1,35,1,1,0.0,11,11,1.0,0.9348104596138,1
-t217m2on-s/7,7,2.4033333333333338,2.746666666666667,0.19417475163936615,1,34,1,0,0.0,10,10,1.0,0.9340962171554565,1
-t217m2on-s/7,8,2.746666666666667,3.0900000000000003,1.0,1,34,1,1,0.0,10,10,1.0,0.9345042109489441,1
-t217m2on-s/7,9,3.0900000000000003,3.4333333333333336,1.0,1,35,1,1,0.0,11,11,1.0,0.9300746321678162,1
-t217m2on-s/7,10,3.4333333333333336,3.7766666666666673,1.0,1,34,1,1,0.0882352963089943,10,10,1.0,0.933210015296936,1
-t217m2on-s/7,11,3.7766666666666673,4.120000000000001,1.0,1,34,1,1,0.029411764815449715,10,10,1.0,0.9325615763664246,1
-t217m2on-s/7,12,4.120000000000001,4.463333333333334,1.0,1,35,1,1,0.11428571492433548,10,10,1.0,0.9347022771835327,1
-t217m2on-s/7,13,4.463333333333334,4.8066666666666675,1.0,1,34,1,1,0.29411765933036804,11,11,1.0,0.9360030889511108,1
-t217m2on-s/7,14,4.8066666666666675,5.15,1.0,1,34,1,1,0.0,10,10,1.0,0.9289144277572632,1
-t217m2on-s/7,15,5.15,5.493333333333334,1.0,1,35,1,1,0.05714285746216774,10,10,1.0,0.9267667531967163,1
-t217m2on-s/7,16,5.493333333333334,5.836666666666668,1.0,1,34,1,1,0.0,11,11,1.0,0.9280863404273987,1
-t217m2on-s/7,17,5.836666666666668,6.180000000000001,1.0,1,34,1,1,0.0,10,10,1.0,0.930600643157959,1
-t217m2on-s/7,18,6.180000000000001,6.523333333333334,0.9902912378311157,1,35,1,1,0.11428571492433548,10,10,1.0,0.9360208511352539,1
-t217m2on-s/7,19,6.523333333333334,6.866666666666667,0.0,0,34,1,0,0.0,11,11,1.0,0.9346586465835571,1
-t217m2on-s/7,20,6.866666666666667,7.210000000000001,0.7864077687263489,1,34,1,1,0.05882352963089943,10,10,1.0,0.9357221722602844,1
-t217m2on-s/7,21,7.210000000000001,7.553333333333335,1.0,1,35,1,1,0.05714285746216774,10,10,1.0,0.9358845949172974,1
-t217m2on-s/7,22,7.553333333333335,7.896666666666667,0.9126213788986206,1,34,1,1,0.0,10,10,1.0,0.9341652989387512,1
-t217m2on-s/7,23,7.896666666666667,8.240000000000002,1.0,1,34,1,1,0.0,11,11,1.0,0.9340841174125671,1
-t217m2on-s/7,24,8.240000000000002,8.583333333333334,1.0,1,35,1,1,0.0,10,10,1.0,0.9313403367996216,1
-t217m2on-s/7,25,8.583333333333334,8.926666666666668,1.0,1,34,1,1,0.0882352963089943,10,10,1.0,0.9329344630241394,1
-t217m2on-s/7,26,8.926666666666668,9.270000000000001,0.12621359527111053,1,34,1,1,0.0,11,11,1.0,0.9325770735740662,1
-t217m2on-s/7,27,9.270000000000001,9.613333333333335,0.4757281541824341,1,35,1,1,0.0,10,10,1.0,0.9284873008728027,1
-t217m2on-s/7,28,9.613333333333335,9.956666666666669,1.0,1,34,1,1,0.029411764815449715,10,10,1.0,0.9242032766342163,1
-t217m2on-s/7,29,9.956666666666669,10.3,1.0,1,34,1,1,0.0,10,10,1.0,0.9342619776725769,1
-t217m2on-s/7,30,10.3,10.643333333333334,1.0,1,35,1,1,0.05714285746216774,11,11,1.0,0.9333298206329346,1
-t217m2on-s/7,31,10.643333333333334,10.986666666666668,0.446601927280426,1,34,1,1,0.0,10,10,1.0,0.9348160624504089,1
-t217m2on-s/7,32,10.986666666666668,11.330000000000002,1.0,1,34,1,1,0.0,10,10,1.0,0.9330160021781921,1
-t217m2on-s/7,33,11.330000000000002,11.673333333333336,1.0,1,35,1,1,0.05714285746216774,11,11,1.0,0.9343979358673096,1
-t217m2on-s/7,34,11.673333333333336,12.016666666666667,1.0,1,34,1,1,0.0,10,10,1.0,0.9305421113967896,1
-t217m2on-s/7,35,12.016666666666667,12.360000000000001,1.0,1,34,1,1,0.0,10,10,1.0,0.9360709190368652,1
-t217m2on-s/7,36,12.360000000000001,12.703333333333335,1.0,1,35,1,1,0.02857142873108387,11,11,1.0,0.9357009530067444,1
-t217m2on-s/7,37,12.703333333333335,13.046666666666669,1.0,1,34,1,1,0.0,10,10,1.0,0.9335625767707825,1
-t217m2on-s/7,38,13.046666666666669,13.390000000000002,1.0,1,34,1,1,0.0,10,10,1.0,0.9354808926582336,1
-t217m2on-s/7,39,13.390000000000002,13.733333333333334,1.0,1,35,1,1,0.0,11,11,1.0,0.9327846765518188,1
-t217m2on-s/7,40,13.733333333333334,14.076666666666668,1.0,1,34,1,1,0.0,10,10,1.0,0.9343494176864624,1
-t217m2on-s/7,41,14.076666666666668,14.420000000000002,1.0,1,34,1,1,0.0,10,10,1.0,0.9330662488937378,1
-t217m2on-s/7,42,14.420000000000002,14.763333333333335,0.7864077687263489,1,35,1,1,0.0,10,10,1.0,0.9323040843009949,1
-t217m2on-s/7,43,14.763333333333335,15.10666666666667,0.0,0,34,1,0,0.0,11,11,1.0,0.9307010769844055,1
-t217m2on-s/7,44,15.10666666666667,15.450000000000003,0.9029126167297363,1,34,1,1,0.0,10,10,1.0,0.9283660054206848,1
-t217m2on-s/7,45,15.450000000000003,15.793333333333335,1.0,1,35,1,1,0.0,10,10,1.0,0.935524582862854,1
-t217m2on-s/7,46,15.793333333333335,16.13666666666667,1.0,1,34,1,1,0.0,11,11,1.0,0.9348611831665039,1
-t217m2on-s/7,47,16.13666666666667,16.480000000000004,1.0,1,34,1,1,0.0,10,10,1.0,0.9344337582588196,1
-t217m2on-s/7,48,16.480000000000004,16.823333333333334,0.291262149810791,1,35,1,0,0.0,10,10,1.0,0.9336206316947937,1
-t217m2on-s/7,49,16.823333333333334,17.166666666666668,0.0,0,19,1,0,0.0,7,7,1.0,0.9329817891120911,1
-tANM6ETl_M/3,0,0.0,0.13466666666666666,0.0,0,13,1,1,0.0,5,5,1.0,0.9292951822280884,1
-tANM6ETl_M/3,1,0.13466666666666666,0.2693333333333333,0.0,0,13,1,1,0.0,4,4,1.0,0.9352105855941772,1
-tANM6ETl_M/3,2,0.2693333333333333,0.40399999999999997,0.0,0,14,1,1,0.0,4,4,1.0,0.9322966933250427,1
-tANM6ETl_M/3,3,0.40399999999999997,0.5386666666666666,0.21287128329277039,1,13,1,1,0.0,4,4,1.0,0.9346839189529419,1
-tANM6ETl_M/3,4,0.5386666666666666,0.6733333333333333,1.0,1,14,1,1,0.0,4,4,1.0,0.9191932678222656,1
-tANM6ETl_M/3,5,0.6733333333333333,0.8079999999999999,1.0,1,13,1,1,0.07692307978868484,4,4,1.0,0.92119961977005,1
-tANM6ETl_M/3,6,0.8079999999999999,0.9426666666666665,1.0,1,14,1,1,0.2142857164144516,4,4,1.0,0.9193987846374512,1
-tANM6ETl_M/3,7,0.9426666666666665,1.0773333333333333,1.0,1,13,1,1,0.0,4,4,1.0,0.9295867085456848,1
-tANM6ETl_M/3,8,1.0773333333333333,1.212,1.0,1,13,1,1,0.0,4,4,1.0,0.9273086786270142,1
-tANM6ETl_M/3,9,1.212,1.3466666666666667,1.0,1,14,1,1,0.0,4,4,1.0,0.9311494827270508,1
-tANM6ETl_M/3,10,1.3466666666666667,1.4813333333333332,1.0,1,13,1,1,0.0,4,4,1.0,0.9247979521751404,1
-tANM6ETl_M/3,11,1.4813333333333332,1.6159999999999999,1.0,1,14,1,1,0.1428571492433548,4,4,1.0,0.927244246006012,1
-tANM6ETl_M/3,12,1.6159999999999999,1.7506666666666666,1.0,1,13,1,1,0.07692307978868484,4,4,1.0,0.9224125742912292,1
-tANM6ETl_M/3,13,1.7506666666666666,1.885333333333333,1.0,1,14,1,1,0.0,4,4,1.0,0.9212621450424194,1
-tANM6ETl_M/3,14,1.885333333333333,2.02,1.0,1,13,1,1,0.0,4,4,1.0,0.923608660697937,1
-tANM6ETl_M/3,15,2.02,2.1546666666666665,1.0,1,14,1,1,0.0,4,4,1.0,0.9186868667602539,1
-tANM6ETl_M/3,16,2.1546666666666665,2.289333333333333,1.0,1,13,1,1,0.0,4,4,1.0,0.9227572679519653,1
-tANM6ETl_M/3,17,2.289333333333333,2.424,1.0,1,14,1,1,0.0,4,4,1.0,0.9263988733291626,1
-tANM6ETl_M/3,18,2.424,2.5586666666666664,1.0,1,13,1,1,0.23076923191547394,4,4,1.0,0.9261531233787537,1
-tANM6ETl_M/3,19,2.5586666666666664,2.6933333333333334,1.0,1,14,1,1,0.0,4,4,1.0,0.9249042868614197,1
-tANM6ETl_M/3,20,2.6933333333333334,2.828,1.0,1,13,1,1,0.0,4,4,1.0,0.9237598180770874,1
-tANM6ETl_M/3,21,2.828,2.9626666666666663,1.0,1,14,1,1,0.0,4,4,1.0,0.9223577976226807,1
-tANM6ETl_M/3,22,2.9626666666666663,3.0973333333333333,1.0,1,13,1,1,0.0,4,4,1.0,0.9223647117614746,1
-tANM6ETl_M/3,23,3.0973333333333333,3.2319999999999998,1.0,1,13,1,1,0.1538461595773697,4,4,1.0,0.929385244846344,1
-tANM6ETl_M/3,24,3.2319999999999998,3.3666666666666663,1.0,1,14,1,1,0.0,4,4,1.0,0.9266763925552368,1
-tANM6ETl_M/3,25,3.3666666666666663,3.501333333333333,1.0,1,13,1,1,0.0,5,5,1.0,0.9233208894729614,1
-tANM6ETl_M/3,26,3.501333333333333,3.6359999999999997,1.0,1,14,1,1,0.0,4,4,1.0,0.9209764003753662,1
-tANM6ETl_M/3,27,3.6359999999999997,3.770666666666666,1.0,1,13,1,1,0.0,4,4,1.0,0.9232260584831238,1
-tANM6ETl_M/3,28,3.770666666666666,3.905333333333333,1.0,1,14,1,1,0.0,4,4,1.0,0.9248329401016235,1
-tANM6ETl_M/3,29,3.905333333333333,4.04,1.0,1,13,1,1,0.0,4,4,1.0,0.9214479923248291,1
-tANM6ETl_M/3,30,4.04,4.174666666666666,1.0,1,14,1,1,0.2857142984867096,4,4,1.0,0.9188809990882874,1
-tANM6ETl_M/3,31,4.174666666666666,4.309333333333333,1.0,1,13,1,1,0.23076923191547394,4,4,1.0,0.9305109977722168,1
-tANM6ETl_M/3,32,4.309333333333333,4.444,1.0,1,14,1,1,0.0,4,4,1.0,0.9294869899749756,1
-tANM6ETl_M/3,33,4.444,4.578666666666666,1.0,1,13,1,1,0.0,4,4,1.0,0.9274241328239441,1
-tANM6ETl_M/3,34,4.578666666666666,4.713333333333333,1.0,1,14,1,1,0.0,4,4,1.0,0.9219213724136353,1
-tANM6ETl_M/3,35,4.713333333333333,4.848,1.0,1,13,1,1,0.0,4,4,1.0,0.9209268689155579,1
-tANM6ETl_M/3,36,4.848,4.982666666666666,1.0,1,14,1,1,0.0,4,4,1.0,0.9165926575660706,1
-tANM6ETl_M/3,37,4.982666666666666,5.117333333333333,1.0,1,13,1,1,0.0,4,4,1.0,0.916146993637085,1
-tANM6ETl_M/3,38,5.117333333333333,5.252,1.0,1,13,1,1,0.0,4,4,1.0,0.9173455834388733,1
-tANM6ETl_M/3,39,5.252,5.386666666666667,1.0,1,14,1,1,0.0,4,4,1.0,0.9179140329360962,1
-tANM6ETl_M/3,40,5.386666666666667,5.521333333333333,1.0,1,13,1,1,0.0,4,4,1.0,0.9315991997718811,1
-tANM6ETl_M/3,41,5.521333333333333,5.656,1.0,1,14,1,1,0.0,4,4,1.0,0.9254080653190613,1
-tANM6ETl_M/3,42,5.656,5.790666666666667,1.0,1,13,1,1,0.0,4,4,1.0,0.9186983704566956,1
-tANM6ETl_M/3,43,5.790666666666667,5.925333333333333,1.0,1,14,1,1,0.0,4,4,1.0,0.9204621911048889,1
-tANM6ETl_M/3,44,5.925333333333333,6.06,1.0,1,13,1,1,0.0,4,4,1.0,0.9252976179122925,1
-tANM6ETl_M/3,45,6.06,6.1946666666666665,0.2227722704410553,1,14,1,1,0.0,4,4,1.0,0.9222123622894287,1
-tANM6ETl_M/3,46,6.1946666666666665,6.329333333333333,0.0,0,13,1,0,0.0,4,4,1.0,0.926391065120697,1
-tANM6ETl_M/3,47,6.329333333333333,6.4639999999999995,0.0,0,14,1,1,0.0,4,4,1.0,0.9251223802566528,1
-tANM6ETl_M/3,48,6.4639999999999995,6.5986666666666665,0.0,0,12,1,1,0.0,4,4,1.0,0.9126649498939514,1
-tANM6ETl_M/3,49,6.5986666666666665,6.733333333333333,0.0,0,0,0,0,0.0,2,2,1.0,0.9053091406822205,1
-tPCytz4rww/11,0,0.0,0.10933333333333334,0.0,0,10,1,1,0.0,4,4,1.0,0.9270526766777039,1
-tPCytz4rww/11,1,0.10933333333333334,0.21866666666666668,0.0,0,11,1,1,0.0,3,3,1.0,0.9263138771057129,1
-tPCytz4rww/11,2,0.21866666666666668,0.328,0.0,0,11,1,1,0.0,3,3,1.0,0.9255674481391907,1
-tPCytz4rww/11,3,0.328,0.43733333333333335,0.0,0,11,1,1,0.0,4,4,1.0,0.9272040128707886,1
-tPCytz4rww/11,4,0.43733333333333335,0.5466666666666666,0.4268292784690857,1,11,1,1,0.0,3,3,1.0,0.925436794757843,1
-tPCytz4rww/11,5,0.5466666666666666,0.656,1.0,1,11,1,1,0.0,3,3,1.0,0.926856279373169,1
-tPCytz4rww/11,6,0.656,0.7653333333333334,1.0,1,11,1,1,0.0,3,3,1.0,0.927800178527832,1
-tPCytz4rww/11,7,0.7653333333333334,0.8746666666666667,1.0,1,11,1,1,0.0,4,4,1.0,0.9252840280532837,1
-tPCytz4rww/11,8,0.8746666666666667,0.984,1.0,1,11,1,1,0.0,3,3,1.0,0.9265339970588684,1
-tPCytz4rww/11,9,0.984,1.0933333333333333,1.0,1,11,1,1,0.0,3,3,1.0,0.9261508584022522,1
-tPCytz4rww/11,10,1.0933333333333333,1.2026666666666668,1.0,1,11,1,1,0.0,4,4,1.0,0.9222105145454407,1
-tPCytz4rww/11,11,1.2026666666666668,1.312,1.0,1,10,1,1,0.0,3,3,1.0,0.9268590807914734,1
-tPCytz4rww/11,12,1.312,1.4213333333333333,1.0,1,11,1,1,0.0,3,3,1.0,0.9298394322395325,1
-tPCytz4rww/11,13,1.4213333333333333,1.5306666666666668,1.0,1,11,1,1,0.0,3,3,1.0,0.9301641583442688,1
-tPCytz4rww/11,14,1.5306666666666668,1.6400000000000001,1.0,1,11,1,1,0.0,4,4,1.0,0.925223708152771,1
-tPCytz4rww/11,15,1.6400000000000001,1.7493333333333334,1.0,1,11,1,1,0.0,3,3,1.0,0.9233734607696533,1
-tPCytz4rww/11,16,1.7493333333333334,1.8586666666666667,1.0,1,11,1,1,0.0,3,3,1.0,0.9228160381317139,1
-tPCytz4rww/11,17,1.8586666666666667,1.968,1.0,1,11,1,1,0.0,4,4,1.0,0.9263001084327698,1
-tPCytz4rww/11,18,1.968,2.0773333333333333,1.0,1,11,1,1,0.0,3,3,1.0,0.9277858138084412,1
-tPCytz4rww/11,19,2.0773333333333333,2.1866666666666665,1.0,1,11,1,1,0.0,3,3,1.0,0.9280896782875061,1
-tPCytz4rww/11,20,2.1866666666666665,2.2960000000000003,1.0,1,11,1,1,0.0,3,3,1.0,0.9275772571563721,1
-tPCytz4rww/11,21,2.2960000000000003,2.4053333333333335,1.0,1,11,1,1,0.0,4,4,1.0,0.9303609132766724,1
-tPCytz4rww/11,22,2.4053333333333335,2.514666666666667,1.0,1,11,1,1,0.0,3,3,1.0,0.9279706478118896,1
-tPCytz4rww/11,23,2.514666666666667,2.624,1.0,1,11,1,1,0.0,3,3,1.0,0.9272163510322571,1
-tPCytz4rww/11,24,2.624,2.7333333333333334,1.0,1,11,1,1,0.0,3,3,1.0,0.9261158108711243,1
-tPCytz4rww/11,25,2.7333333333333334,2.8426666666666667,1.0,1,11,1,1,0.0,4,4,1.0,0.925017237663269,1
-tPCytz4rww/11,26,2.8426666666666667,2.952,0.5243902206420898,1,10,1,1,0.0,3,3,1.0,0.9246289134025574,1
-tPCytz4rww/11,27,2.952,3.0613333333333337,0.0,0,11,1,1,0.0,3,3,1.0,0.9257366061210632,1
-tPCytz4rww/11,28,3.0613333333333337,3.170666666666667,0.2804878056049347,1,11,1,1,0.0,4,4,1.0,0.9269774556159973,1
-tPCytz4rww/11,29,3.170666666666667,3.2800000000000002,1.0,1,11,1,1,0.0,3,3,1.0,0.928147554397583,1
-tPCytz4rww/11,30,3.2800000000000002,3.3893333333333335,1.0,1,11,1,1,0.0,3,3,1.0,0.9247569441795349,1
-tPCytz4rww/11,31,3.3893333333333335,3.498666666666667,1.0,1,11,1,1,0.0,3,3,1.0,0.9244497418403625,1
-tPCytz4rww/11,32,3.498666666666667,3.608,1.0,1,11,1,1,0.0,4,4,1.0,0.929114580154419,1
-tPCytz4rww/11,33,3.608,3.7173333333333334,1.0,1,11,1,1,0.0,3,3,1.0,0.9309559464454651,1
-tPCytz4rww/11,34,3.7173333333333334,3.8266666666666667,1.0,1,11,1,1,0.0,3,3,1.0,0.9342472553253174,1
-tPCytz4rww/11,35,3.8266666666666667,3.936,1.0,1,11,1,1,0.0,4,4,1.0,0.9324276447296143,1
-tPCytz4rww/11,36,3.936,4.045333333333334,1.0,1,11,1,1,0.0,3,3,1.0,0.9267222285270691,1
-tPCytz4rww/11,37,4.045333333333334,4.1546666666666665,1.0,1,11,1,1,0.0,3,3,1.0,0.926781177520752,1
-tPCytz4rww/11,38,4.1546666666666665,4.264,1.0,1,11,1,1,0.0,3,3,1.0,0.9287934303283691,1
-tPCytz4rww/11,39,4.264,4.373333333333333,1.0,1,11,1,1,0.0,4,4,1.0,0.9304471611976624,1
-tPCytz4rww/11,40,4.373333333333333,4.482666666666667,1.0,1,11,1,1,0.0,3,3,1.0,0.9297847747802734,1
-tPCytz4rww/11,41,4.482666666666667,4.5920000000000005,1.0,1,10,1,1,0.0,3,3,1.0,0.9280868172645569,1
-tPCytz4rww/11,42,4.5920000000000005,4.701333333333333,1.0,1,11,1,1,0.0,4,4,1.0,0.9248614311218262,1
-tPCytz4rww/11,43,4.701333333333333,4.810666666666667,1.0,1,11,1,1,0.0,3,3,1.0,0.9258520007133484,1
-tPCytz4rww/11,44,4.810666666666667,4.92,1.0,1,11,1,1,0.0,3,3,1.0,0.9272840619087219,1
-tPCytz4rww/11,45,4.92,5.029333333333334,1.0,1,11,1,1,0.0,3,3,1.0,0.9286931157112122,1
-tPCytz4rww/11,46,5.029333333333334,5.1386666666666665,1.0,1,11,1,1,0.0,4,4,1.0,0.9284855127334595,1
-tPCytz4rww/11,47,5.1386666666666665,5.248,1.0,1,11,1,1,0.0,3,3,1.0,0.9282090067863464,1
-tPCytz4rww/11,48,5.248,5.357333333333334,0.5670731663703918,1,11,1,1,0.0,3,3,1.0,0.9281149506568909,1
-tPCytz4rww/11,49,5.357333333333334,5.466666666666667,0.0,0,1,1,1,0.0,3,3,1.0,0.9282894730567932,1
-tPCytz4rww/10,0,0.0,0.09533333333333333,0.0,0,9,1,1,0.0,3,3,1.0,0.9331023097038269,1
-tPCytz4rww/10,1,0.09533333333333333,0.19066666666666665,0.0,0,9,1,1,0.0,3,3,1.0,0.9323244094848633,1
-tPCytz4rww/10,2,0.19066666666666665,0.286,0.0,0,10,1,1,0.0,3,3,1.0,0.9328144192695618,1
-tPCytz4rww/10,3,0.286,0.3813333333333333,0.0,0,9,1,1,0.0,3,3,1.0,0.9333330988883972,1
-tPCytz4rww/10,4,0.3813333333333333,0.4766666666666666,0.0,0,10,1,1,0.0,3,3,1.0,0.9351364970207214,1
-tPCytz4rww/10,5,0.4766666666666666,0.572,0.8601398468017578,1,9,1,1,0.0,3,3,1.0,0.9357399344444275,1
-tPCytz4rww/10,6,0.572,0.6673333333333333,1.0,1,10,1,1,0.0,3,3,1.0,0.9291258454322815,1
-tPCytz4rww/10,7,0.6673333333333333,0.7626666666666666,1.0,1,10,1,1,0.0,2,2,1.0,0.9291403293609619,1
-tPCytz4rww/10,8,0.7626666666666666,0.8579999999999999,1.0,1,9,1,1,0.0,3,3,1.0,0.9297453761100769,1
-tPCytz4rww/10,9,0.8579999999999999,0.9533333333333333,1.0,1,10,1,1,0.0,3,3,1.0,0.929419994354248,1
-tPCytz4rww/10,10,0.9533333333333333,1.0486666666666666,1.0,1,9,1,1,0.0,3,3,1.0,0.9289920926094055,1
-tPCytz4rww/10,11,1.0486666666666666,1.144,1.0,1,10,1,1,0.0,3,3,1.0,0.9286036491394043,1
-tPCytz4rww/10,12,1.144,1.2393333333333332,1.0,1,9,1,1,0.0,3,3,1.0,0.9209848046302795,1
-tPCytz4rww/10,13,1.2393333333333332,1.3346666666666667,1.0,1,10,1,1,0.0,3,3,1.0,0.9199222922325134,1
-tPCytz4rww/10,14,1.3346666666666667,1.43,1.0,1,9,1,1,0.0,2,2,1.0,0.918931245803833,1
-tPCytz4rww/10,15,1.43,1.5253333333333332,1.0,1,10,1,1,0.0,3,3,1.0,0.9179547429084778,1
-tPCytz4rww/10,16,1.5253333333333332,1.6206666666666665,1.0,1,9,1,1,0.0,3,3,1.0,0.9180507659912109,1
-tPCytz4rww/10,17,1.6206666666666665,1.7159999999999997,1.0,1,10,1,1,0.0,3,3,1.0,0.917835533618927,1
-tPCytz4rww/10,18,1.7159999999999997,1.8113333333333332,1.0,1,9,1,1,0.0,3,3,1.0,0.9194367527961731,1
-tPCytz4rww/10,19,1.8113333333333332,1.9066666666666665,1.0,1,10,1,1,0.0,3,3,1.0,0.9230060577392578,1
-tPCytz4rww/10,20,1.9066666666666665,2.002,1.0,1,9,1,1,0.0,3,3,1.0,0.9271020293235779,1
-tPCytz4rww/10,21,2.002,2.0973333333333333,1.0,1,10,1,1,0.0,2,2,1.0,0.9290543794631958,1
-tPCytz4rww/10,22,2.0973333333333333,2.1926666666666663,1.0,1,10,1,1,0.0,3,3,1.0,0.928307056427002,1
-tPCytz4rww/10,23,2.1926666666666663,2.288,1.0,1,9,1,1,0.0,3,3,1.0,0.9259907603263855,1
-tPCytz4rww/10,24,2.288,2.3833333333333333,1.0,1,10,1,1,0.0,3,3,1.0,0.9257359504699707,1
-tPCytz4rww/10,25,2.3833333333333333,2.4786666666666664,1.0,1,9,1,1,0.0,3,3,1.0,0.9235134124755859,1
-tPCytz4rww/10,26,2.4786666666666664,2.574,1.0,1,10,1,1,0.0,3,3,1.0,0.9231849312782288,1
-tPCytz4rww/10,27,2.574,2.6693333333333333,1.0,1,9,1,1,0.0,3,3,1.0,0.9248044490814209,1
-tPCytz4rww/10,28,2.6693333333333333,2.7646666666666664,1.0,1,10,1,1,0.0,2,2,1.0,0.9283559322357178,1
-tPCytz4rww/10,29,2.7646666666666664,2.86,1.0,1,9,1,1,0.0,3,3,1.0,0.9313821196556091,1
-tPCytz4rww/10,30,2.86,2.955333333333333,1.0,1,10,1,1,0.0,3,3,1.0,0.9345200657844543,1
-tPCytz4rww/10,31,2.955333333333333,3.0506666666666664,1.0,1,9,1,1,0.0,3,3,1.0,0.9319896101951599,1
-tPCytz4rww/10,32,3.0506666666666664,3.146,1.0,1,10,1,1,0.0,3,3,1.0,0.9289233684539795,1
-tPCytz4rww/10,33,3.146,3.241333333333333,1.0,1,9,1,1,0.0,3,3,1.0,0.9161539077758789,1
-tPCytz4rww/10,34,3.241333333333333,3.3366666666666664,1.0,1,10,1,1,0.0,3,3,1.0,0.9149985313415527,1
-tPCytz4rww/10,35,3.3366666666666664,3.4319999999999995,0.24475523829460144,1,9,1,1,0.0,2,2,1.0,0.923720121383667,1
-tPCytz4rww/10,36,3.4319999999999995,3.527333333333333,0.0,0,10,1,1,0.0,3,3,1.0,0.9228567481040955,1
-tPCytz4rww/10,37,3.527333333333333,3.6226666666666665,0.0,0,10,1,1,0.0,3,3,1.0,0.9243456721305847,1
-tPCytz4rww/10,38,3.6226666666666665,3.7179999999999995,0.7132866978645325,1,9,1,1,0.0,3,3,1.0,0.9271924495697021,1
-tPCytz4rww/10,39,3.7179999999999995,3.813333333333333,1.0,1,10,1,1,0.0,3,3,1.0,0.9245109558105469,1
-tPCytz4rww/10,40,3.813333333333333,3.9086666666666665,1.0,1,9,1,1,0.0,3,3,1.0,0.9280313849449158,1
-tPCytz4rww/10,41,3.9086666666666665,4.004,1.0,1,10,1,1,0.0,3,3,1.0,0.9266557097434998,1
-tPCytz4rww/10,42,4.004,4.099333333333333,1.0,1,9,1,1,0.0,2,2,1.0,0.9261233806610107,1
-tPCytz4rww/10,43,4.099333333333333,4.1946666666666665,0.42657342553138733,1,10,1,1,0.0,3,3,1.0,0.9259256720542908,1
-tPCytz4rww/10,44,4.1946666666666665,4.29,0.0,0,9,1,1,0.0,3,3,1.0,0.9263609051704407,1
-tPCytz4rww/10,45,4.29,4.385333333333333,0.0,0,10,1,1,0.0,3,3,1.0,0.927506685256958,1
-tPCytz4rww/10,46,4.385333333333333,4.480666666666666,0.0,0,9,1,1,0.0,3,3,1.0,0.9247403144836426,1
-tPCytz4rww/10,47,4.480666666666666,4.576,0.0,0,10,1,1,0.0,3,3,1.0,0.9277925491333008,1
-tPCytz4rww/10,48,4.576,4.671333333333333,0.0,0,9,1,1,0.0,3,3,1.0,0.9271767139434814,1
-tPCytz4rww/10,49,4.671333333333333,4.766666666666667,0.0,0,0,0,0,0.0,1,1,1.0,0.9249012470245361,1
-tPCytz4rww/12,0,0.0,0.2366666666666667,0.0,0,23,1,1,0.0,8,8,1.0,0.928135871887207,1
-tPCytz4rww/12,1,0.2366666666666667,0.4733333333333334,0.056338027119636536,1,24,1,1,0.0,7,7,1.0,0.9256848692893982,1
-tPCytz4rww/12,2,0.4733333333333334,0.7100000000000001,1.0,1,23,1,1,0.0,7,7,1.0,0.9284176826477051,1
-tPCytz4rww/12,3,0.7100000000000001,0.9466666666666668,1.0,1,24,1,1,0.0,7,7,1.0,0.9282367825508118,1
-tPCytz4rww/12,4,0.9466666666666668,1.1833333333333336,0.98591548204422,1,24,1,1,0.0,7,7,1.0,0.927487850189209,1
-tPCytz4rww/12,5,1.1833333333333336,1.4200000000000002,0.4225352108478546,1,23,1,1,0.0,7,7,1.0,0.9289640188217163,1
-tPCytz4rww/12,6,1.4200000000000002,1.6566666666666667,1.0,1,24,1,1,0.0,7,7,1.0,0.9312676191329956,1
-tPCytz4rww/12,7,1.6566666666666667,1.8933333333333335,1.0,1,24,1,1,0.0,7,7,1.0,0.9313734173774719,1
-tPCytz4rww/12,8,1.8933333333333335,2.1300000000000003,1.0,1,23,1,1,0.0,7,7,1.0,0.9292997121810913,1
-tPCytz4rww/12,9,2.1300000000000003,2.366666666666667,0.5492957830429077,1,24,1,1,0.0,8,8,1.0,0.9306334257125854,1
-tPCytz4rww/12,10,2.366666666666667,2.6033333333333335,0.056338027119636536,1,24,1,1,0.0,7,7,1.0,0.928385317325592,1
-tPCytz4rww/12,11,2.6033333333333335,2.8400000000000003,1.0,1,23,1,1,0.0,7,7,1.0,0.9256176948547363,1
-tPCytz4rww/12,12,2.8400000000000003,3.076666666666667,1.0,1,24,1,1,0.0,7,7,1.0,0.930912971496582,1
-tPCytz4rww/12,13,3.076666666666667,3.3133333333333335,1.0,1,24,1,1,0.0,7,7,1.0,0.9327360987663269,1
-tPCytz4rww/12,14,3.3133333333333335,3.5500000000000003,1.0,1,23,1,1,0.0,7,7,1.0,0.9269906282424927,1
-tPCytz4rww/12,15,3.5500000000000003,3.786666666666667,1.0,1,24,1,1,0.0,7,7,1.0,0.926593005657196,1
-tPCytz4rww/12,16,3.786666666666667,4.023333333333333,1.0,1,24,1,1,0.0,7,7,1.0,0.927082896232605,1
-tPCytz4rww/12,17,4.023333333333333,4.260000000000001,1.0,1,23,1,1,0.0,7,7,1.0,0.9263491034507751,1
-tPCytz4rww/12,18,4.260000000000001,4.496666666666667,0.0845070406794548,1,24,1,1,0.0,7,7,1.0,0.9252123236656189,1
-tPCytz4rww/12,19,4.496666666666667,4.733333333333334,0.0,0,24,1,1,0.0,8,8,1.0,0.9264267086982727,1
-tPCytz4rww/12,20,4.733333333333334,4.970000000000001,0.5070422291755676,1,23,1,1,0.0,7,7,1.0,0.9249392151832581,1
-tPCytz4rww/12,21,4.970000000000001,5.206666666666667,1.0,1,24,1,1,0.0,7,7,1.0,0.9286444783210754,1
-tPCytz4rww/12,22,5.206666666666667,5.443333333333334,1.0,1,24,1,1,0.0,7,7,1.0,0.9278884530067444,1
-tPCytz4rww/12,23,5.443333333333334,5.680000000000001,1.0,1,23,1,1,0.0,7,7,1.0,0.9234549403190613,1
-tPCytz4rww/12,24,5.680000000000001,5.916666666666667,1.0,1,24,1,1,0.0,7,7,1.0,0.9227545857429504,1
-tPCytz4rww/12,25,5.916666666666667,6.153333333333334,1.0,1,24,1,1,0.0,7,7,1.0,0.92990642786026,1
-tPCytz4rww/12,26,6.153333333333334,6.390000000000001,1.0,1,23,1,1,0.0,7,7,1.0,0.9355825185775757,1
-tPCytz4rww/12,27,6.390000000000001,6.626666666666667,1.0,1,24,1,1,0.0,7,7,1.0,0.9322499632835388,1
-tPCytz4rww/12,28,6.626666666666667,6.863333333333334,1.0,1,24,1,1,0.0,7,7,1.0,0.9339489340782166,1
-tPCytz4rww/12,29,6.863333333333334,7.1000000000000005,1.0,1,23,1,1,0.0,8,8,1.0,0.9327661991119385,1
-tPCytz4rww/12,30,7.1000000000000005,7.336666666666668,1.0,1,24,1,1,0.0,7,7,1.0,0.9335300326347351,1
-tPCytz4rww/12,31,7.336666666666668,7.573333333333334,0.14084507524967194,1,24,1,1,0.0,7,7,1.0,0.9336047768592834,1
-tPCytz4rww/12,32,7.573333333333334,7.8100000000000005,0.5070422291755676,1,23,1,1,0.0,7,7,1.0,0.9323902130126953,1
-tPCytz4rww/12,33,7.8100000000000005,8.046666666666667,1.0,1,24,1,1,0.0,7,7,1.0,0.9346179366111755,1
-tPCytz4rww/12,34,8.046666666666667,8.283333333333335,1.0,1,24,1,1,0.0,7,7,1.0,0.9320594072341919,1
-tPCytz4rww/12,35,8.283333333333335,8.520000000000001,1.0,1,23,1,1,0.0,7,7,1.0,0.9280577898025513,1
-tPCytz4rww/12,36,8.520000000000001,8.756666666666668,1.0,1,24,1,1,0.0,7,7,1.0,0.9302684664726257,1
-tPCytz4rww/12,37,8.756666666666668,8.993333333333334,1.0,1,24,1,1,0.0,7,7,1.0,0.9283207654953003,1
-tPCytz4rww/12,38,8.993333333333334,9.23,1.0,1,23,1,1,0.0,7,7,1.0,0.9299693703651428,1
-tPCytz4rww/12,39,9.23,9.466666666666669,0.7887324094772339,1,24,1,1,0.0,8,8,1.0,0.9307180643081665,1
-tPCytz4rww/12,40,9.466666666666669,9.703333333333335,1.0,1,24,1,1,0.0,7,7,1.0,0.9264956116676331,1
-tPCytz4rww/12,41,9.703333333333335,9.940000000000001,1.0,1,23,1,1,0.0,7,7,1.0,0.9228574633598328,1
-tPCytz4rww/12,42,9.940000000000001,10.176666666666668,1.0,1,24,1,1,0.0,7,7,1.0,0.9209415316581726,1
-tPCytz4rww/12,43,10.176666666666668,10.413333333333334,1.0,1,24,1,1,0.0,7,7,1.0,0.9259046912193298,1
-tPCytz4rww/12,44,10.413333333333334,10.65,1.0,1,23,1,1,0.0,7,7,1.0,0.9267228245735168,1
-tPCytz4rww/12,45,10.65,10.886666666666668,1.0,1,24,1,1,0.0,7,7,1.0,0.9210758209228516,1
-tPCytz4rww/12,46,10.886666666666668,11.123333333333335,1.0,1,24,1,1,0.0,7,7,1.0,0.9213927984237671,1
-tPCytz4rww/12,47,11.123333333333335,11.360000000000001,0.3239436745643616,1,23,1,1,0.0,7,7,1.0,0.9246599078178406,1
-tPCytz4rww/12,48,11.360000000000001,11.596666666666668,0.0,0,24,1,1,0.0,7,7,1.0,0.9247188568115234,1
-tPCytz4rww/12,49,11.596666666666668,11.833333333333334,0.0,0,13,1,1,0.0,5,5,1.0,0.919630229473114,1
-tPCytz4rww/16,0,0.0,0.14400000000000002,0.0,0,14,1,1,0.0,5,5,1.0,0.9336224794387817,1
-tPCytz4rww/16,1,0.14400000000000002,0.28800000000000003,0.0,0,14,1,1,0.0,4,4,1.0,0.9353982210159302,1
-tPCytz4rww/16,2,0.28800000000000003,0.43200000000000005,0.0,0,14,1,1,0.0,4,4,1.0,0.9359011650085449,1
-tPCytz4rww/16,3,0.43200000000000005,0.5760000000000001,0.5277777910232544,1,15,1,1,0.0,5,5,1.0,0.9336192011833191,1
-tPCytz4rww/16,4,0.5760000000000001,0.7200000000000001,1.0,1,14,1,1,0.0,4,4,1.0,0.9313519597053528,1
-tPCytz4rww/16,5,0.7200000000000001,0.8640000000000001,1.0,1,15,1,1,0.0,4,4,1.0,0.9269526600837708,1
-tPCytz4rww/16,6,0.8640000000000001,1.008,1.0,1,14,1,1,0.0,5,5,1.0,0.925550639629364,1
-tPCytz4rww/16,7,1.008,1.1520000000000001,1.0,1,14,1,1,0.0,4,4,1.0,0.9251667857170105,1
-tPCytz4rww/16,8,1.1520000000000001,1.2960000000000003,1.0,1,15,1,1,0.0,4,4,1.0,0.9280033111572266,1
-tPCytz4rww/16,9,1.2960000000000003,1.4400000000000002,1.0,1,14,1,1,0.0,5,5,1.0,0.9273509979248047,1
-tPCytz4rww/16,10,1.4400000000000002,1.584,1.0,1,15,1,1,0.0,4,4,1.0,0.9247760772705078,1
-tPCytz4rww/16,11,1.584,1.7280000000000002,1.0,1,14,1,1,0.0,4,4,1.0,0.92695152759552,1
-tPCytz4rww/16,12,1.7280000000000002,1.8720000000000003,1.0,1,14,1,1,0.0,5,5,1.0,0.9217602610588074,1
-tPCytz4rww/16,13,1.8720000000000003,2.016,1.0,1,15,1,1,0.0,4,4,1.0,0.9235750436782837,1
-tPCytz4rww/16,14,2.016,2.16,1.0,1,14,1,1,0.0,4,4,1.0,0.9190829396247864,1
-tPCytz4rww/16,15,2.16,2.3040000000000003,1.0,1,15,1,1,0.0,5,5,1.0,0.9263958930969238,1
-tPCytz4rww/16,16,2.3040000000000003,2.4480000000000004,1.0,1,14,1,1,0.0,4,4,1.0,0.9287430644035339,1
-tPCytz4rww/16,17,2.4480000000000004,2.5920000000000005,0.9166666865348816,1,14,1,1,0.0,4,4,1.0,0.9285911321640015,1
-tPCytz4rww/16,18,2.5920000000000005,2.736,0.0,0,15,1,1,0.0,5,5,1.0,0.9290825128555298,1
-tPCytz4rww/16,19,2.736,2.8800000000000003,0.0,0,14,1,1,0.0,4,4,1.0,0.9309806227684021,1
-tPCytz4rww/16,20,2.8800000000000003,3.0240000000000005,0.0,0,15,1,1,0.0,4,4,1.0,0.9316161274909973,1
-tPCytz4rww/16,21,3.0240000000000005,3.168,0.0,0,14,1,1,0.0,5,5,1.0,0.9336204528808594,1
-tPCytz4rww/16,22,3.168,3.3120000000000003,0.0,0,14,1,1,0.0,4,4,1.0,0.9277210235595703,1
-tPCytz4rww/16,23,3.3120000000000003,3.4560000000000004,0.0,0,15,1,1,0.0,4,4,1.0,0.9272022247314453,1
-tPCytz4rww/16,24,3.4560000000000004,3.6000000000000005,0.0,0,14,1,1,0.0,5,5,1.0,0.9268407821655273,1
-tPCytz4rww/16,25,3.6000000000000005,3.7440000000000007,0.0,0,15,1,1,0.0,4,4,1.0,0.9274827837944031,1
-tPCytz4rww/16,26,3.7440000000000007,3.8880000000000003,0.1944444477558136,1,14,1,1,0.0,4,4,1.0,0.9314091801643372,1
-tPCytz4rww/16,27,3.8880000000000003,4.032,1.0,1,14,1,1,0.0,4,4,1.0,0.933296263217926,1
-tPCytz4rww/16,28,4.032,4.176,1.0,1,15,1,1,0.0,5,5,1.0,0.9275172352790833,1
-tPCytz4rww/16,29,4.176,4.32,1.0,1,14,1,1,0.0,4,4,1.0,0.9285918474197388,1
-tPCytz4rww/16,30,4.32,4.464,1.0,1,15,1,1,0.0,4,4,1.0,0.9232756495475769,1
-tPCytz4rww/16,31,4.464,4.6080000000000005,1.0,1,14,1,1,0.0,5,5,1.0,0.9182108640670776,1
-tPCytz4rww/16,32,4.6080000000000005,4.752000000000001,1.0,1,14,1,1,0.0,4,4,1.0,0.9239101409912109,1
-tPCytz4rww/16,33,4.752000000000001,4.896000000000001,1.0,1,15,1,1,0.0,4,4,1.0,0.9221059083938599,1
-tPCytz4rww/16,34,4.896000000000001,5.040000000000001,1.0,1,14,1,1,0.0,5,5,1.0,0.9255427122116089,1
-tPCytz4rww/16,35,5.040000000000001,5.184000000000001,1.0,1,15,1,1,0.0,4,4,1.0,0.9217844009399414,1
-tPCytz4rww/16,36,5.184000000000001,5.328,1.0,1,14,1,1,0.0,4,4,1.0,0.9160360097885132,1
-tPCytz4rww/16,37,5.328,5.472,1.0,1,14,1,1,0.0,5,5,1.0,0.9243874549865723,1
-tPCytz4rww/16,38,5.472,5.6160000000000005,1.0,1,15,1,1,0.0,4,4,1.0,0.9275489449501038,1
-tPCytz4rww/16,39,5.6160000000000005,5.760000000000001,0.5138888955116272,1,14,1,1,0.0,4,4,1.0,0.9258492588996887,1
-tPCytz4rww/16,40,5.760000000000001,5.904000000000001,1.0,1,15,1,1,0.0,5,5,1.0,0.9173449277877808,1
-tPCytz4rww/16,41,5.904000000000001,6.048000000000001,1.0,1,14,1,1,0.0,4,4,1.0,0.9220359325408936,1
-tPCytz4rww/16,42,6.048000000000001,6.192000000000001,1.0,1,14,1,1,0.0,4,4,1.0,0.921697735786438,1
-tPCytz4rww/16,43,6.192000000000001,6.336,1.0,1,15,1,1,0.0,5,5,1.0,0.9194241762161255,1
-tPCytz4rww/16,44,6.336,6.48,1.0,1,14,1,1,0.0,4,4,1.0,0.9167383909225464,1
-tPCytz4rww/16,45,6.48,6.6240000000000006,0.6944444179534912,1,15,1,1,0.0,4,4,1.0,0.9185008406639099,1
-tPCytz4rww/16,46,6.6240000000000006,6.768000000000001,0.0,0,14,1,1,0.0,5,5,1.0,0.9161052703857422,1
-tPCytz4rww/16,47,6.768000000000001,6.912000000000001,0.0,0,14,1,1,0.0,4,4,1.0,0.9252485036849976,1
-tPCytz4rww/16,48,6.912000000000001,7.056000000000001,0.0,0,15,1,1,0.0,4,4,1.0,0.9303102493286133,1
-tPCytz4rww/16,49,7.056000000000001,7.2,0.0,0,7,1,1,0.0,4,4,1.0,0.9337410926818848,1
-tPCytz4rww/18,0,0.0,0.13266666666666665,0.0,0,13,1,1,0.0,4,4,1.0,0.9280622005462646,1
-tPCytz4rww/18,1,0.13266666666666665,0.2653333333333333,0.0,0,13,1,1,0.0,4,4,1.0,0.930857241153717,1
-tPCytz4rww/18,2,0.2653333333333333,0.39799999999999996,0.0,0,13,1,1,0.0,4,4,1.0,0.9292439818382263,1
-tPCytz4rww/18,3,0.39799999999999996,0.5306666666666666,0.1557788997888565,1,13,1,1,0.0,4,4,1.0,0.9314252734184265,1
-tPCytz4rww/18,4,0.5306666666666666,0.6633333333333333,1.0,1,14,1,1,0.0,4,4,1.0,0.9310834407806396,1
-tPCytz4rww/18,5,0.6633333333333333,0.7959999999999999,1.0,1,13,1,1,0.0,4,4,1.0,0.9321631193161011,1
-tPCytz4rww/18,6,0.7959999999999999,0.9286666666666665,1.0,1,13,1,1,0.0,4,4,1.0,0.9310113787651062,1
-tPCytz4rww/18,7,0.9286666666666665,1.0613333333333332,0.9145728349685669,1,13,1,1,0.0,4,4,1.0,0.9317319393157959,1
-tPCytz4rww/18,8,1.0613333333333332,1.194,0.0,0,14,1,1,0.0,4,4,1.0,0.9291617274284363,1
-tPCytz4rww/18,9,1.194,1.3266666666666667,0.0,0,13,1,1,0.0,4,4,1.0,0.9295936226844788,1
-tPCytz4rww/18,10,1.3266666666666667,1.4593333333333331,0.5979899764060974,1,13,1,1,0.0,4,4,1.0,0.9322436451911926,1
-tPCytz4rww/18,11,1.4593333333333331,1.5919999999999999,1.0,1,13,1,1,0.0,4,4,1.0,0.934786319732666,1
-tPCytz4rww/18,12,1.5919999999999999,1.7246666666666666,1.0,1,14,1,1,0.0,4,4,1.0,0.9353681206703186,1
-tPCytz4rww/18,13,1.7246666666666666,1.857333333333333,1.0,1,13,1,1,0.0,4,4,1.0,0.9330840706825256,1
-tPCytz4rww/18,14,1.857333333333333,1.9899999999999998,1.0,1,13,1,1,0.0,4,4,1.0,0.9341905117034912,1
-tPCytz4rww/18,15,1.9899999999999998,2.1226666666666665,1.0,1,14,1,1,0.0,4,4,1.0,0.9332082271575928,1
-tPCytz4rww/18,16,2.1226666666666665,2.255333333333333,1.0,1,13,1,1,0.0,4,4,1.0,0.9315212965011597,1
-tPCytz4rww/18,17,2.255333333333333,2.388,1.0,1,13,1,1,0.0,4,4,1.0,0.9284096956253052,1
-tPCytz4rww/18,18,2.388,2.5206666666666666,0.9949748516082764,1,13,1,1,0.0,4,4,1.0,0.9276384115219116,1
-tPCytz4rww/18,19,2.5206666666666666,2.6533333333333333,0.7788944840431213,1,14,1,1,0.0,4,4,1.0,0.9287534952163696,1
-tPCytz4rww/18,20,2.6533333333333333,2.7859999999999996,1.0,1,13,1,1,0.0,4,4,1.0,0.928740382194519,1
-tPCytz4rww/18,21,2.7859999999999996,2.9186666666666663,1.0,1,13,1,1,0.0,4,4,1.0,0.9290001392364502,1
-tPCytz4rww/18,22,2.9186666666666663,3.051333333333333,1.0,1,13,1,1,0.0,4,4,1.0,0.9263374209403992,1
-tPCytz4rww/18,23,3.051333333333333,3.1839999999999997,1.0,1,14,1,1,0.0,4,4,1.0,0.9202334880828857,1
-tPCytz4rww/18,24,3.1839999999999997,3.3166666666666664,1.0,1,13,1,1,0.0,4,4,1.0,0.9210948348045349,1
-tPCytz4rww/18,25,3.3166666666666664,3.449333333333333,1.0,1,13,1,1,0.0,4,4,1.0,0.9179277420043945,1
-tPCytz4rww/18,26,3.449333333333333,3.582,1.0,1,13,1,1,0.0,4,4,1.0,0.9159117937088013,1
-tPCytz4rww/18,27,3.582,3.714666666666666,1.0,1,14,1,1,0.0,4,4,1.0,0.9156262278556824,1
-tPCytz4rww/18,28,3.714666666666666,3.847333333333333,1.0,1,13,1,1,0.0,4,4,1.0,0.9210293292999268,1
-tPCytz4rww/18,29,3.847333333333333,3.9799999999999995,1.0,1,13,1,1,0.0,4,4,1.0,0.9295426607131958,1
-tPCytz4rww/18,30,3.9799999999999995,4.112666666666667,1.0,1,14,1,1,0.0,4,4,1.0,0.9300402998924255,1
-tPCytz4rww/18,31,4.112666666666667,4.245333333333333,1.0,1,13,1,1,0.0,4,4,1.0,0.9279159903526306,1
-tPCytz4rww/18,32,4.245333333333333,4.377999999999999,1.0,1,13,1,1,0.0,4,4,1.0,0.9280633926391602,1
-tPCytz4rww/18,33,4.377999999999999,4.510666666666666,1.0,1,13,1,1,0.0,4,4,1.0,0.9301007986068726,1
-tPCytz4rww/18,34,4.510666666666666,4.643333333333333,1.0,1,14,1,1,0.0,4,4,1.0,0.9269524812698364,1
-tPCytz4rww/18,35,4.643333333333333,4.776,1.0,1,13,1,1,0.0,4,4,1.0,0.9224268198013306,1
-tPCytz4rww/18,36,4.776,4.908666666666666,1.0,1,13,1,1,0.0,4,4,1.0,0.9244808554649353,1
-tPCytz4rww/18,37,4.908666666666666,5.041333333333333,1.0,1,13,1,1,0.0,4,4,1.0,0.9243321418762207,1
-tPCytz4rww/18,38,5.041333333333333,5.1739999999999995,1.0,1,14,1,1,0.0,4,4,1.0,0.9267261028289795,1
-tPCytz4rww/18,39,5.1739999999999995,5.306666666666667,1.0,1,13,1,1,0.0,4,4,1.0,0.9298217296600342,1
-tPCytz4rww/18,40,5.306666666666667,5.439333333333333,1.0,1,13,1,1,0.0,4,4,1.0,0.9302597641944885,1
-tPCytz4rww/18,41,5.439333333333333,5.571999999999999,1.0,1,13,1,1,0.0,4,4,1.0,0.9288716316223145,1
-tPCytz4rww/18,42,5.571999999999999,5.704666666666666,1.0,1,14,1,1,0.0,4,4,1.0,0.928460419178009,1
-tPCytz4rww/18,43,5.704666666666666,5.837333333333333,1.0,1,13,1,1,0.0,4,4,1.0,0.9265199899673462,1
-tPCytz4rww/18,44,5.837333333333333,5.97,1.0,1,13,1,1,0.0,4,4,1.0,0.9198803901672363,1
-tPCytz4rww/18,45,5.97,6.102666666666666,0.2261306494474411,1,14,1,1,0.0,4,4,1.0,0.9198095798492432,1
-tPCytz4rww/18,46,6.102666666666666,6.235333333333333,0.0,0,13,1,1,0.0,4,4,1.0,0.9221569299697876,1
-tPCytz4rww/18,47,6.235333333333333,6.367999999999999,0.0,0,13,1,1,0.0,4,4,1.0,0.9219772815704346,1
-tPCytz4rww/18,48,6.367999999999999,6.500666666666666,0.0,0,13,1,1,0.0,4,4,1.0,0.9206152558326721,1
-tPCytz4rww/18,49,6.500666666666666,6.633333333333333,0.0,0,6,1,1,0.0,3,3,1.0,0.9206711649894714,1
-vxjVxOeScU/4,0,0.0,0.182,1.0,1,17,1,1,0.05882352963089943,6,6,1.0,0.9219374656677246,1
-vxjVxOeScU/4,1,0.182,0.364,0.09890110045671463,1,19,1,1,0.0,5,5,1.0,0.924220085144043,1
-vxjVxOeScU/4,2,0.364,0.546,0.1428571492433548,1,18,1,1,0.0,6,6,1.0,0.9194574356079102,1
-vxjVxOeScU/4,3,0.546,0.728,1.0,1,18,1,1,0.0,5,5,1.0,0.9251734614372253,1
-vxjVxOeScU/4,4,0.728,0.9099999999999999,1.0,1,18,1,1,0.0,6,6,1.0,0.9312591552734375,1
-vxjVxOeScU/4,5,0.9099999999999999,1.092,1.0,1,18,1,1,0.0,5,5,1.0,0.9325529932975769,1
-vxjVxOeScU/4,6,1.092,1.274,1.0,1,19,1,1,0.0,6,6,1.0,0.9292185306549072,1
-vxjVxOeScU/4,7,1.274,1.456,1.0,1,18,1,1,0.0,5,5,1.0,0.9322460293769836,1
-vxjVxOeScU/4,8,1.456,1.638,1.0,1,18,1,1,0.0,6,6,1.0,0.9360871911048889,1
-vxjVxOeScU/4,9,1.638,1.8199999999999998,0.6153846383094788,1,18,1,1,0.0,5,5,1.0,0.9385930299758911,1
-vxjVxOeScU/4,10,1.8199999999999998,2.002,1.0,1,18,1,1,0.0555555559694767,6,6,1.0,0.9323933720588684,1
-vxjVxOeScU/4,11,2.002,2.184,1.0,1,19,1,1,0.0,5,5,1.0,0.9313610196113586,1
-vxjVxOeScU/4,12,2.184,2.366,1.0,1,18,1,1,0.0,5,5,1.0,0.932992160320282,1
-vxjVxOeScU/4,13,2.366,2.548,1.0,1,18,1,1,0.0,6,6,1.0,0.9335483908653259,1
-vxjVxOeScU/4,14,2.548,2.73,0.6153846383094788,1,18,1,1,0.0,5,5,1.0,0.9357884526252747,1
-vxjVxOeScU/4,15,2.73,2.912,0.23076923191547394,1,18,1,1,0.0,6,6,1.0,0.9300947785377502,1
-vxjVxOeScU/4,16,2.912,3.094,1.0,1,19,1,1,0.0,5,5,1.0,0.9278707504272461,1
-vxjVxOeScU/4,17,3.094,3.276,1.0,1,18,1,1,0.0,6,6,1.0,0.9316695332527161,1
-vxjVxOeScU/4,18,3.276,3.4579999999999997,1.0,1,18,1,1,0.0,5,5,1.0,0.931734561920166,1
-vxjVxOeScU/4,19,3.4579999999999997,3.6399999999999997,1.0,1,18,1,1,0.0,6,6,1.0,0.9339001774787903,1
-vxjVxOeScU/4,20,3.6399999999999997,3.822,1.0,1,18,1,1,0.0,5,5,1.0,0.9248214960098267,1
-vxjVxOeScU/4,21,3.822,4.004,0.7032967209815979,1,19,1,1,0.0,6,6,1.0,0.9300108551979065,1
-vxjVxOeScU/4,22,4.004,4.186,0.0,0,18,1,1,0.0,5,5,1.0,0.9323254823684692,1
-vxjVxOeScU/4,23,4.186,4.368,0.09890110045671463,1,18,1,1,0.0,6,6,1.0,0.9301174283027649,1
-vxjVxOeScU/4,24,4.368,4.55,1.0,1,18,1,1,0.0,5,5,1.0,0.9251692891120911,1
-vxjVxOeScU/4,25,4.55,4.732,1.0,1,18,1,1,0.0,5,5,1.0,0.9201641082763672,1
-vxjVxOeScU/4,26,4.732,4.914,1.0,1,19,1,1,0.0,6,6,1.0,0.9148411750793457,1
-vxjVxOeScU/4,27,4.914,5.096,1.0,1,18,1,1,0.1111111119389534,5,5,1.0,0.9211503863334656,1
-vxjVxOeScU/4,28,5.096,5.278,1.0,1,18,1,1,0.0,6,6,1.0,0.9255151152610779,1
-vxjVxOeScU/4,29,5.278,5.46,1.0,1,18,1,1,0.1111111119389534,5,5,1.0,0.9321573972702026,1
-vxjVxOeScU/4,30,5.46,5.6419999999999995,1.0,1,18,1,1,0.0,6,6,1.0,0.934389054775238,1
-vxjVxOeScU/4,31,5.6419999999999995,5.824,1.0,1,19,1,1,0.0,5,5,1.0,0.9297990798950195,1
-vxjVxOeScU/4,32,5.824,6.006,1.0,1,18,1,1,0.0,6,6,1.0,0.9275446534156799,1
-vxjVxOeScU/4,33,6.006,6.188,1.0,1,18,1,1,0.0555555559694767,5,5,1.0,0.9304183721542358,1
-vxjVxOeScU/4,34,6.188,6.37,1.0,1,18,1,1,0.0,6,6,1.0,0.9313867688179016,1
-vxjVxOeScU/4,35,6.37,6.552,1.0,1,18,1,1,0.0,5,5,1.0,0.9351822137832642,1
-vxjVxOeScU/4,36,6.552,6.734,1.0,1,19,1,1,0.0,6,6,1.0,0.9288538098335266,1
-vxjVxOeScU/4,37,6.734,6.9159999999999995,1.0,1,18,1,1,0.0,5,5,1.0,0.9279513359069824,1
-vxjVxOeScU/4,38,6.9159999999999995,7.098,1.0,1,18,1,1,0.0,5,5,1.0,0.9256801605224609,1
-vxjVxOeScU/4,39,7.098,7.279999999999999,1.0,1,18,1,1,0.0,6,6,1.0,0.9290611743927002,1
-vxjVxOeScU/4,40,7.279999999999999,7.462,1.0,1,18,1,1,0.0,5,5,1.0,0.9384068250656128,1
-vxjVxOeScU/4,41,7.462,7.644,1.0,1,19,1,1,0.0,6,6,1.0,0.936178982257843,1
-vxjVxOeScU/4,42,7.644,7.826,1.0,1,18,1,1,0.0,5,5,1.0,0.9284898042678833,1
-vxjVxOeScU/4,43,7.826,8.008,1.0,1,18,1,1,0.0,6,6,1.0,0.9287002682685852,1
-vxjVxOeScU/4,44,8.008,8.19,1.0,1,18,1,1,0.0,5,5,1.0,0.9247099757194519,1
-vxjVxOeScU/4,45,8.19,8.372,1.0,1,18,1,1,0.0,6,6,1.0,0.9251568913459778,1
-vxjVxOeScU/4,46,8.372,8.554,1.0,1,19,1,1,0.0,5,5,1.0,0.9226362109184265,1
-vxjVxOeScU/4,47,8.554,8.736,1.0,1,18,1,1,0.0,6,6,1.0,0.9300151467323303,1
-vxjVxOeScU/4,48,8.736,8.918,1.0,1,18,1,1,0.0,5,5,1.0,0.9309194684028625,1
-vxjVxOeScU/4,49,8.918,9.1,0.17582418024539948,1,11,1,1,0.0,4,4,1.0,0.9381002187728882,1
-wMB_hJL-3o/7,0,0.0,0.12066666666666666,0.0,0,11,1,1,0.0,4,4,1.0,0.9286276698112488,1
-wMB_hJL-3o/7,1,0.12066666666666666,0.24133333333333332,0.0,0,12,1,1,0.0,4,4,1.0,0.9303489327430725,1
-wMB_hJL-3o/7,2,0.24133333333333332,0.362,0.0,0,12,1,1,0.0,3,3,1.0,0.9296073317527771,1
-wMB_hJL-3o/7,3,0.362,0.48266666666666663,0.0,0,13,1,1,0.0,4,4,1.0,0.9314481019973755,1
-wMB_hJL-3o/7,4,0.48266666666666663,0.6033333333333333,0.939226508140564,1,12,1,1,0.0,4,4,1.0,0.9270738363265991,1
-wMB_hJL-3o/7,5,0.6033333333333333,0.724,1.0,1,12,1,1,0.0,3,3,1.0,0.9240703582763672,1
-wMB_hJL-3o/7,6,0.724,0.8446666666666666,1.0,1,12,1,1,0.0,4,4,1.0,0.9227010011672974,1
-wMB_hJL-3o/7,7,0.8446666666666666,0.9653333333333333,1.0,1,12,1,1,0.0,3,3,1.0,0.9174780249595642,1
-wMB_hJL-3o/7,8,0.9653333333333333,1.0859999999999999,1.0,1,12,1,1,0.0,4,4,1.0,0.9234989285469055,1
-wMB_hJL-3o/7,9,1.0859999999999999,1.2066666666666666,1.0,1,12,1,1,0.0,4,4,1.0,0.9245356321334839,1
-wMB_hJL-3o/7,10,1.2066666666666666,1.3273333333333333,1.0,1,12,1,1,0.0,3,3,1.0,0.9294641017913818,1
-wMB_hJL-3o/7,11,1.3273333333333333,1.448,1.0,1,12,1,1,0.0,4,4,1.0,0.9293386936187744,1
-wMB_hJL-3o/7,12,1.448,1.5686666666666667,1.0,1,12,1,1,0.0,4,4,1.0,0.9292770028114319,1
-wMB_hJL-3o/7,13,1.5686666666666667,1.6893333333333331,1.0,1,12,1,1,0.0,3,3,1.0,0.9277889132499695,1
-wMB_hJL-3o/7,14,1.6893333333333331,1.8099999999999998,1.0,1,12,1,1,0.0,4,4,1.0,0.9280136823654175,1
-wMB_hJL-3o/7,15,1.8099999999999998,1.9306666666666665,1.0,1,12,1,1,0.0,3,3,1.0,0.9274440407752991,1
-wMB_hJL-3o/7,16,1.9306666666666665,2.051333333333333,1.0,1,12,1,1,0.0,4,4,1.0,0.927825927734375,1
-wMB_hJL-3o/7,17,2.051333333333333,2.1719999999999997,1.0,1,12,1,1,0.0,4,4,1.0,0.9312567114830017,1
-wMB_hJL-3o/7,18,2.1719999999999997,2.2926666666666664,1.0,1,13,1,1,0.0,3,3,1.0,0.9332056641578674,1
-wMB_hJL-3o/7,19,2.2926666666666664,2.413333333333333,1.0,1,12,1,1,0.0,4,4,1.0,0.9293959140777588,1
-wMB_hJL-3o/7,20,2.413333333333333,2.534,1.0,1,12,1,1,0.0,4,4,1.0,0.9255456328392029,1
-wMB_hJL-3o/7,21,2.534,2.6546666666666665,1.0,1,12,1,1,0.0,3,3,1.0,0.9274654388427734,1
-wMB_hJL-3o/7,22,2.6546666666666665,2.775333333333333,1.0,1,12,1,1,0.0,4,4,1.0,0.9279099702835083,1
-wMB_hJL-3o/7,23,2.775333333333333,2.896,1.0,1,12,1,1,0.0,3,3,1.0,0.9268720149993896,1
-wMB_hJL-3o/7,24,2.896,3.0166666666666666,0.7790055274963379,1,12,1,1,0.0,4,4,1.0,0.925845205783844,1
-wMB_hJL-3o/7,25,3.0166666666666666,3.1373333333333333,0.0,0,12,1,1,0.0,4,4,1.0,0.9289043545722961,1
-wMB_hJL-3o/7,26,3.1373333333333333,3.2579999999999996,0.0,0,12,1,1,0.0,3,3,1.0,0.9299004077911377,1
-wMB_hJL-3o/7,27,3.2579999999999996,3.3786666666666663,0.9834254384040833,1,12,1,1,0.0,4,4,1.0,0.9307125806808472,1
-wMB_hJL-3o/7,28,3.3786666666666663,3.499333333333333,1.0,1,12,1,1,0.0,3,3,1.0,0.9348267912864685,1
-wMB_hJL-3o/7,29,3.499333333333333,3.6199999999999997,1.0,1,12,1,1,0.0,4,4,1.0,0.9334133863449097,1
-wMB_hJL-3o/7,30,3.6199999999999997,3.7406666666666664,1.0,1,12,1,1,0.0,4,4,1.0,0.9334907531738281,1
-wMB_hJL-3o/7,31,3.7406666666666664,3.861333333333333,1.0,1,12,1,1,0.0,3,3,1.0,0.933297336101532,1
-wMB_hJL-3o/7,32,3.861333333333333,3.9819999999999998,1.0,1,12,1,1,0.0,4,4,1.0,0.9339339137077332,1
-wMB_hJL-3o/7,33,3.9819999999999998,4.102666666666666,1.0,1,13,1,1,0.0,4,4,1.0,0.9346029162406921,1
-wMB_hJL-3o/7,34,4.102666666666666,4.223333333333333,1.0,1,12,1,1,0.0,3,3,1.0,0.9361188411712646,1
-wMB_hJL-3o/7,35,4.223333333333333,4.343999999999999,1.0,1,12,1,1,0.0,4,4,1.0,0.9340952634811401,1
-wMB_hJL-3o/7,36,4.343999999999999,4.464666666666666,1.0,1,12,1,1,0.0,3,3,1.0,0.9314220547676086,1
-wMB_hJL-3o/7,37,4.464666666666666,4.585333333333333,1.0,1,12,1,1,0.0,4,4,1.0,0.9337581396102905,1
-wMB_hJL-3o/7,38,4.585333333333333,4.7059999999999995,1.0,1,12,1,1,0.0,4,4,1.0,0.9352543354034424,1
-wMB_hJL-3o/7,39,4.7059999999999995,4.826666666666666,1.0,1,12,1,1,0.0,3,3,1.0,0.9352766871452332,1
-wMB_hJL-3o/7,40,4.826666666666666,4.947333333333333,1.0,1,12,1,1,0.0,4,4,1.0,0.9343533515930176,1
-wMB_hJL-3o/7,41,4.947333333333333,5.068,1.0,1,12,1,1,0.0,4,4,1.0,0.9355953335762024,1
-wMB_hJL-3o/7,42,5.068,5.188666666666666,1.0,1,12,1,1,0.0,3,3,1.0,0.932551383972168,1
-wMB_hJL-3o/7,43,5.188666666666666,5.309333333333333,1.0,1,12,1,1,0.0,4,4,1.0,0.9288758039474487,1
-wMB_hJL-3o/7,44,5.309333333333333,5.43,1.0,1,12,1,1,0.0,3,3,1.0,0.9270712733268738,1
-wMB_hJL-3o/7,45,5.43,5.550666666666666,0.0,0,12,1,1,0.0,4,4,1.0,0.9138524532318115,1
-wMB_hJL-3o/7,46,5.550666666666666,5.671333333333333,0.0,0,12,1,1,0.0,4,1,0.25,0.8828505873680115,1
-wMB_hJL-3o/7,47,5.671333333333333,5.792,0.0,0,12,1,0,0.0,3,0,0.0,0.0,0
-wMB_hJL-3o/7,48,5.792,5.9126666666666665,0.0,0,13,1,1,0.0,4,4,1.0,0.917389452457428,1
-wMB_hJL-3o/7,49,5.9126666666666665,6.033333333333333,0.0,0,5,1,1,0.0,3,3,1.0,0.927971601486206,1
-wny0OAz3g8/1,0,0.0,0.13666666666666666,0.0,0,13,1,1,0.0,5,5,1.0,0.9299500584602356,1
-wny0OAz3g8/1,1,0.13666666666666666,0.2733333333333333,0.0,0,14,1,1,0.0,4,4,1.0,0.9210882186889648,1
-wny0OAz3g8/1,2,0.2733333333333333,0.41,0.0,0,13,1,1,0.0,4,4,1.0,0.9252858757972717,1
-wny0OAz3g8/1,3,0.41,0.5466666666666666,0.19512194395065308,1,14,1,1,0.0,4,2,0.5,0.925390899181366,1
-wny0OAz3g8/1,4,0.5466666666666666,0.6833333333333333,1.0,1,14,1,1,0.6428571343421936,4,0,0.0,0.0,0
-wny0OAz3g8/1,5,0.6833333333333333,0.82,1.0,1,13,1,1,0.3076923191547394,4,0,0.0,0.0,0
-wny0OAz3g8/1,6,0.82,0.9566666666666666,1.0,1,14,1,1,0.6428571343421936,4,0,0.0,0.0,0
-wny0OAz3g8/1,7,0.9566666666666666,1.0933333333333333,1.0,1,14,1,1,0.2142857164144516,4,0,0.0,0.0,0
-wny0OAz3g8/1,8,1.0933333333333333,1.23,1.0,1,13,1,1,0.23076923191547394,4,0,0.0,0.0,0
-wny0OAz3g8/1,9,1.23,1.3666666666666667,1.0,1,14,1,1,0.5,4,0,0.0,0.0,0
-wny0OAz3g8/1,10,1.3666666666666667,1.5033333333333332,1.0,1,14,1,1,0.0714285746216774,5,0,0.0,0.0,0
-wny0OAz3g8/1,11,1.5033333333333332,1.64,1.0,1,13,1,1,0.23076923191547394,4,0,0.0,0.0,0
-wny0OAz3g8/1,12,1.64,1.7766666666666666,1.0,1,14,1,1,0.6428571343421936,4,0,0.0,0.0,0
-wny0OAz3g8/1,13,1.7766666666666666,1.913333333333333,1.0,1,14,1,1,0.0714285746216774,4,0,0.0,0.0,0
-wny0OAz3g8/1,14,1.913333333333333,2.05,1.0,1,13,1,1,0.07692307978868484,4,0,0.0,0.0,0
-wny0OAz3g8/1,15,2.05,2.1866666666666665,0.707317054271698,1,14,1,1,0.0,4,0,0.0,0.0,0
-wny0OAz3g8/1,16,2.1866666666666665,2.3233333333333333,1.0,1,14,1,1,0.5,4,0,0.0,0.0,0
-wny0OAz3g8/1,17,2.3233333333333333,2.46,1.0,1,13,1,1,0.0,4,0,0.0,0.0,0
-wny0OAz3g8/1,18,2.46,2.5966666666666667,1.0,1,14,1,1,0.0,4,0,0.0,0.0,0
-wny0OAz3g8/1,19,2.5966666666666667,2.7333333333333334,1.0,1,14,1,1,0.5714285969734192,4,0,0.0,0.0,0
-wny0OAz3g8/1,20,2.7333333333333334,2.8699999999999997,1.0,1,13,1,1,0.23076923191547394,5,0,0.0,0.0,0
-wny0OAz3g8/1,21,2.8699999999999997,3.0066666666666664,1.0,1,14,1,1,0.0,4,1,0.25,0.9216508865356445,1
-wny0OAz3g8/1,22,3.0066666666666664,3.143333333333333,1.0,1,14,1,1,0.3571428656578064,4,0,0.0,0.0,0
-wny0OAz3g8/1,23,3.143333333333333,3.28,1.0,1,13,1,1,0.4615384638309479,4,0,0.0,0.0,0
-wny0OAz3g8/1,24,3.28,3.4166666666666665,1.0,1,14,1,1,0.0,4,0,0.0,0.0,0
-wny0OAz3g8/1,25,3.4166666666666665,3.5533333333333332,1.0,1,14,1,1,0.3571428656578064,4,0,0.0,0.0,0
-wny0OAz3g8/1,26,3.5533333333333332,3.69,1.0,1,13,1,1,0.1538461595773697,4,0,0.0,0.0,0
-wny0OAz3g8/1,27,3.69,3.826666666666666,1.0,1,14,1,1,0.0714285746216774,4,0,0.0,0.0,0
-wny0OAz3g8/1,28,3.826666666666666,3.963333333333333,1.0,1,14,1,1,0.0714285746216774,4,0,0.0,0.0,0
-wny0OAz3g8/1,29,3.963333333333333,4.1,1.0,1,13,1,1,0.1538461595773697,4,1,0.25,0.9358614087104797,1
-wny0OAz3g8/1,30,4.1,4.236666666666666,1.0,1,14,1,1,0.0,5,0,0.0,0.0,0
-wny0OAz3g8/1,31,4.236666666666666,4.373333333333333,1.0,1,14,1,1,0.5714285969734192,4,0,0.0,0.0,0
-wny0OAz3g8/1,32,4.373333333333333,4.51,1.0,1,13,1,1,0.0,4,3,0.75,0.9286978244781494,1
-wny0OAz3g8/1,33,4.51,4.6466666666666665,0.7804877758026123,1,14,1,1,0.0,4,2,0.5,0.9250167608261108,1
-wny0OAz3g8/1,34,4.6466666666666665,4.783333333333333,1.0,1,14,1,1,0.3571428656578064,4,1,0.25,0.9279853701591492,1
-wny0OAz3g8/1,35,4.783333333333333,4.92,1.0,1,13,1,1,0.0,4,1,0.25,0.929129421710968,1
-wny0OAz3g8/1,36,4.92,5.056666666666667,1.0,1,14,1,1,0.5,4,1,0.25,0.920059084892273,1
-wny0OAz3g8/1,37,5.056666666666667,5.193333333333333,1.0,1,14,1,1,0.4285714328289032,4,2,0.5,0.9301992654800415,1
-wny0OAz3g8/1,38,5.193333333333333,5.33,1.0,1,13,1,1,0.07692307978868484,4,1,0.25,0.9226825833320618,1
-wny0OAz3g8/1,39,5.33,5.466666666666667,1.0,1,14,1,1,0.1428571492433548,4,1,0.25,0.9213027358055115,1
-wny0OAz3g8/1,40,5.466666666666667,5.603333333333333,1.0,1,14,1,1,0.0,5,0,0.0,0.0,0
-wny0OAz3g8/1,41,5.603333333333333,5.739999999999999,1.0,1,13,1,1,0.07692307978868484,4,0,0.0,0.0,0
-wny0OAz3g8/1,42,5.739999999999999,5.876666666666666,1.0,1,14,1,1,0.0,4,0,0.0,0.0,0
-wny0OAz3g8/1,43,5.876666666666666,6.013333333333333,1.0,1,14,1,1,0.0,4,0,0.0,0.0,0
-wny0OAz3g8/1,44,6.013333333333333,6.1499999999999995,1.0,1,13,1,1,0.0,4,0,0.0,0.0,0
-wny0OAz3g8/1,45,6.1499999999999995,6.286666666666666,1.0,1,14,1,1,0.0,4,1,0.25,0.9250608682632446,1
-wny0OAz3g8/1,46,6.286666666666666,6.423333333333333,0.17073170840740204,1,14,1,1,0.5,4,4,1.0,0.9245991110801697,1
-wny0OAz3g8/1,47,6.423333333333333,6.56,0.0,0,13,1,1,0.3076923191547394,4,4,1.0,0.9241738319396973,1
-wny0OAz3g8/1,48,6.56,6.696666666666666,0.0,0,14,1,1,0.5714285969734192,4,4,1.0,0.926730751991272,1
-wny0OAz3g8/1,49,6.696666666666666,6.833333333333333,0.0,0,7,1,1,0.7142857313156128,4,4,1.0,0.9273910522460938,1
-wny0OAz3g8/0,0,0.0,0.06666666666666667,0.0,0,6,1,1,0.0,2,2,1.0,0.9324015974998474,1
-wny0OAz3g8/0,1,0.06666666666666667,0.13333333333333333,0.0,0,7,1,1,0.0,2,2,1.0,0.9326238632202148,1
-wny0OAz3g8/0,2,0.13333333333333333,0.2,0.0,0,6,1,1,0.0,2,2,1.0,0.9295507073402405,1
-wny0OAz3g8/0,3,0.2,0.26666666666666666,0.0,0,7,1,1,0.0,2,2,1.0,0.930986762046814,1
-wny0OAz3g8/0,4,0.26666666666666666,0.3333333333333333,0.6499999761581421,1,7,1,1,0.0,2,2,1.0,0.9268529415130615,1
-wny0OAz3g8/0,5,0.3333333333333333,0.4,1.0,1,6,1,1,0.0,2,2,1.0,0.9275867938995361,1
-wny0OAz3g8/0,6,0.4,0.4666666666666667,1.0,1,7,1,1,0.8571428656578064,2,2,1.0,0.9253765344619751,1
-wny0OAz3g8/0,7,0.4666666666666667,0.5333333333333333,1.0,1,7,1,1,0.2857142984867096,2,2,1.0,0.927092432975769,1
-wny0OAz3g8/0,8,0.5333333333333333,0.6,1.0,1,6,1,1,0.6666666865348816,2,2,1.0,0.9272556304931641,1
-wny0OAz3g8/0,9,0.6,0.6666666666666666,1.0,1,7,1,1,0.1428571492433548,2,2,1.0,0.9263157844543457,1
-wny0OAz3g8/0,10,0.6666666666666666,0.7333333333333333,1.0,1,7,1,1,0.4285714328289032,2,2,1.0,0.9259322881698608,1
-wny0OAz3g8/0,11,0.7333333333333333,0.8,1.0,1,6,1,1,0.5,2,2,1.0,0.9292101860046387,1
-wny0OAz3g8/0,12,0.8,0.8666666666666667,1.0,1,7,1,1,1.0,2,2,1.0,0.9302889704704285,1
-wny0OAz3g8/0,13,0.8666666666666667,0.9333333333333333,1.0,1,7,1,1,0.8571428656578064,2,2,1.0,0.9321004152297974,1
-wny0OAz3g8/0,14,0.9333333333333333,1.0,1.0,1,6,1,1,0.6666666865348816,2,2,1.0,0.9303830862045288,1
-wny0OAz3g8/0,15,1.0,1.0666666666666667,1.0,1,7,1,1,0.2857142984867096,2,2,1.0,0.9307316541671753,1
-wny0OAz3g8/0,16,1.0666666666666667,1.1333333333333333,1.0,1,7,1,1,0.0,2,2,1.0,0.929802417755127,1
-wny0OAz3g8/0,17,1.1333333333333333,1.2,1.0,1,6,1,1,0.0,2,2,1.0,0.933202862739563,1
-wny0OAz3g8/0,18,1.2,1.2666666666666666,1.0,1,7,1,1,0.4285714328289032,2,2,1.0,0.9311895370483398,1
-wny0OAz3g8/0,19,1.2666666666666666,1.3333333333333333,1.0,1,7,1,1,0.7142857313156128,2,2,1.0,0.9281742572784424,1
-wny0OAz3g8/0,20,1.3333333333333333,1.4,1.0,1,6,1,1,0.0,2,2,1.0,0.9287614226341248,1
-wny0OAz3g8/0,21,1.4,1.4666666666666666,1.0,1,7,1,1,0.2857142984867096,2,2,1.0,0.927733302116394,1
-wny0OAz3g8/0,22,1.4666666666666666,1.5333333333333332,1.0,1,7,1,1,0.4285714328289032,2,2,1.0,0.924655556678772,1
-wny0OAz3g8/0,23,1.5333333333333332,1.6,1.0,1,6,1,1,0.3333333432674408,2,2,1.0,0.9223537445068359,1
-wny0OAz3g8/0,24,1.6,1.6666666666666667,1.0,1,7,1,1,0.0,2,2,1.0,0.9233551025390625,1
-wny0OAz3g8/0,25,1.6666666666666667,1.7333333333333334,1.0,1,7,1,1,0.0,2,2,1.0,0.9228134155273438,1
-wny0OAz3g8/0,26,1.7333333333333334,1.8,1.0,1,6,1,1,0.0,2,2,1.0,0.9196671843528748,1
-wny0OAz3g8/0,27,1.8,1.8666666666666667,1.0,1,7,1,1,0.0,2,2,1.0,0.9166291356086731,1
-wny0OAz3g8/0,28,1.8666666666666667,1.9333333333333333,1.0,1,7,1,1,0.0,2,2,1.0,0.9216171503067017,1
-wny0OAz3g8/0,29,1.9333333333333333,2.0,1.0,1,6,1,1,0.0,2,2,1.0,0.9231554865837097,1
-wny0OAz3g8/0,30,2.0,2.0666666666666664,1.0,1,7,1,1,0.1428571492433548,2,2,1.0,0.9233288764953613,1
-wny0OAz3g8/0,31,2.0666666666666664,2.1333333333333333,1.0,1,7,1,1,0.2857142984867096,2,2,1.0,0.9285120368003845,1
-wny0OAz3g8/0,32,2.1333333333333333,2.2,1.0,1,6,1,1,0.0,2,2,1.0,0.9301983714103699,1
-wny0OAz3g8/0,33,2.2,2.2666666666666666,1.0,1,7,1,1,0.0,2,2,1.0,0.9308784008026123,1
-wny0OAz3g8/0,34,2.2666666666666666,2.3333333333333335,1.0,1,7,1,1,0.0,2,2,1.0,0.9301246404647827,1
-wny0OAz3g8/0,35,2.3333333333333335,2.4,1.0,1,6,1,1,0.0,2,2,1.0,0.9298741817474365,1
-wny0OAz3g8/0,36,2.4,2.466666666666667,1.0,1,7,1,1,0.0,2,2,1.0,0.9267102479934692,1
-wny0OAz3g8/0,37,2.466666666666667,2.533333333333333,1.0,1,7,1,1,0.0,2,2,1.0,0.9203680157661438,1
-wny0OAz3g8/0,38,2.533333333333333,2.6,1.0,1,6,1,1,0.1666666716337204,2,2,1.0,0.9220544099807739,1
-wny0OAz3g8/0,39,2.6,2.6666666666666665,1.0,1,7,1,1,0.0,2,2,1.0,0.9257373809814453,1
-wny0OAz3g8/0,40,2.6666666666666665,2.7333333333333334,1.0,1,7,1,1,0.0,2,2,1.0,0.9253767728805542,1
-wny0OAz3g8/0,41,2.7333333333333334,2.8,1.0,1,6,1,1,0.0,2,1,0.5,0.9255371689796448,1
-wny0OAz3g8/0,42,2.8,2.8666666666666667,1.0,1,7,1,1,0.5714285969734192,2,0,0.0,0.0,0
-wny0OAz3g8/0,43,2.8666666666666667,2.933333333333333,1.0,1,7,1,1,0.5714285969734192,2,0,0.0,0.0,0
-wny0OAz3g8/0,44,2.933333333333333,3.0,0.8500000238418579,1,6,1,1,0.6666666865348816,2,0,0.0,0.0,0
-wny0OAz3g8/0,45,3.0,3.0666666666666664,0.0,0,7,1,1,0.1428571492433548,2,0,0.0,0.0,0
-wny0OAz3g8/0,46,3.0666666666666664,3.1333333333333333,0.0,0,7,1,1,0.4285714328289032,2,0,0.0,0.0,0
-wny0OAz3g8/0,47,3.1333333333333333,3.2,0.0,0,6,1,1,0.8333333134651184,2,0,0.0,0.0,0
-wny0OAz3g8/0,48,3.2,3.2666666666666666,0.0,0,6,1,1,0.1666666716337204,2,0,0.0,0.0,0
-wny0OAz3g8/0,49,3.2666666666666666,3.333333333333333,0.0,0,0,0,0,0.0,2,0,0.0,0.0,0
-wny0OAz3g8/3,0,0.0,0.12266666666666666,0.0,0,12,1,1,0.0833333358168602,4,4,1.0,0.9238105416297913,1
-wny0OAz3g8/3,1,0.12266666666666666,0.24533333333333332,0.0,0,12,1,1,0.0,4,4,1.0,0.9243627786636353,1
-wny0OAz3g8/3,2,0.24533333333333332,0.368,0.0,0,12,1,1,0.3333333432674408,4,4,1.0,0.9248447418212891,1
-wny0OAz3g8/3,3,0.368,0.49066666666666664,0.0,0,12,1,1,0.0,3,2,0.6666666865348816,0.9238615036010742,1
-wny0OAz3g8/3,4,0.49066666666666664,0.6133333333333333,0.842391312122345,1,13,1,1,0.3076923191547394,4,0,0.0,0.0,0
-wny0OAz3g8/3,5,0.6133333333333333,0.736,1.0,1,12,1,1,0.0,4,0,0.0,0.0,0
-wny0OAz3g8/3,6,0.736,0.8586666666666666,1.0,1,12,1,1,0.0,3,0,0.0,0.0,0
-wny0OAz3g8/3,7,0.8586666666666666,0.9813333333333333,1.0,1,12,1,1,0.0,4,0,0.0,0.0,0
-wny0OAz3g8/3,8,0.9813333333333333,1.1039999999999999,1.0,1,13,1,1,0.0,4,0,0.0,0.0,0
-wny0OAz3g8/3,9,1.1039999999999999,1.2266666666666666,1.0,1,12,1,1,0.0,3,0,0.0,0.0,0
-wny0OAz3g8/3,10,1.2266666666666666,1.3493333333333333,1.0,1,12,1,1,0.0833333358168602,4,0,0.0,0.0,0
-wny0OAz3g8/3,11,1.3493333333333333,1.472,1.0,1,12,1,1,0.0,4,0,0.0,0.0,0
-wny0OAz3g8/3,12,1.472,1.5946666666666667,1.0,1,13,1,1,0.23076923191547394,3,0,0.0,0.0,0
-wny0OAz3g8/3,13,1.5946666666666667,1.7173333333333332,1.0,1,12,1,1,0.25,4,0,0.0,0.0,0
-wny0OAz3g8/3,14,1.7173333333333332,1.8399999999999999,1.0,1,12,1,1,0.1666666716337204,4,0,0.0,0.0,0
-wny0OAz3g8/3,15,1.8399999999999999,1.9626666666666666,1.0,1,13,1,1,0.692307710647583,3,0,0.0,0.0,0
-wny0OAz3g8/3,16,1.9626666666666666,2.0853333333333333,1.0,1,12,1,1,0.0833333358168602,4,0,0.0,0.0,0
-wny0OAz3g8/3,17,2.0853333333333333,2.2079999999999997,1.0,1,12,1,1,0.4166666567325592,4,0,0.0,0.0,0
-wny0OAz3g8/3,18,2.2079999999999997,2.3306666666666667,1.0,1,12,1,1,0.0,3,0,0.0,0.0,0
-wny0OAz3g8/3,19,2.3306666666666667,2.453333333333333,1.0,1,13,1,1,0.07692307978868484,4,0,0.0,0.0,0
-wny0OAz3g8/3,20,2.453333333333333,2.576,1.0,1,12,1,1,0.0,4,1,0.25,0.9273348450660706,1
-wny0OAz3g8/3,21,2.576,2.6986666666666665,1.0,1,12,1,1,0.0833333358168602,3,0,0.0,0.0,0
-wny0OAz3g8/3,22,2.6986666666666665,2.821333333333333,1.0,1,12,1,1,0.0,4,0,0.0,0.0,0
-wny0OAz3g8/3,23,2.821333333333333,2.944,1.0,1,13,1,1,0.1538461595773697,4,0,0.0,0.0,0
-wny0OAz3g8/3,24,2.944,3.0666666666666664,1.0,1,12,1,1,0.25,3,0,0.0,0.0,0
-wny0OAz3g8/3,25,3.0666666666666664,3.1893333333333334,1.0,1,12,1,1,0.25,4,0,0.0,0.0,0
-wny0OAz3g8/3,26,3.1893333333333334,3.312,1.0,1,12,1,1,0.0,4,0,0.0,0.0,0
-wny0OAz3g8/3,27,3.312,3.4346666666666663,1.0,1,13,1,1,0.07692307978868484,4,0,0.0,0.0,0
-wny0OAz3g8/3,28,3.4346666666666663,3.5573333333333332,1.0,1,12,1,1,0.5833333134651184,3,0,0.0,0.0,0
-wny0OAz3g8/3,29,3.5573333333333332,3.6799999999999997,1.0,1,12,1,1,0.0,4,0,0.0,0.0,0
-wny0OAz3g8/3,30,3.6799999999999997,3.8026666666666666,0.7554348111152649,1,13,1,1,0.23076923191547394,4,0,0.0,0.0,0
-wny0OAz3g8/3,31,3.8026666666666666,3.925333333333333,1.0,1,12,1,1,0.0833333358168602,3,0,0.0,0.0,0
-wny0OAz3g8/3,32,3.925333333333333,4.048,1.0,1,12,1,1,0.0833333358168602,4,0,0.0,0.0,0
-wny0OAz3g8/3,33,4.048,4.1706666666666665,1.0,1,12,1,1,0.0833333358168602,4,0,0.0,0.0,0
-wny0OAz3g8/3,34,4.1706666666666665,4.293333333333333,1.0,1,13,1,1,0.0,3,0,0.0,0.0,0
-wny0OAz3g8/3,35,4.293333333333333,4.4159999999999995,1.0,1,12,1,1,0.5,4,0,0.0,0.0,0
-wny0OAz3g8/3,36,4.4159999999999995,4.538666666666667,1.0,1,12,1,1,0.0833333358168602,4,0,0.0,0.0,0
-wny0OAz3g8/3,37,4.538666666666667,4.661333333333333,1.0,1,12,1,1,0.1666666716337204,3,0,0.0,0.0,0
-wny0OAz3g8/3,38,4.661333333333333,4.784,1.0,1,13,1,1,0.0,4,0,0.0,0.0,0
-wny0OAz3g8/3,39,4.784,4.906666666666666,1.0,1,12,1,1,0.8333333134651184,4,0,0.0,0.0,0
-wny0OAz3g8/3,40,4.906666666666666,5.029333333333333,1.0,1,12,1,1,0.3333333432674408,3,0,0.0,0.0,0
-wny0OAz3g8/3,41,5.029333333333333,5.152,1.0,1,12,1,1,0.0,4,0,0.0,0.0,0
-wny0OAz3g8/3,42,5.152,5.274666666666667,1.0,1,13,1,1,0.23076923191547394,4,1,0.25,0.9337868094444275,1
-wny0OAz3g8/3,43,5.274666666666667,5.397333333333333,1.0,1,12,1,1,0.4166666567325592,3,0,0.0,0.0,0
-wny0OAz3g8/3,44,5.397333333333333,5.52,1.0,1,12,1,1,0.0,4,0,0.0,0.0,0
-wny0OAz3g8/3,45,5.52,5.642666666666666,1.0,1,13,1,1,0.1538461595773697,4,4,1.0,0.9240330457687378,1
-wny0OAz3g8/3,46,5.642666666666666,5.765333333333333,1.0,1,12,1,1,0.1666666716337204,3,3,1.0,0.9260427355766296,1
-wny0OAz3g8/3,47,5.765333333333333,5.888,1.0,1,12,1,1,0.4166666567325592,4,4,1.0,0.9303560853004456,1
-wny0OAz3g8/3,48,5.888,6.010666666666666,0.260869562625885,1,12,1,1,0.25,4,4,1.0,0.9237022995948792,1
-wny0OAz3g8/3,49,6.010666666666666,6.133333333333333,0.0,0,8,1,1,0.25,3,3,1.0,0.9193601012229919,1
-wny0OAz3g8/2,0,0.0,0.13333333333333333,0.0,0,13,1,1,0.0,4,0,0.0,0.0,0
-wny0OAz3g8/2,1,0.13333333333333333,0.26666666666666666,0.0,0,13,1,1,0.0,4,0,0.0,0.0,0
-wny0OAz3g8/2,2,0.26666666666666666,0.4,0.0,0,13,1,1,0.0,4,0,0.0,0.0,0
-wny0OAz3g8/2,3,0.4,0.5333333333333333,0.10000000149011612,1,14,1,1,0.0,4,1,0.25,0.9250608682632446,1
-wny0OAz3g8/2,4,0.5333333333333333,0.6666666666666666,1.0,1,13,1,1,0.5384615659713745,4,4,1.0,0.9245991110801697,1
-wny0OAz3g8/2,5,0.6666666666666666,0.8,1.0,1,13,1,1,0.23076923191547394,4,4,1.0,0.9241738319396973,1
-wny0OAz3g8/2,6,0.8,0.9333333333333333,1.0,1,14,1,1,0.5,4,4,1.0,0.926730751991272,1
-wny0OAz3g8/2,7,0.9333333333333333,1.0666666666666667,1.0,1,13,1,1,0.692307710647583,4,4,1.0,0.9273910522460938,1
-wny0OAz3g8/2,8,1.0666666666666667,1.2,1.0,1,13,1,1,0.3076923191547394,4,4,1.0,0.926285982131958,1
-wny0OAz3g8/2,9,1.2,1.3333333333333333,1.0,1,14,1,1,0.7142857313156128,4,4,1.0,0.9288955926895142,1
-wny0OAz3g8/2,10,1.3333333333333333,1.4666666666666666,1.0,1,13,1,1,0.1538461595773697,4,4,1.0,0.9281466603279114,1
-wny0OAz3g8/2,11,1.4666666666666666,1.6,1.0,1,13,1,1,0.07692307978868484,4,4,1.0,0.9263331294059753,1
-wny0OAz3g8/2,12,1.6,1.7333333333333334,1.0,1,14,1,1,0.0714285746216774,4,4,1.0,0.9210441708564758,1
-wny0OAz3g8/2,13,1.7333333333333334,1.8666666666666667,1.0,1,13,1,1,0.3076923191547394,4,4,1.0,0.9197791814804077,1
-wny0OAz3g8/2,14,1.8666666666666667,2.0,1.0,1,13,1,1,0.0,4,4,1.0,0.9300227165222168,1
-wny0OAz3g8/2,15,2.0,2.1333333333333333,0.75,1,14,1,1,0.0,4,4,1.0,0.9279374480247498,1
-wny0OAz3g8/2,16,2.1333333333333333,2.2666666666666666,0.6499999761581421,1,13,1,1,0.0,4,4,1.0,0.92699134349823,1
-wny0OAz3g8/2,17,2.2666666666666666,2.4,1.0,1,13,1,1,0.1538461595773697,4,4,1.0,0.9301770925521851,1
-wny0OAz3g8/2,18,2.4,2.533333333333333,1.0,1,14,1,1,0.3571428656578064,4,4,1.0,0.925453245639801,1
-wny0OAz3g8/2,19,2.533333333333333,2.6666666666666665,1.0,1,13,1,1,0.8461538553237915,4,4,1.0,0.9269081354141235,1
-wny0OAz3g8/2,20,2.6666666666666665,2.8,1.0,1,13,1,1,0.3076923191547394,4,4,1.0,0.9261903762817383,1
-wny0OAz3g8/2,21,2.8,2.933333333333333,1.0,1,14,1,1,0.0,4,4,1.0,0.9256963729858398,1
-wny0OAz3g8/2,22,2.933333333333333,3.0666666666666664,1.0,1,13,1,1,0.3076923191547394,4,4,1.0,0.9219739437103271,1
-wny0OAz3g8/2,23,3.0666666666666664,3.2,1.0,1,13,1,1,0.4615384638309479,4,4,1.0,0.9215579628944397,1
-wny0OAz3g8/2,24,3.2,3.3333333333333335,1.0,1,14,1,1,0.0714285746216774,4,4,1.0,0.9225501418113708,1
-wny0OAz3g8/2,25,3.3333333333333335,3.466666666666667,1.0,1,13,1,1,0.0,4,4,1.0,0.9223659634590149,1
-wny0OAz3g8/2,26,3.466666666666667,3.6,1.0,1,13,1,1,0.07692307978868484,4,4,1.0,0.9243674278259277,1
-wny0OAz3g8/2,27,3.6,3.7333333333333334,1.0,1,14,1,1,0.2857142984867096,4,4,1.0,0.922570526599884,1
-wny0OAz3g8/2,28,3.7333333333333334,3.8666666666666667,0.5,1,13,1,1,0.0,4,4,1.0,0.9224315881729126,1
-wny0OAz3g8/2,29,3.8666666666666667,4.0,0.375,1,13,1,1,0.0,4,4,1.0,0.9266341924667358,1
-wny0OAz3g8/2,30,4.0,4.133333333333333,1.0,1,14,1,1,0.0,4,4,1.0,0.9292421936988831,1
-wny0OAz3g8/2,31,4.133333333333333,4.266666666666667,1.0,1,13,1,1,0.07692307978868484,4,4,1.0,0.9284784197807312,1
-wny0OAz3g8/2,32,4.266666666666667,4.4,1.0,1,13,1,1,0.0,4,4,1.0,0.9253993630409241,1
-wny0OAz3g8/2,33,4.4,4.533333333333333,1.0,1,14,1,1,0.0,4,4,1.0,0.9157590866088867,1
-wny0OAz3g8/2,34,4.533333333333333,4.666666666666667,1.0,1,13,1,1,0.38461539149284363,4,4,1.0,0.9197673797607422,1
-wny0OAz3g8/2,35,4.666666666666667,4.8,1.0,1,13,1,1,0.4615384638309479,4,4,1.0,0.9189174175262451,1
-wny0OAz3g8/2,36,4.8,4.933333333333334,1.0,1,14,1,1,0.3571428656578064,4,4,1.0,0.9208511114120483,1
-wny0OAz3g8/2,37,4.933333333333334,5.066666666666666,1.0,1,13,1,1,0.5384615659713745,4,4,1.0,0.920063853263855,1
-wny0OAz3g8/2,38,5.066666666666666,5.2,1.0,1,13,1,1,0.692307710647583,4,4,1.0,0.9209973812103271,1
-wny0OAz3g8/2,39,5.2,5.333333333333333,1.0,1,14,1,1,0.0,4,4,1.0,0.921383798122406,1
-wny0OAz3g8/2,40,5.333333333333333,5.466666666666667,1.0,1,13,1,1,0.4615384638309479,4,4,1.0,0.924145519733429,1
-wny0OAz3g8/2,41,5.466666666666667,5.6,1.0,1,13,1,1,0.0,4,4,1.0,0.9242590069770813,1
-wny0OAz3g8/2,42,5.6,5.733333333333333,1.0,1,14,1,1,0.0714285746216774,4,4,1.0,0.9236035346984863,1
-wny0OAz3g8/2,43,5.733333333333333,5.866666666666666,1.0,1,13,1,1,0.23076923191547394,4,4,1.0,0.9250328540802002,1
-wny0OAz3g8/2,44,5.866666666666666,6.0,1.0,1,13,1,1,0.0,4,3,0.75,0.9242286682128906,1
-wny0OAz3g8/2,45,6.0,6.133333333333333,0.30000001192092896,1,14,1,1,0.2142857164144516,4,0,0.0,0.0,0
-wny0OAz3g8/2,46,6.133333333333333,6.266666666666667,0.0,0,13,1,1,0.0,4,0,0.0,0.0,0
-wny0OAz3g8/2,47,6.266666666666667,6.4,0.0,0,13,1,1,0.0,4,0,0.0,0.0,0
-wny0OAz3g8/2,48,6.4,6.533333333333333,0.0,0,11,1,1,0.0,4,0,0.0,0.0,0
-wny0OAz3g8/2,49,6.533333333333333,6.666666666666667,0.0,0,0,0,0,0.0,1,0,0.0,0.0,0
-wny0OAz3g8/5,0,0.0,0.13799999999999998,0.0,0,13,1,1,0.1538461595773697,5,5,1.0,0.9268619418144226,1
-wny0OAz3g8/5,1,0.13799999999999998,0.27599999999999997,0.0,0,14,1,1,0.0,4,4,1.0,0.9268230199813843,1
-wny0OAz3g8/5,2,0.27599999999999997,0.4139999999999999,0.0,0,14,1,1,0.0,4,4,1.0,0.9274555444717407,1
-wny0OAz3g8/5,3,0.4139999999999999,0.5519999999999999,0.08695652335882187,1,13,1,1,0.0,4,2,0.5,0.9285167455673218,1
-wny0OAz3g8/5,4,0.5519999999999999,0.69,1.0,1,14,1,1,0.0714285746216774,4,0,0.0,0.0,0
-wny0OAz3g8/5,5,0.69,0.8279999999999998,1.0,1,14,1,1,0.0,4,0,0.0,0.0,0
-wny0OAz3g8/5,6,0.8279999999999998,0.9659999999999999,1.0,1,14,1,1,0.0714285746216774,4,0,0.0,0.0,0
-wny0OAz3g8/5,7,0.9659999999999999,1.1039999999999999,1.0,1,14,1,1,0.1428571492433548,5,0,0.0,0.0,0
-wny0OAz3g8/5,8,1.1039999999999999,1.2419999999999998,1.0,1,13,1,1,0.07692307978868484,4,0,0.0,0.0,0
-wny0OAz3g8/5,9,1.2419999999999998,1.38,1.0,1,14,1,1,0.2857142984867096,4,0,0.0,0.0,0
-wny0OAz3g8/5,10,1.38,1.5179999999999998,1.0,1,14,1,1,0.2142857164144516,4,0,0.0,0.0,0
-wny0OAz3g8/5,11,1.5179999999999998,1.6559999999999997,1.0,1,14,1,1,0.0,4,0,0.0,0.0,0
-wny0OAz3g8/5,12,1.6559999999999997,1.7939999999999998,1.0,1,14,1,1,0.0,4,0,0.0,0.0,0
-wny0OAz3g8/5,13,1.7939999999999998,1.9319999999999997,1.0,1,13,1,1,0.07692307978868484,4,0,0.0,0.0,0
-wny0OAz3g8/5,14,1.9319999999999997,2.07,1.0,1,14,1,1,0.2857142984867096,5,0,0.0,0.0,0
-wny0OAz3g8/5,15,2.07,2.2079999999999997,1.0,1,14,1,1,0.2142857164144516,4,0,0.0,0.0,0
-wny0OAz3g8/5,16,2.2079999999999997,2.3459999999999996,1.0,1,14,1,1,0.0714285746216774,4,0,0.0,0.0,0
-wny0OAz3g8/5,17,2.3459999999999996,2.4839999999999995,1.0,1,14,1,1,0.0,4,0,0.0,0.0,0
-wny0OAz3g8/5,18,2.4839999999999995,2.622,1.0,1,13,1,1,0.0,4,0,0.0,0.0,0
-wny0OAz3g8/5,19,2.622,2.76,1.0,1,14,1,1,0.0,4,0,0.0,0.0,0
-wny0OAz3g8/5,20,2.76,2.8979999999999997,0.8695651888847351,1,14,1,1,0.0,4,0,0.0,0.0,0
-wny0OAz3g8/5,21,2.8979999999999997,3.0359999999999996,0.0,0,14,1,1,0.0,5,0,0.0,0.0,0
-wny0OAz3g8/5,22,3.0359999999999996,3.1739999999999995,0.8260869383811951,1,14,1,1,0.0,4,0,0.0,0.0,0
-wny0OAz3g8/5,23,3.1739999999999995,3.3119999999999994,1.0,1,13,1,1,0.38461539149284363,4,0,0.0,0.0,0
-wny0OAz3g8/5,24,3.3119999999999994,3.4499999999999997,1.0,1,14,1,1,0.5,4,0,0.0,0.0,0
-wny0OAz3g8/5,25,3.4499999999999997,3.5879999999999996,1.0,1,14,1,1,0.2142857164144516,4,0,0.0,0.0,0
-wny0OAz3g8/5,26,3.5879999999999996,3.7259999999999995,1.0,1,14,1,1,0.0,4,0,0.0,0.0,0
-wny0OAz3g8/5,27,3.7259999999999995,3.8639999999999994,1.0,1,14,1,1,0.0,4,0,0.0,0.0,0
-wny0OAz3g8/5,28,3.8639999999999994,4.002,1.0,1,13,1,1,0.0,5,0,0.0,0.0,0
-wny0OAz3g8/5,29,4.002,4.14,1.0,1,14,1,1,0.0714285746216774,4,0,0.0,0.0,0
-wny0OAz3g8/5,30,4.14,4.278,1.0,1,14,1,1,0.0,4,0,0.0,0.0,0
-wny0OAz3g8/5,31,4.278,4.4159999999999995,1.0,1,14,1,1,0.2857142984867096,4,0,0.0,0.0,0
-wny0OAz3g8/5,32,4.4159999999999995,4.553999999999999,1.0,1,14,1,1,0.0,4,0,0.0,0.0,0
-wny0OAz3g8/5,33,4.553999999999999,4.691999999999999,1.0,1,13,1,1,0.0,4,0,0.0,0.0,0
-wny0OAz3g8/5,34,4.691999999999999,4.829999999999999,1.0,1,14,1,1,0.0,4,0,0.0,0.0,0
-wny0OAz3g8/5,35,4.829999999999999,4.967999999999999,1.0,1,14,1,1,0.0,5,0,0.0,0.0,0
-wny0OAz3g8/5,36,4.967999999999999,5.105999999999999,1.0,1,14,1,1,0.0,4,0,0.0,0.0,0
-wny0OAz3g8/5,37,5.105999999999999,5.244,0.782608687877655,1,14,1,1,0.0,4,0,0.0,0.0,0
-wny0OAz3g8/5,38,5.244,5.382,1.0,1,13,1,1,0.7692307829856873,4,0,0.0,0.0,0
-wny0OAz3g8/5,39,5.382,5.52,1.0,1,14,1,1,0.7857142686843872,4,0,0.0,0.0,0
-wny0OAz3g8/5,40,5.52,5.6579999999999995,1.0,1,14,1,1,0.0714285746216774,4,0,0.0,0.0,0
-wny0OAz3g8/5,41,5.6579999999999995,5.795999999999999,1.0,1,14,1,1,0.1428571492433548,4,0,0.0,0.0,0
-wny0OAz3g8/5,42,5.795999999999999,5.933999999999999,1.0,1,14,1,1,0.0714285746216774,5,0,0.0,0.0,0
-wny0OAz3g8/5,43,5.933999999999999,6.071999999999999,1.0,1,13,1,1,0.0,4,1,0.25,0.9104372262954712,1
-wny0OAz3g8/5,44,6.071999999999999,6.209999999999999,1.0,1,14,1,1,0.0,4,2,0.5,0.9329545497894287,1
-wny0OAz3g8/5,45,6.209999999999999,6.347999999999999,1.0,1,14,1,1,0.3571428656578064,4,4,1.0,0.932777464389801,1
-wny0OAz3g8/5,46,6.347999999999999,6.485999999999999,0.739130437374115,1,14,1,1,0.0714285746216774,4,4,1.0,0.9300703406333923,1
-wny0OAz3g8/5,47,6.485999999999999,6.623999999999999,0.0,0,14,1,1,0.1428571492433548,4,4,1.0,0.9313686490058899,1
-wny0OAz3g8/5,48,6.623999999999999,6.762,0.0,0,10,1,1,0.20000000298023224,4,4,1.0,0.9296689629554749,1
-wny0OAz3g8/5,49,6.762,6.8999999999999995,0.0,0,0,0,0,0.0,1,1,1.0,0.930160641670227,1
-wny0OAz3g8/7,0,0.0,0.16133333333333333,0.0,0,15,1,1,0.0,5,5,1.0,0.9234124422073364,1
-wny0OAz3g8/7,1,0.16133333333333333,0.32266666666666666,0.0,0,17,1,1,0.0,5,5,1.0,0.9194406270980835,1
-wny0OAz3g8/7,2,0.32266666666666666,0.484,0.0,0,16,1,1,0.0,5,5,1.0,0.9250270128250122,1
-wny0OAz3g8/7,3,0.484,0.6453333333333333,0.8388429880142212,1,16,1,1,0.3125,5,0,0.0,0.0,0
-wny0OAz3g8/7,4,0.6453333333333333,0.8066666666666666,1.0,1,16,1,1,0.6875,5,0,0.0,0.0,0
-wny0OAz3g8/7,5,0.8066666666666666,0.968,1.0,1,16,1,1,0.25,5,1,0.20000000298023224,0.915826678276062,1
-wny0OAz3g8/7,6,0.968,1.1293333333333333,1.0,1,16,1,1,0.0,4,0,0.0,0.0,0
-wny0OAz3g8/7,7,1.1293333333333333,1.2906666666666666,1.0,1,16,1,1,0.125,5,0,0.0,0.0,0
-wny0OAz3g8/7,8,1.2906666666666666,1.452,1.0,1,16,1,1,0.125,5,0,0.0,0.0,0
-wny0OAz3g8/7,9,1.452,1.6133333333333333,1.0,1,17,1,1,0.0,5,1,0.20000000298023224,0.9047910571098328,1
-wny0OAz3g8/7,10,1.6133333333333333,1.7746666666666666,1.0,1,16,1,1,0.125,5,3,0.6000000238418579,0.9087996482849121,1
-wny0OAz3g8/7,11,1.7746666666666666,1.936,1.0,1,16,1,1,0.1875,5,1,0.20000000298023224,0.921720564365387,1
-wny0OAz3g8/7,12,1.936,2.0973333333333333,1.0,1,16,1,1,0.0,4,1,0.25,0.9210157990455627,1
-wny0OAz3g8/7,13,2.0973333333333333,2.2586666666666666,1.0,1,16,1,1,0.0625,5,0,0.0,0.0,0
-wny0OAz3g8/7,14,2.2586666666666666,2.42,1.0,1,16,1,1,0.125,5,2,0.4000000059604645,0.9103158116340637,1
-wny0OAz3g8/7,15,2.42,2.5813333333333333,1.0,1,16,1,1,0.5,5,0,0.0,0.0,0
-wny0OAz3g8/7,16,2.5813333333333333,2.7426666666666666,1.0,1,17,1,1,0.11764705926179886,5,0,0.0,0.0,0
-wny0OAz3g8/7,17,2.7426666666666666,2.904,1.0,1,16,1,1,0.0,5,1,0.20000000298023224,0.9249597191810608,1
-wny0OAz3g8/7,18,2.904,3.0653333333333332,1.0,1,16,1,1,0.1875,4,0,0.0,0.0,0
-wny0OAz3g8/7,19,3.0653333333333332,3.2266666666666666,1.0,1,16,1,1,0.125,5,0,0.0,0.0,0
-wny0OAz3g8/7,20,3.2266666666666666,3.388,1.0,1,16,1,1,0.0625,5,0,0.0,0.0,0
-wny0OAz3g8/7,21,3.388,3.5493333333333332,1.0,1,16,1,1,0.0,5,0,0.0,0.0,0
-wny0OAz3g8/7,22,3.5493333333333332,3.7106666666666666,1.0,1,16,1,1,0.0625,5,0,0.0,0.0,0
-wny0OAz3g8/7,23,3.7106666666666666,3.872,1.0,1,16,1,1,0.3125,5,0,0.0,0.0,0
-wny0OAz3g8/7,24,3.872,4.033333333333333,1.0,1,17,1,1,0.3529411852359772,4,0,0.0,0.0,0
-wny0OAz3g8/7,25,4.033333333333333,4.1946666666666665,1.0,1,16,1,1,0.25,5,0,0.0,0.0,0
-wny0OAz3g8/7,26,4.1946666666666665,4.356,1.0,1,16,1,1,0.375,5,0,0.0,0.0,0
-wny0OAz3g8/7,27,4.356,4.517333333333333,1.0,1,16,1,1,0.3125,5,0,0.0,0.0,0
-wny0OAz3g8/7,28,4.517333333333333,4.6786666666666665,1.0,1,16,1,1,0.0625,5,0,0.0,0.0,0
-wny0OAz3g8/7,29,4.6786666666666665,4.84,1.0,1,16,1,1,0.0625,5,0,0.0,0.0,0
-wny0OAz3g8/7,30,4.84,5.001333333333333,1.0,1,16,1,1,0.5625,5,0,0.0,0.0,0
-wny0OAz3g8/7,31,5.001333333333333,5.1626666666666665,1.0,1,17,1,1,0.3529411852359772,4,0,0.0,0.0,0
-wny0OAz3g8/7,32,5.1626666666666665,5.324,1.0,1,16,1,1,0.1875,5,0,0.0,0.0,0
-wny0OAz3g8/7,33,5.324,5.485333333333333,1.0,1,16,1,1,0.1875,5,1,0.20000000298023224,0.920223593711853,1
-wny0OAz3g8/7,34,5.485333333333333,5.6466666666666665,1.0,1,16,1,1,0.0,5,0,0.0,0.0,0
-wny0OAz3g8/7,35,5.6466666666666665,5.808,1.0,1,16,1,1,0.25,5,0,0.0,0.0,0
-wny0OAz3g8/7,36,5.808,5.969333333333333,1.0,1,16,1,1,0.0,5,0,0.0,0.0,0
-wny0OAz3g8/7,37,5.969333333333333,6.1306666666666665,1.0,1,16,1,1,0.0625,4,0,0.0,0.0,0
-wny0OAz3g8/7,38,6.1306666666666665,6.292,1.0,1,16,1,1,0.3125,5,0,0.0,0.0,0
-wny0OAz3g8/7,39,6.292,6.453333333333333,1.0,1,17,1,1,0.11764705926179886,5,0,0.0,0.0,0
-wny0OAz3g8/7,40,6.453333333333333,6.6146666666666665,1.0,1,16,1,1,0.3125,5,1,0.20000000298023224,0.9283450245857239,1
-wny0OAz3g8/7,41,6.6146666666666665,6.776,1.0,1,16,1,1,0.0625,5,0,0.0,0.0,0
-wny0OAz3g8/7,42,6.776,6.937333333333333,1.0,1,16,1,1,0.0625,5,0,0.0,0.0,0
-wny0OAz3g8/7,43,6.937333333333333,7.0986666666666665,1.0,1,16,1,1,0.0,4,0,0.0,0.0,0
-wny0OAz3g8/7,44,7.0986666666666665,7.26,1.0,1,16,1,1,0.0,5,1,0.20000000298023224,0.9282189011573792,1
-wny0OAz3g8/7,45,7.26,7.421333333333333,1.0,1,16,1,1,0.0,5,2,0.4000000059604645,0.9224057197570801,1
-wny0OAz3g8/7,46,7.421333333333333,7.582666666666666,0.8595041036605835,1,17,1,1,0.11764705926179886,5,4,0.800000011920929,0.9264007806777954,1
-wny0OAz3g8/7,47,7.582666666666666,7.744,0.0,0,16,1,1,0.1875,5,5,1.0,0.9233348965644836,1
-wny0OAz3g8/7,48,7.744,7.905333333333333,0.0,0,15,1,1,0.06666667014360428,5,5,1.0,0.9155527949333191,1
-wny0OAz3g8/7,49,7.905333333333333,8.066666666666666,0.0,0,0,0,0,0.0,2,2,1.0,0.917758584022522,1
-wny0OAz3g8/9,0,0.0,0.124,0.0,0,12,1,1,0.1666666716337204,4,4,1.0,0.9196761846542358,1
-wny0OAz3g8/9,1,0.124,0.248,0.0,0,12,1,1,0.0,4,4,1.0,0.9255134463310242,1
-wny0OAz3g8/9,2,0.248,0.372,0.0,0,12,1,1,0.0,4,4,1.0,0.9299989342689514,1
-wny0OAz3g8/9,3,0.372,0.496,0.0,0,13,1,1,0.0,3,3,1.0,0.9275957942008972,1
-wny0OAz3g8/9,4,0.496,0.62,0.9677419066429138,1,12,1,1,0.4166666567325592,4,4,1.0,0.9227346777915955,1
-wny0OAz3g8/9,5,0.62,0.744,1.0,1,13,1,1,0.38461539149284363,4,3,0.75,0.9203793406486511,1
-wny0OAz3g8/9,6,0.744,0.868,1.0,1,12,1,1,0.0833333358168602,4,4,1.0,0.9232746362686157,1
-wny0OAz3g8/9,7,0.868,0.992,1.0,1,12,1,1,0.5833333134651184,3,3,1.0,0.929227352142334,1
-wny0OAz3g8/9,8,0.992,1.116,1.0,1,13,1,1,0.0,4,4,1.0,0.9290426969528198,1
-wny0OAz3g8/9,9,1.116,1.24,1.0,1,12,1,1,0.0,4,4,1.0,0.9305928349494934,1
-wny0OAz3g8/9,10,1.24,1.3639999999999999,1.0,1,13,1,1,0.38461539149284363,3,3,1.0,0.9279593825340271,1
-wny0OAz3g8/9,11,1.3639999999999999,1.488,1.0,1,12,1,1,0.3333333432674408,4,4,1.0,0.9268462657928467,1
-wny0OAz3g8/9,12,1.488,1.612,1.0,1,12,1,1,0.0,4,4,1.0,0.926060676574707,1
-wny0OAz3g8/9,13,1.612,1.736,1.0,1,13,1,1,0.0,4,4,1.0,0.9261942505836487,1
-wny0OAz3g8/9,14,1.736,1.8599999999999999,1.0,1,12,1,1,0.4166666567325592,3,3,1.0,0.9274015426635742,1
-wny0OAz3g8/9,15,1.8599999999999999,1.984,1.0,1,13,1,1,0.07692307978868484,4,4,1.0,0.9255551099777222,1
-wny0OAz3g8/9,16,1.984,2.108,1.0,1,12,1,1,0.1666666716337204,4,4,1.0,0.9258617758750916,1
-wny0OAz3g8/9,17,2.108,2.232,1.0,1,12,1,1,0.25,3,3,1.0,0.9242855906486511,1
-wny0OAz3g8/9,18,2.232,2.356,1.0,1,13,1,1,0.3076923191547394,4,4,1.0,0.9237646460533142,1
-wny0OAz3g8/9,19,2.356,2.48,1.0,1,12,1,1,0.0833333358168602,4,4,1.0,0.9274240136146545,1
-wny0OAz3g8/9,20,2.48,2.604,1.0,1,13,1,1,0.07692307978868484,4,4,1.0,0.9306705594062805,1
-wny0OAz3g8/9,21,2.604,2.7279999999999998,1.0,1,12,1,1,0.0833333358168602,3,3,1.0,0.9346515536308289,1
-wny0OAz3g8/9,22,2.7279999999999998,2.852,1.0,1,12,1,1,0.1666666716337204,4,4,1.0,0.9344460368156433,1
-wny0OAz3g8/9,23,2.852,2.976,1.0,1,13,1,1,0.1538461595773697,4,4,1.0,0.9280321002006531,1
-wny0OAz3g8/9,24,2.976,3.1,1.0,1,12,1,1,0.0833333358168602,3,3,1.0,0.9228643774986267,1
-wny0OAz3g8/9,25,3.1,3.224,0.7580645084381104,1,13,1,1,0.0,4,4,1.0,0.9214849472045898,1
-wny0OAz3g8/9,26,3.224,3.348,1.0,1,12,1,1,0.0833333358168602,4,4,1.0,0.9258941411972046,1
-wny0OAz3g8/9,27,3.348,3.472,1.0,1,12,1,1,0.0,4,4,1.0,0.9320054650306702,1
-wny0OAz3g8/9,28,3.472,3.596,1.0,1,13,1,1,0.0,3,3,1.0,0.9264958500862122,1
-wny0OAz3g8/9,29,3.596,3.7199999999999998,1.0,1,12,1,1,0.0,4,4,1.0,0.9295821189880371,1
-wny0OAz3g8/9,30,3.7199999999999998,3.844,1.0,1,13,1,1,0.1538461595773697,4,4,1.0,0.9288969039916992,1
-wny0OAz3g8/9,31,3.844,3.968,1.0,1,12,1,1,0.0833333358168602,4,4,1.0,0.9317125678062439,1
-wny0OAz3g8/9,32,3.968,4.092,1.0,1,12,1,1,0.0,3,3,1.0,0.9357134699821472,1
-wny0OAz3g8/9,33,4.092,4.216,1.0,1,13,1,1,0.38461539149284363,4,4,1.0,0.9333580732345581,1
-wny0OAz3g8/9,34,4.216,4.34,1.0,1,12,1,1,0.4166666567325592,4,4,1.0,0.9249272346496582,1
-wny0OAz3g8/9,35,4.34,4.464,1.0,1,13,1,1,0.4615384638309479,3,3,1.0,0.9171321988105774,1
-wny0OAz3g8/9,36,4.464,4.588,0.7580645084381104,1,12,1,1,0.4166666567325592,4,4,1.0,0.9290333390235901,1
-wny0OAz3g8/9,37,4.588,4.712,1.0,1,12,1,1,0.0,4,4,1.0,0.930858850479126,1
-wny0OAz3g8/9,38,4.712,4.836,1.0,1,13,1,1,0.07692307978868484,4,4,1.0,0.9267016649246216,1
-wny0OAz3g8/9,39,4.836,4.96,1.0,1,12,1,1,0.3333333432674408,3,3,1.0,0.9197148680686951,1
-wny0OAz3g8/9,40,4.96,5.084,1.0,1,13,1,1,0.0,4,4,1.0,0.9194616079330444,1
-wny0OAz3g8/9,41,5.084,5.208,1.0,1,12,1,1,0.0833333358168602,4,4,1.0,0.9232451915740967,1
-wny0OAz3g8/9,42,5.208,5.332,1.0,1,12,1,1,0.0,3,3,1.0,0.9263944625854492,1
-wny0OAz3g8/9,43,5.332,5.4559999999999995,1.0,1,13,1,1,0.38461539149284363,4,4,1.0,0.9180254936218262,1
-wny0OAz3g8/9,44,5.4559999999999995,5.58,0.6774193644523621,1,12,1,1,0.0,4,1,0.25,0.9177026748657227,1
-wny0OAz3g8/9,45,5.58,5.704,0.0,0,13,1,1,0.4615384638309479,4,0,0.0,0.0,0
-wny0OAz3g8/9,46,5.704,5.828,0.0,0,12,1,1,0.1666666716337204,3,1,0.3333333432674408,0.9169653654098511,1
-wny0OAz3g8/9,47,5.828,5.952,0.0,0,12,1,1,0.1666666716337204,4,1,0.25,0.9185536503791809,1
-wny0OAz3g8/9,48,5.952,6.076,0.0,0,8,1,1,0.0,3,3,1.0,0.9230002760887146,1
-wny0OAz3g8/9,49,6.076,6.2,0.0,0,0,0,0,0.0,1,0,0.0,0.0,0
-571d8cVauQ/0,0,0.0,0.10333333333333333,0.0,0,10,1,0,0.0,4,0,0.0,0.0,0
-571d8cVauQ/0,1,0.10333333333333333,0.20666666666666667,0.0,0,10,1,0,0.0,3,2,0.6666666865348816,0.6898330450057983,1
-571d8cVauQ/0,2,0.20666666666666667,0.31,0.0,0,10,1,0,0.0,3,3,1.0,0.9235466122627258,1
-571d8cVauQ/0,3,0.31,0.41333333333333333,0.0,0,11,1,1,0.0,3,3,1.0,0.918371856212616,1
-571d8cVauQ/0,4,0.41333333333333333,0.5166666666666666,0.0,0,10,1,0,0.0,3,3,1.0,0.9233759045600891,1
-571d8cVauQ/0,5,0.5166666666666666,0.62,0.0,0,10,1,1,0.0,3,3,1.0,0.9177655577659607,1
-571d8cVauQ/0,6,0.62,0.7233333333333334,0.0,0,11,1,0,0.0,3,3,1.0,0.9207813739776611,1
-571d8cVauQ/0,7,0.7233333333333334,0.8266666666666667,0.0,0,10,1,0,0.0,3,3,1.0,0.9190952181816101,1
-571d8cVauQ/0,8,0.8266666666666667,0.9299999999999999,0.0,0,10,1,0,0.0,3,3,1.0,0.9209077954292297,1
-571d8cVauQ/0,9,0.9299999999999999,1.0333333333333332,0.0,0,11,1,1,0.0,3,3,1.0,0.9220921397209167,1
-571d8cVauQ/0,10,1.0333333333333332,1.1366666666666667,0.6451612710952759,1,10,1,1,0.0,4,4,1.0,0.9269371032714844,1
-571d8cVauQ/0,11,1.1366666666666667,1.24,1.0,1,10,1,1,0.0,3,3,1.0,0.9287135601043701,1
-571d8cVauQ/0,12,1.24,1.3433333333333333,1.0,1,11,1,1,0.0,3,3,1.0,0.9299240708351135,1
-571d8cVauQ/0,13,1.3433333333333333,1.4466666666666668,1.0,1,10,1,1,0.0,3,3,1.0,0.9371257424354553,1
-571d8cVauQ/0,14,1.4466666666666668,1.55,1.0,1,10,1,1,0.0,3,3,1.0,0.9409468173980713,1
-571d8cVauQ/0,15,1.55,1.6533333333333333,1.0,1,11,1,1,0.0,3,3,1.0,0.9383344054222107,1
-571d8cVauQ/0,16,1.6533333333333333,1.7566666666666666,1.0,1,10,1,1,0.0,3,3,1.0,0.9335915446281433,1
-571d8cVauQ/0,17,1.7566666666666666,1.8599999999999999,1.0,1,10,1,1,0.10000000149011612,3,3,1.0,0.9325907230377197,1
-571d8cVauQ/0,18,1.8599999999999999,1.9633333333333334,1.0,1,11,1,1,0.09090909361839294,3,3,1.0,0.9405127167701721,1
-571d8cVauQ/0,19,1.9633333333333334,2.0666666666666664,1.0,1,10,1,1,0.0,3,3,1.0,0.9409583210945129,1
-571d8cVauQ/0,20,2.0666666666666664,2.17,1.0,1,10,1,1,0.0,4,4,1.0,0.9433826804161072,1
-571d8cVauQ/0,21,2.17,2.2733333333333334,1.0,1,11,1,1,0.0,3,3,1.0,0.9411383271217346,1
-571d8cVauQ/0,22,2.2733333333333334,2.3766666666666665,1.0,1,10,1,1,0.0,3,3,1.0,0.9411457180976868,1
-571d8cVauQ/0,23,2.3766666666666665,2.48,1.0,1,10,1,1,0.0,3,3,1.0,0.943174421787262,1
-571d8cVauQ/0,24,2.48,2.5833333333333335,1.0,1,11,1,1,0.0,3,3,1.0,0.9380214810371399,1
-571d8cVauQ/0,25,2.5833333333333335,2.6866666666666665,1.0,1,10,1,1,0.0,3,3,1.0,0.9370414614677429,1
-571d8cVauQ/0,26,2.6866666666666665,2.79,1.0,1,10,1,1,0.0,3,3,1.0,0.9333847165107727,1
-571d8cVauQ/0,27,2.79,2.8933333333333335,1.0,1,11,1,1,0.0,3,3,1.0,0.9354241490364075,1
-571d8cVauQ/0,28,2.8933333333333335,2.9966666666666666,1.0,1,10,1,1,0.0,3,3,1.0,0.9318554401397705,1
-571d8cVauQ/0,29,2.9966666666666666,3.1,1.0,1,10,1,1,0.0,3,3,1.0,0.9373335242271423,1
-571d8cVauQ/0,30,3.1,3.203333333333333,1.0,1,11,1,1,0.0,4,4,1.0,0.934578537940979,1
-571d8cVauQ/0,31,3.203333333333333,3.3066666666666666,1.0,1,10,1,1,0.0,3,3,1.0,0.9319519996643066,1
-571d8cVauQ/0,32,3.3066666666666666,3.41,1.0,1,10,1,1,0.0,3,3,1.0,0.930273711681366,1
-571d8cVauQ/0,33,3.41,3.513333333333333,1.0,1,11,1,1,0.0,3,3,1.0,0.9274899959564209,1
-571d8cVauQ/0,34,3.513333333333333,3.6166666666666667,1.0,1,10,1,1,0.0,3,3,1.0,0.9386367797851562,1
-571d8cVauQ/0,35,3.6166666666666667,3.7199999999999998,1.0,1,10,1,1,0.0,3,3,1.0,0.9375272393226624,1
-571d8cVauQ/0,36,3.7199999999999998,3.8233333333333333,1.0,1,11,1,1,0.0,3,3,1.0,0.932451069355011,1
-571d8cVauQ/0,37,3.8233333333333333,3.9266666666666667,1.0,1,10,1,1,0.0,3,3,1.0,0.9377994537353516,1
-571d8cVauQ/0,38,3.9266666666666667,4.03,1.0,1,10,1,1,0.0,3,3,1.0,0.9348218441009521,1
-571d8cVauQ/0,39,4.03,4.133333333333333,1.0,1,11,1,1,0.0,3,3,1.0,0.9249588847160339,1
-571d8cVauQ/0,40,4.133333333333333,4.236666666666666,1.0,1,10,1,1,0.0,4,4,1.0,0.9258029460906982,1
-571d8cVauQ/0,41,4.236666666666666,4.34,1.0,1,10,1,1,0.0,3,3,1.0,0.9335382580757141,1
-571d8cVauQ/0,42,4.34,4.443333333333333,1.0,1,11,1,1,0.0,3,3,1.0,0.9392591118812561,1
-571d8cVauQ/0,43,4.443333333333333,4.546666666666667,0.4516128897666931,1,10,1,1,0.0,3,3,1.0,0.9430319666862488,1
-571d8cVauQ/0,44,4.546666666666667,4.65,0.0,0,10,1,1,0.0,3,3,1.0,0.9432331919670105,1
-571d8cVauQ/0,45,4.65,4.753333333333333,0.0,0,11,1,1,0.0,3,3,1.0,0.9419485926628113,1
-571d8cVauQ/0,46,4.753333333333333,4.8566666666666665,0.0,0,10,1,1,0.0,3,3,1.0,0.9341620802879333,1
-571d8cVauQ/0,47,4.8566666666666665,4.96,0.0,0,10,1,1,0.0,3,3,1.0,0.929154098033905,1
-571d8cVauQ/0,48,4.96,5.0633333333333335,0.0,0,2,1,1,0.0,2,2,1.0,0.9293506741523743,1
-571d8cVauQ/0,49,5.0633333333333335,5.166666666666667,0.0,0,0,0,0,0.0,1,1,1.0,0.9315094947814941,1
-571d8cVauQ/5,0,0.0,0.3053333333333333,0.0,0,30,1,1,0.0,10,10,1.0,0.9258658289909363,1
-571d8cVauQ/5,1,0.3053333333333333,0.6106666666666666,0.3624454140663147,1,30,1,1,0.0,9,9,1.0,0.9211781024932861,1
-571d8cVauQ/5,2,0.6106666666666666,0.9159999999999999,1.0,1,31,1,1,0.0,9,9,1.0,0.9298800230026245,1
-571d8cVauQ/5,3,0.9159999999999999,1.2213333333333332,1.0,1,30,1,1,0.03333333507180214,9,9,1.0,0.9314651489257812,1
-571d8cVauQ/5,4,1.2213333333333332,1.5266666666666664,1.0,1,31,1,1,0.0,9,9,1.0,0.930571973323822,1
-571d8cVauQ/5,5,1.5266666666666664,1.8319999999999999,1.0,1,30,1,1,0.0,9,9,1.0,0.9281070232391357,1
-571d8cVauQ/5,6,1.8319999999999999,2.137333333333333,0.8777292370796204,1,31,1,1,0.0,10,10,1.0,0.9276073575019836,1
-571d8cVauQ/5,7,2.137333333333333,2.4426666666666663,0.008733624592423439,1,31,1,1,0.0,9,9,1.0,0.9304742813110352,1
-571d8cVauQ/5,8,2.4426666666666663,2.7479999999999998,1.0,1,30,1,1,0.20000000298023224,9,9,1.0,0.9369287490844727,1
-571d8cVauQ/5,9,2.7479999999999998,3.053333333333333,1.0,1,31,1,1,0.032258063554763794,9,9,1.0,0.9335348606109619,1
-571d8cVauQ/5,10,3.053333333333333,3.3586666666666662,1.0,1,30,1,1,0.0,9,9,1.0,0.9310994744300842,1
-571d8cVauQ/5,11,3.3586666666666662,3.6639999999999997,0.3449781537055969,1,31,1,1,0.0,9,9,1.0,0.9280368089675903,1
-571d8cVauQ/5,12,3.6639999999999997,3.9693333333333327,1.0,1,30,1,1,0.0,10,10,1.0,0.926317572593689,1
-571d8cVauQ/5,13,3.9693333333333327,4.274666666666666,1.0,1,31,1,1,0.0,9,9,1.0,0.9280234575271606,1
-571d8cVauQ/5,14,4.274666666666666,4.579999999999999,0.7379912734031677,1,30,1,1,0.0,9,9,1.0,0.927672803401947,1
-571d8cVauQ/5,15,4.579999999999999,4.885333333333333,0.6397379636764526,1,31,1,1,0.0,9,9,1.0,0.9315253496170044,1
-571d8cVauQ/5,16,4.885333333333333,5.190666666666666,1.0,1,30,1,1,0.06666667014360428,9,9,1.0,0.9327786564826965,1
-571d8cVauQ/5,17,5.190666666666666,5.4959999999999996,1.0,1,31,1,1,0.0,9,9,1.0,0.9347279071807861,1
-571d8cVauQ/5,18,5.4959999999999996,5.801333333333332,1.0,1,30,1,1,0.0,10,10,1.0,0.9367340803146362,1
-571d8cVauQ/5,19,5.801333333333332,6.106666666666666,1.0,1,31,1,1,0.0,9,9,1.0,0.9327573776245117,1
-571d8cVauQ/5,20,6.106666666666666,6.411999999999999,0.24017466604709625,1,30,1,1,0.0,9,9,1.0,0.9294545650482178,1
-571d8cVauQ/5,21,6.411999999999999,6.7173333333333325,0.9082969427108765,1,31,1,1,0.0,9,9,1.0,0.9315156936645508,1
-571d8cVauQ/5,22,6.7173333333333325,7.022666666666666,1.0,1,31,1,1,0.09677419066429138,9,9,1.0,0.9323433637619019,1
-571d8cVauQ/5,23,7.022666666666666,7.327999999999999,1.0,1,30,1,1,0.0,9,9,1.0,0.9227170944213867,1
-571d8cVauQ/5,24,7.327999999999999,7.633333333333332,0.432314395904541,1,31,1,1,0.0,9,9,1.0,0.9255680441856384,1
-571d8cVauQ/5,25,7.633333333333332,7.938666666666665,0.7816593647003174,1,30,1,1,0.0,10,10,1.0,0.930333137512207,1
-571d8cVauQ/5,26,7.938666666666665,8.243999999999998,1.0,1,31,1,1,0.0,9,9,1.0,0.9271730780601501,1
-571d8cVauQ/5,27,8.243999999999998,8.549333333333331,1.0,1,30,1,1,0.0,9,9,1.0,0.9221400022506714,1
-571d8cVauQ/5,28,8.549333333333331,8.854666666666665,1.0,1,31,1,1,0.0,9,9,1.0,0.923395574092865,1
-571d8cVauQ/5,29,8.854666666666665,9.159999999999998,0.05021834000945091,1,30,1,1,0.0,9,9,1.0,0.929413914680481,1
-571d8cVauQ/5,30,9.159999999999998,9.465333333333332,0.18122270703315735,1,31,1,1,0.0,9,9,1.0,0.9226464033126831,1
-571d8cVauQ/5,31,9.465333333333332,9.770666666666665,1.0,1,30,1,1,0.0,10,10,1.0,0.9325113296508789,1
-571d8cVauQ/5,32,9.770666666666665,10.075999999999999,1.0,1,31,1,1,0.0,9,9,1.0,0.929472804069519,1
-571d8cVauQ/5,33,10.075999999999999,10.381333333333332,1.0,1,30,1,1,0.0,9,9,1.0,0.9243347644805908,1
-571d8cVauQ/5,34,10.381333333333332,10.686666666666666,1.0,1,31,1,1,0.0,9,9,1.0,0.9249057769775391,1
-571d8cVauQ/5,35,10.686666666666666,10.991999999999999,0.07641921192407608,1,30,1,1,0.0,9,9,1.0,0.9261505603790283,1
-571d8cVauQ/5,36,10.991999999999999,11.297333333333333,0.3842794895172119,1,31,1,1,0.0,9,9,1.0,0.9222314357757568,1
-571d8cVauQ/5,37,11.297333333333333,11.602666666666664,0.8034934401512146,1,31,1,1,0.06451612710952759,10,10,1.0,0.9235580563545227,1
-571d8cVauQ/5,38,11.602666666666664,11.907999999999998,1.0,1,30,1,1,0.0,9,9,1.0,0.9222333431243896,1
-571d8cVauQ/5,39,11.907999999999998,12.213333333333331,1.0,1,31,1,1,0.0,9,9,1.0,0.9255440831184387,1
-571d8cVauQ/5,40,12.213333333333331,12.518666666666665,0.3820960819721222,1,30,1,1,0.0,9,9,1.0,0.9306411743164062,1
-571d8cVauQ/5,41,12.518666666666665,12.823999999999998,0.30786025524139404,1,31,1,1,0.0,9,9,1.0,0.9291409254074097,1
-571d8cVauQ/5,42,12.823999999999998,13.129333333333332,1.0,1,30,1,1,0.0,9,9,1.0,0.9261490702629089,1
-571d8cVauQ/5,43,13.129333333333332,13.434666666666665,1.0,1,31,1,1,0.0,10,10,1.0,0.9280682802200317,1
-571d8cVauQ/5,44,13.434666666666665,13.739999999999998,1.0,1,30,1,1,0.0,9,9,1.0,0.9317147731781006,1
-571d8cVauQ/5,45,13.739999999999998,14.045333333333332,1.0,1,31,1,1,0.0,9,9,1.0,0.9249652028083801,1
-571d8cVauQ/5,46,14.045333333333332,14.350666666666665,1.0,1,30,1,1,0.0,9,9,1.0,0.9299850463867188,1
-571d8cVauQ/5,47,14.350666666666665,14.655999999999999,1.0,1,31,1,1,0.0,9,9,1.0,0.9292500615119934,1
-571d8cVauQ/5,48,14.655999999999999,14.96133333333333,0.8973799347877502,1,30,1,1,0.0,9,9,1.0,0.9245951175689697,1
-571d8cVauQ/5,49,14.96133333333333,15.266666666666666,0.0,0,15,1,1,0.0,6,6,1.0,0.9281814098358154,1
-I_e4mIh0yE/1,0,0.0,0.152,0.0,0,14,1,1,0.0,5,5,1.0,0.9280019998550415,1
-I_e4mIh0yE/1,1,0.152,0.304,0.0,0,16,1,1,0.0,5,5,1.0,0.9304178953170776,1
-I_e4mIh0yE/1,2,0.304,0.45599999999999996,0.0,0,15,1,0,0.0,4,4,1.0,0.9295619130134583,1
-I_e4mIh0yE/1,3,0.45599999999999996,0.608,0.18421052396297455,1,15,1,1,0.0,5,5,1.0,0.9245766401290894,1
-I_e4mIh0yE/1,4,0.608,0.76,1.0,1,15,1,1,0.0,4,4,1.0,0.927888810634613,1
-I_e4mIh0yE/1,5,0.76,0.9119999999999999,1.0,1,15,1,1,0.0,5,5,1.0,0.9305577278137207,1
-I_e4mIh0yE/1,6,0.9119999999999999,1.064,1.0,1,16,1,1,0.0,4,4,1.0,0.9359921813011169,1
-I_e4mIh0yE/1,7,1.064,1.216,1.0,1,15,1,1,0.0,5,5,1.0,0.9354585409164429,1
-I_e4mIh0yE/1,8,1.216,1.3679999999999999,1.0,1,15,1,1,0.0,5,5,1.0,0.923389732837677,1
-I_e4mIh0yE/1,9,1.3679999999999999,1.52,1.0,1,15,1,1,0.0,4,4,1.0,0.9280767440795898,1
-I_e4mIh0yE/1,10,1.52,1.672,1.0,1,15,1,1,0.0,5,5,1.0,0.9345269203186035,1
-I_e4mIh0yE/1,11,1.672,1.8239999999999998,1.0,1,16,1,1,0.0,4,4,1.0,0.9346373677253723,1
-I_e4mIh0yE/1,12,1.8239999999999998,1.976,1.0,1,15,1,1,0.0,5,5,1.0,0.9339596033096313,1
-I_e4mIh0yE/1,13,1.976,2.128,1.0,1,15,1,1,0.0,4,4,1.0,0.9342040419578552,1
-I_e4mIh0yE/1,14,2.128,2.28,1.0,1,15,1,1,0.0,5,5,1.0,0.9329174160957336,1
-I_e4mIh0yE/1,15,2.28,2.432,1.0,1,15,1,1,0.0,4,4,1.0,0.9349050521850586,1
-I_e4mIh0yE/1,16,2.432,2.584,1.0,1,16,1,1,0.0,5,5,1.0,0.9337714314460754,1
-I_e4mIh0yE/1,17,2.584,2.7359999999999998,1.0,1,15,1,1,0.0,5,5,1.0,0.933392345905304,1
-I_e4mIh0yE/1,18,2.7359999999999998,2.888,1.0,1,15,1,1,0.0,4,4,1.0,0.9341135621070862,1
-I_e4mIh0yE/1,19,2.888,3.04,1.0,1,15,1,1,0.0,5,5,1.0,0.9334896206855774,1
-I_e4mIh0yE/1,20,3.04,3.1919999999999997,0.7894737124443054,1,15,1,1,0.0,4,4,1.0,0.9346884489059448,1
-I_e4mIh0yE/1,21,3.1919999999999997,3.344,0.0,0,16,1,1,0.0,5,5,1.0,0.9331088066101074,1
-I_e4mIh0yE/1,22,3.344,3.496,0.0,0,15,1,1,0.0,4,4,1.0,0.9331420660018921,1
-I_e4mIh0yE/1,23,3.496,3.6479999999999997,0.9078947305679321,1,15,1,1,0.0,5,5,1.0,0.9348516464233398,1
-I_e4mIh0yE/1,24,3.6479999999999997,3.8,1.0,1,15,1,1,0.0,4,4,1.0,0.9301543235778809,1
-I_e4mIh0yE/1,25,3.8,3.952,1.0,1,15,1,1,0.0,5,5,1.0,0.9301713705062866,1
-I_e4mIh0yE/1,26,3.952,4.104,1.0,1,16,1,1,0.0,5,5,1.0,0.9270330667495728,1
-I_e4mIh0yE/1,27,4.104,4.256,1.0,1,15,1,1,0.0,4,4,1.0,0.9275546073913574,1
-I_e4mIh0yE/1,28,4.256,4.4079999999999995,1.0,1,15,1,1,0.0,5,5,1.0,0.9280365705490112,1
-I_e4mIh0yE/1,29,4.4079999999999995,4.56,1.0,1,15,1,1,0.0,4,4,1.0,0.9284283518791199,1
-I_e4mIh0yE/1,30,4.56,4.712,1.0,1,15,1,1,0.0,5,5,1.0,0.9291812777519226,1
-I_e4mIh0yE/1,31,4.712,4.864,1.0,1,16,1,1,0.0,4,4,1.0,0.9304250478744507,1
-I_e4mIh0yE/1,32,4.864,5.016,1.0,1,15,1,1,0.0,5,5,1.0,0.9291263818740845,1
-I_e4mIh0yE/1,33,5.016,5.168,1.0,1,15,1,1,0.0,5,5,1.0,0.9299077987670898,1
-I_e4mIh0yE/1,34,5.168,5.32,1.0,1,15,1,1,0.0,4,4,1.0,0.9252991080284119,1
-I_e4mIh0yE/1,35,5.32,5.4719999999999995,1.0,1,15,1,1,0.0,5,5,1.0,0.9217129945755005,1
-I_e4mIh0yE/1,36,5.4719999999999995,5.624,1.0,1,16,1,1,0.0,4,4,1.0,0.9236053228378296,1
-I_e4mIh0yE/1,37,5.624,5.776,1.0,1,15,1,1,0.0,5,5,1.0,0.9295608401298523,1
-I_e4mIh0yE/1,38,5.776,5.928,1.0,1,15,1,1,0.0,4,4,1.0,0.9316844940185547,1
-I_e4mIh0yE/1,39,5.928,6.08,0.34210526943206787,1,15,1,1,0.0,5,5,1.0,0.9314494132995605,1
-I_e4mIh0yE/1,40,6.08,6.232,0.6052631735801697,1,15,1,1,0.0,4,4,1.0,0.9326517581939697,1
-I_e4mIh0yE/1,41,6.232,6.3839999999999995,1.0,1,16,1,1,0.0,5,5,1.0,0.9284462928771973,1
-I_e4mIh0yE/1,42,6.3839999999999995,6.536,1.0,1,15,1,1,0.0,5,5,1.0,0.9279955625534058,1
-I_e4mIh0yE/1,43,6.536,6.688,1.0,1,15,1,1,0.0,4,4,1.0,0.9278167486190796,1
-I_e4mIh0yE/1,44,6.688,6.84,1.0,1,15,1,1,0.0,5,5,1.0,0.9256384968757629,1
-I_e4mIh0yE/1,45,6.84,6.992,0.5263158082962036,1,15,1,1,0.0,4,4,1.0,0.9276572465896606,1
-I_e4mIh0yE/1,46,6.992,7.144,0.0,0,16,1,1,0.0,5,5,1.0,0.9273145794868469,1
-I_e4mIh0yE/1,47,7.144,7.295999999999999,0.0,0,15,1,1,0.0,4,4,1.0,0.9288203120231628,1
-I_e4mIh0yE/1,48,7.295999999999999,7.4479999999999995,0.0,0,13,1,1,0.0,5,5,1.0,0.9300444722175598,1
-I_e4mIh0yE/1,49,7.4479999999999995,7.6,0.0,0,0,0,0,0.0,1,1,1.0,0.9297614693641663,1
-I_e4mIh0yE/3,0,0.0,0.18266666666666664,0.0,0,18,1,1,0.0,6,6,1.0,0.9371030926704407,1
-I_e4mIh0yE/3,1,0.18266666666666664,0.3653333333333333,0.0,0,18,1,1,0.0,5,5,1.0,0.9379924535751343,1
-I_e4mIh0yE/3,2,0.3653333333333333,0.5479999999999999,0.15328466892242432,1,18,1,1,0.0,6,6,1.0,0.939270555973053,1
-I_e4mIh0yE/3,3,0.5479999999999999,0.7306666666666666,1.0,1,18,1,1,0.0,5,5,1.0,0.9370050430297852,1
-I_e4mIh0yE/3,4,0.7306666666666666,0.9133333333333332,1.0,1,19,1,1,0.0,6,6,1.0,0.9374530911445618,1
-I_e4mIh0yE/3,5,0.9133333333333332,1.0959999999999999,1.0,1,18,1,1,0.0,5,5,1.0,0.9353309869766235,1
-I_e4mIh0yE/3,6,1.0959999999999999,1.2786666666666666,1.0,1,18,1,1,0.0,6,6,1.0,0.9395501017570496,1
-I_e4mIh0yE/3,7,1.2786666666666666,1.4613333333333332,1.0,1,18,1,1,0.1666666716337204,5,5,1.0,0.9404390454292297,1
-I_e4mIh0yE/3,8,1.4613333333333332,1.6439999999999997,1.0,1,19,1,1,0.0,6,6,1.0,0.9400884509086609,1
-I_e4mIh0yE/3,9,1.6439999999999997,1.8266666666666664,1.0,1,18,1,1,0.0,5,5,1.0,0.9326128959655762,1
-I_e4mIh0yE/3,10,1.8266666666666664,2.009333333333333,1.0,1,18,1,1,0.0,6,6,1.0,0.9245989918708801,1
-I_e4mIh0yE/3,11,2.009333333333333,2.1919999999999997,1.0,1,18,1,1,0.0,5,5,1.0,0.9244421124458313,1
-I_e4mIh0yE/3,12,2.1919999999999997,2.3746666666666663,1.0,1,19,1,1,0.0,6,6,1.0,0.9259726405143738,1
-I_e4mIh0yE/3,13,2.3746666666666663,2.5573333333333332,1.0,1,18,1,1,0.0,5,5,1.0,0.9251567721366882,1
-I_e4mIh0yE/3,14,2.5573333333333332,2.7399999999999998,1.0,1,18,1,1,0.0,6,6,1.0,0.9280114769935608,1
-I_e4mIh0yE/3,15,2.7399999999999998,2.9226666666666663,1.0,1,19,1,1,0.0,5,5,1.0,0.9275020360946655,1
-I_e4mIh0yE/3,16,2.9226666666666663,3.105333333333333,0.8357664346694946,1,18,1,1,0.1666666716337204,6,6,1.0,0.9281267523765564,1
-I_e4mIh0yE/3,17,3.105333333333333,3.2879999999999994,1.0,1,18,1,1,0.0,5,5,1.0,0.9279672503471375,1
-I_e4mIh0yE/3,18,3.2879999999999994,3.4706666666666663,1.0,1,18,1,1,0.0,6,6,1.0,0.9279590249061584,1
-I_e4mIh0yE/3,19,3.4706666666666663,3.653333333333333,1.0,1,19,1,1,0.0,5,5,1.0,0.9272844195365906,1
-I_e4mIh0yE/3,20,3.653333333333333,3.8359999999999994,1.0,1,18,1,1,0.0,6,6,1.0,0.927677571773529,1
-I_e4mIh0yE/3,21,3.8359999999999994,4.018666666666666,1.0,1,18,1,1,0.0,5,5,1.0,0.9278036952018738,1
-I_e4mIh0yE/3,22,4.018666666666666,4.2013333333333325,1.0,1,18,1,1,0.0,6,6,1.0,0.9301156401634216,1
-I_e4mIh0yE/3,23,4.2013333333333325,4.3839999999999995,1.0,1,19,1,1,0.0,5,5,1.0,0.9283146858215332,1
-I_e4mIh0yE/3,24,4.3839999999999995,4.566666666666666,1.0,1,18,1,1,0.0,5,5,1.0,0.9306547045707703,1
-I_e4mIh0yE/3,25,4.566666666666666,4.7493333333333325,1.0,1,18,1,1,0.0,6,6,1.0,0.9317257404327393,1
-I_e4mIh0yE/3,26,4.7493333333333325,4.9319999999999995,0.16788321733474731,1,18,1,1,0.0,5,5,1.0,0.9293707013130188,1
-I_e4mIh0yE/3,27,4.9319999999999995,5.1146666666666665,0.4635036587715149,1,19,1,1,0.0,6,6,1.0,0.9278542399406433,1
-I_e4mIh0yE/3,28,5.1146666666666665,5.297333333333333,1.0,1,18,1,1,0.0,5,5,1.0,0.9300867319107056,1
-I_e4mIh0yE/3,29,5.297333333333333,5.4799999999999995,0.5620437860488892,1,18,1,1,0.0,6,6,1.0,0.9326789379119873,1
-I_e4mIh0yE/3,30,5.4799999999999995,5.662666666666666,1.0,1,19,1,1,0.0,5,5,1.0,0.9305213689804077,1
-I_e4mIh0yE/3,31,5.662666666666666,5.845333333333333,1.0,1,18,1,1,0.0,6,6,1.0,0.9275074005126953,1
-I_e4mIh0yE/3,32,5.845333333333333,6.028,1.0,1,18,1,1,0.0,5,5,1.0,0.9282301068305969,1
-I_e4mIh0yE/3,33,6.028,6.210666666666666,1.0,1,18,1,1,0.0,6,6,1.0,0.9273324012756348,1
-I_e4mIh0yE/3,34,6.210666666666666,6.393333333333333,1.0,1,19,1,1,0.0,5,5,1.0,0.927533745765686,1
-I_e4mIh0yE/3,35,6.393333333333333,6.575999999999999,1.0,1,18,1,1,0.0,6,6,1.0,0.9273920059204102,1
-I_e4mIh0yE/3,36,6.575999999999999,6.758666666666666,1.0,1,18,1,1,0.0,5,5,1.0,0.9235769510269165,1
-I_e4mIh0yE/3,37,6.758666666666666,6.941333333333333,1.0,1,18,1,1,0.0,6,6,1.0,0.9238862991333008,1
-I_e4mIh0yE/3,38,6.941333333333333,7.123999999999999,1.0,1,19,1,1,0.0,5,5,1.0,0.925798773765564,1
-I_e4mIh0yE/3,39,7.123999999999999,7.306666666666666,1.0,1,18,1,1,0.0,6,6,1.0,0.9263959527015686,1
-I_e4mIh0yE/3,40,7.306666666666666,7.489333333333333,1.0,1,18,1,1,0.0,5,5,1.0,0.9269673228263855,1
-I_e4mIh0yE/3,41,7.489333333333333,7.671999999999999,1.0,1,18,1,1,0.0,6,6,1.0,0.9261903762817383,1
-I_e4mIh0yE/3,42,7.671999999999999,7.854666666666666,1.0,1,19,1,1,0.0,5,5,1.0,0.9240781664848328,1
-I_e4mIh0yE/3,43,7.854666666666666,8.037333333333333,1.0,1,18,1,1,0.0,6,6,1.0,0.9273678660392761,1
-I_e4mIh0yE/3,44,8.037333333333333,8.219999999999999,1.0,1,18,1,1,0.0,5,5,1.0,0.923876166343689,1
-I_e4mIh0yE/3,45,8.219999999999999,8.402666666666665,1.0,1,19,1,1,0.0,6,6,1.0,0.926837146282196,1
-I_e4mIh0yE/3,46,8.402666666666665,8.585333333333333,0.3686131238937378,1,18,1,1,0.0,5,5,1.0,0.9281250238418579,1
-I_e4mIh0yE/3,47,8.585333333333333,8.767999999999999,0.0,0,18,1,1,0.0,6,6,1.0,0.9320629239082336,1
-I_e4mIh0yE/3,48,8.767999999999999,8.950666666666665,0.0,0,18,1,1,0.0,5,5,1.0,0.9301711320877075,1
-I_e4mIh0yE/3,49,8.950666666666665,9.133333333333333,0.0,0,3,1,1,0.0,2,2,1.0,0.9331083297729492,1
-UacrmKiTn4/10,0,0.0,0.14666666666666667,1.0,1,14,1,1,0.0,5,5,1.0,0.9351992607116699,1
-UacrmKiTn4/10,1,0.14666666666666667,0.29333333333333333,1.0,1,15,1,1,0.0,4,4,1.0,0.9341632127761841,1
-UacrmKiTn4/10,2,0.29333333333333333,0.44,1.0,1,14,1,1,0.0,5,5,1.0,0.9375554323196411,1
-UacrmKiTn4/10,3,0.44,0.5866666666666667,1.0,1,15,1,1,0.0,4,4,1.0,0.9325677156448364,1
-UacrmKiTn4/10,4,0.5866666666666667,0.7333333333333334,1.0,1,15,1,1,0.0,5,5,1.0,0.9357404708862305,1
-UacrmKiTn4/10,5,0.7333333333333334,0.88,1.0,1,14,1,1,0.0,4,4,1.0,0.9390237331390381,1
-UacrmKiTn4/10,6,0.88,1.0266666666666666,1.0,1,15,1,1,0.0,4,4,1.0,0.9403417706489563,1
-UacrmKiTn4/10,7,1.0266666666666666,1.1733333333333333,1.0,1,15,1,1,0.0,5,5,1.0,0.9374322891235352,1
-UacrmKiTn4/10,8,1.1733333333333333,1.32,1.0,1,14,1,1,0.1428571492433548,4,4,1.0,0.9326242208480835,1
-UacrmKiTn4/10,9,1.32,1.4666666666666668,1.0,1,15,1,1,0.0,5,5,1.0,0.928229808807373,1
-UacrmKiTn4/10,10,1.4666666666666668,1.6133333333333333,1.0,1,15,1,1,0.0,4,4,1.0,0.934052586555481,1
-UacrmKiTn4/10,11,1.6133333333333333,1.76,1.0,1,14,1,1,0.0,4,4,1.0,0.9349463582038879,1
-UacrmKiTn4/10,12,1.76,1.9066666666666667,0.0,0,15,1,1,0.0,5,5,1.0,0.9345925450325012,1
-UacrmKiTn4/10,13,1.9066666666666667,2.0533333333333332,0.0,0,15,1,1,0.0,4,4,1.0,0.9461510181427002,1
-UacrmKiTn4/10,14,2.0533333333333332,2.2,0.34090909361839294,1,14,1,1,0.0,4,4,1.0,0.9474825859069824,1
-UacrmKiTn4/10,15,2.2,2.3466666666666667,1.0,1,15,1,1,0.0,5,5,1.0,0.9408243894577026,1
-UacrmKiTn4/10,16,2.3466666666666667,2.493333333333333,1.0,1,15,1,1,0.0,4,4,1.0,0.9363203048706055,1
-UacrmKiTn4/10,17,2.493333333333333,2.64,1.0,1,14,1,1,0.1428571492433548,5,5,1.0,0.9331596493721008,1
-UacrmKiTn4/10,18,2.64,2.7866666666666666,1.0,1,15,1,1,0.0,4,4,1.0,0.940966784954071,1
-UacrmKiTn4/10,19,2.7866666666666666,2.9333333333333336,1.0,1,15,1,1,0.0,5,5,1.0,0.9378021359443665,1
-UacrmKiTn4/10,20,2.9333333333333336,3.08,1.0,1,14,1,1,0.0,4,4,1.0,0.9342539310455322,1
-UacrmKiTn4/10,21,3.08,3.2266666666666666,1.0,1,15,1,1,0.0,4,4,1.0,0.9329573512077332,1
-UacrmKiTn4/10,22,3.2266666666666666,3.3733333333333335,1.0,1,15,1,1,0.0,5,5,1.0,0.9323029518127441,1
-UacrmKiTn4/10,23,3.3733333333333335,3.52,1.0,1,14,1,1,0.0,4,4,1.0,0.9303383827209473,1
-UacrmKiTn4/10,24,3.52,3.6666666666666665,1.0,1,15,1,1,0.0,4,4,1.0,0.9264928102493286,1
-UacrmKiTn4/10,25,3.6666666666666665,3.8133333333333335,1.0,1,15,1,1,0.0,5,5,1.0,0.9245600700378418,1
-UacrmKiTn4/10,26,3.8133333333333335,3.96,1.0,1,14,1,1,0.0,4,4,1.0,0.927725613117218,1
-UacrmKiTn4/10,27,3.96,4.1066666666666665,1.0,1,15,1,1,0.0,5,5,1.0,0.9253193736076355,1
-UacrmKiTn4/10,28,4.1066666666666665,4.253333333333333,1.0,1,15,1,1,0.0,4,4,1.0,0.9252899289131165,1
-UacrmKiTn4/10,29,4.253333333333333,4.4,1.0,1,14,1,1,0.0,4,4,1.0,0.9298162460327148,1
-UacrmKiTn4/10,30,4.4,4.546666666666667,1.0,1,15,1,1,0.0,5,5,1.0,0.9315546751022339,1
-UacrmKiTn4/10,31,4.546666666666667,4.693333333333333,1.0,1,15,1,1,0.0,4,4,1.0,0.9276615977287292,1
-UacrmKiTn4/10,32,4.693333333333333,4.84,1.0,1,14,1,1,0.0,5,5,1.0,0.9311485290527344,1
-UacrmKiTn4/10,33,4.84,4.986666666666666,1.0,1,15,1,1,0.0,4,4,1.0,0.9327477216720581,1
-UacrmKiTn4/10,34,4.986666666666666,5.133333333333334,1.0,1,15,1,1,0.0,4,4,1.0,0.9335117936134338,1
-UacrmKiTn4/10,35,5.133333333333334,5.28,1.0,1,14,1,1,0.0,5,5,1.0,0.9325253367424011,1
-UacrmKiTn4/10,36,5.28,5.426666666666667,1.0,1,15,1,1,0.0,4,4,1.0,0.9319003820419312,1
-UacrmKiTn4/10,37,5.426666666666667,5.573333333333333,0.2954545319080353,1,15,1,1,0.0,5,5,1.0,0.9339820742607117,1
-UacrmKiTn4/10,38,5.573333333333333,5.72,0.0,0,14,1,0,0.0,4,4,1.0,0.9442394971847534,1
-UacrmKiTn4/10,39,5.72,5.866666666666667,0.0,0,15,1,0,0.0,5,5,1.0,0.9367023706436157,1
-UacrmKiTn4/10,40,5.866666666666667,6.013333333333334,0.9090909361839294,1,15,1,1,0.0,4,4,1.0,0.9273849725723267,1
-UacrmKiTn4/10,41,6.013333333333334,6.16,1.0,1,14,1,1,0.0,4,4,1.0,0.9233243465423584,1
-UacrmKiTn4/10,42,6.16,6.306666666666667,1.0,1,15,1,1,0.0,5,5,1.0,0.9316083192825317,1
-UacrmKiTn4/10,43,6.306666666666667,6.453333333333333,1.0,1,15,1,1,0.0,4,4,1.0,0.9319676160812378,1
-UacrmKiTn4/10,44,6.453333333333333,6.6,1.0,1,14,1,1,0.0,4,4,1.0,0.9314025044441223,1
-UacrmKiTn4/10,45,6.6,6.746666666666667,1.0,1,15,1,1,0.0,5,5,1.0,0.9293426275253296,1
-UacrmKiTn4/10,46,6.746666666666667,6.8933333333333335,0.4318181872367859,1,15,1,1,0.0,4,4,1.0,0.9315186142921448,1
-UacrmKiTn4/10,47,6.8933333333333335,7.04,0.0,0,14,1,0,0.0,5,5,1.0,0.9236391186714172,1
-UacrmKiTn4/10,48,7.04,7.1866666666666665,0.0,0,15,1,0,0.0,4,4,1.0,0.9264742732048035,1
-UacrmKiTn4/10,49,7.1866666666666665,7.333333333333333,0.0,0,4,1,0,0.0,2,2,1.0,0.9250925779342651,1
-UacrmKiTn4/4,0,0.0,0.09466666666666666,0.0,0,9,1,1,0.0,3,3,1.0,0.9375548362731934,1
-UacrmKiTn4/4,1,0.09466666666666666,0.18933333333333333,0.0,0,9,1,1,0.0,3,3,1.0,0.9362228512763977,1
-UacrmKiTn4/4,2,0.18933333333333333,0.284,0.0,0,10,1,1,0.0,3,3,1.0,0.9395701289176941,1
-UacrmKiTn4/4,3,0.284,0.37866666666666665,0.0,0,9,1,1,0.0,3,3,1.0,0.9400489926338196,1
-UacrmKiTn4/4,4,0.37866666666666665,0.47333333333333333,0.0,0,10,1,1,0.0,3,3,1.0,0.9406039118766785,1
-UacrmKiTn4/4,5,0.47333333333333333,0.568,0.7183098793029785,1,9,1,1,0.0,3,3,1.0,0.9363508224487305,1
-UacrmKiTn4/4,6,0.568,0.6626666666666666,1.0,1,10,1,1,0.20000000298023224,2,2,1.0,0.9350851774215698,1
-UacrmKiTn4/4,7,0.6626666666666666,0.7573333333333333,1.0,1,9,1,1,0.0,3,3,1.0,0.9334428906440735,1
-UacrmKiTn4/4,8,0.7573333333333333,0.852,1.0,1,9,1,1,0.0,3,3,1.0,0.9335456490516663,1
-UacrmKiTn4/4,9,0.852,0.9466666666666667,1.0,1,10,1,1,0.0,3,3,1.0,0.9340899586677551,1
-UacrmKiTn4/4,10,0.9466666666666667,1.0413333333333332,1.0,1,9,1,1,0.0,3,3,1.0,0.9379236102104187,1
-UacrmKiTn4/4,11,1.0413333333333332,1.136,1.0,1,10,1,1,0.0,3,3,1.0,0.9352664947509766,1
-UacrmKiTn4/4,12,1.136,1.2306666666666666,1.0,1,9,1,1,0.0,2,2,1.0,0.936496913433075,1
-UacrmKiTn4/4,13,1.2306666666666666,1.3253333333333333,1.0,1,10,1,1,0.0,3,3,1.0,0.9403073787689209,1
-UacrmKiTn4/4,14,1.3253333333333333,1.42,1.0,1,9,1,1,0.0,3,3,1.0,0.9437448382377625,1
-UacrmKiTn4/4,15,1.42,1.5146666666666666,1.0,1,10,1,1,0.0,3,3,1.0,0.9433066844940186,1
-UacrmKiTn4/4,16,1.5146666666666666,1.6093333333333333,1.0,1,9,1,1,0.0,3,3,1.0,0.9425705075263977,1
-UacrmKiTn4/4,17,1.6093333333333333,1.704,1.0,1,10,1,1,0.0,3,3,1.0,0.9376229643821716,1
-UacrmKiTn4/4,18,1.704,1.7986666666666666,1.0,1,9,1,1,0.0,2,2,1.0,0.9403676986694336,1
-UacrmKiTn4/4,19,1.7986666666666666,1.8933333333333333,1.0,1,10,1,1,0.0,3,3,1.0,0.9412488341331482,1
-UacrmKiTn4/4,20,1.8933333333333333,1.988,1.0,1,9,1,1,0.0,3,3,1.0,0.9405065178871155,1
-UacrmKiTn4/4,21,1.988,2.0826666666666664,1.0,1,10,1,1,0.0,3,3,1.0,0.941004753112793,1
-UacrmKiTn4/4,22,2.0826666666666664,2.1773333333333333,1.0,1,9,1,1,0.0,3,3,1.0,0.9386715292930603,1
-UacrmKiTn4/4,23,2.1773333333333333,2.272,1.0,1,9,1,1,0.0,3,3,1.0,0.9373207092285156,1
-UacrmKiTn4/4,24,2.272,2.3666666666666667,1.0,1,10,1,1,0.0,2,2,1.0,0.9360745549201965,1
-UacrmKiTn4/4,25,2.3666666666666667,2.461333333333333,1.0,1,9,1,1,0.0,3,3,1.0,0.9371840357780457,1
-UacrmKiTn4/4,26,2.461333333333333,2.556,1.0,1,10,1,1,0.0,3,3,1.0,0.9328505396842957,1
-UacrmKiTn4/4,27,2.556,2.6506666666666665,1.0,1,9,1,1,0.0,3,3,1.0,0.9302377700805664,1
-UacrmKiTn4/4,28,2.6506666666666665,2.7453333333333334,1.0,1,10,1,1,0.0,3,3,1.0,0.9328291416168213,1
-UacrmKiTn4/4,29,2.7453333333333334,2.84,1.0,1,9,1,1,0.0,3,3,1.0,0.93573397397995,1
-UacrmKiTn4/4,30,2.84,2.9346666666666668,1.0,1,10,1,1,0.0,3,3,1.0,0.937186062335968,1
-UacrmKiTn4/4,31,2.9346666666666668,3.029333333333333,1.0,1,9,1,1,0.0,2,2,1.0,0.9358264207839966,1
-UacrmKiTn4/4,32,3.029333333333333,3.1239999999999997,1.0,1,10,1,1,0.0,3,3,1.0,0.9291791915893555,1
-UacrmKiTn4/4,33,3.1239999999999997,3.2186666666666666,1.0,1,9,1,1,0.0,3,3,1.0,0.9280149936676025,1
-UacrmKiTn4/4,34,3.2186666666666666,3.313333333333333,1.0,1,10,1,1,0.0,3,3,1.0,0.9334044456481934,1
-UacrmKiTn4/4,35,3.313333333333333,3.408,1.0,1,9,1,1,0.0,3,3,1.0,0.9352340698242188,1
-UacrmKiTn4/4,36,3.408,3.5026666666666664,1.0,1,10,1,1,0.0,3,3,1.0,0.9355130195617676,1
-UacrmKiTn4/4,37,3.5026666666666664,3.5973333333333333,1.0,1,9,1,1,0.0,2,2,1.0,0.9368888139724731,1
-UacrmKiTn4/4,38,3.5973333333333333,3.6919999999999997,1.0,1,9,1,1,0.0,3,3,1.0,0.9337250590324402,1
-UacrmKiTn4/4,39,3.6919999999999997,3.7866666666666666,1.0,1,10,1,1,0.0,3,3,1.0,0.9342405796051025,1
-UacrmKiTn4/4,40,3.7866666666666666,3.881333333333333,1.0,1,9,1,1,0.0,3,3,1.0,0.9332771301269531,1
-UacrmKiTn4/4,41,3.881333333333333,3.976,1.0,1,10,1,1,0.0,3,3,1.0,0.9327282905578613,1
-UacrmKiTn4/4,42,3.976,4.070666666666667,1.0,1,9,1,1,0.0,3,3,1.0,0.931466281414032,1
-UacrmKiTn4/4,43,4.070666666666667,4.165333333333333,1.0,1,10,1,1,0.0,2,2,1.0,0.934198260307312,1
-UacrmKiTn4/4,44,4.165333333333333,4.26,0.26056337356567383,1,9,1,1,0.0,3,3,1.0,0.9346356987953186,1
-UacrmKiTn4/4,45,4.26,4.354666666666667,0.0,0,10,1,1,0.0,3,3,1.0,0.9383115768432617,1
-UacrmKiTn4/4,46,4.354666666666667,4.449333333333334,0.0,0,9,1,1,0.0,3,3,1.0,0.9377184510231018,1
-UacrmKiTn4/4,47,4.449333333333334,4.544,0.0,0,10,1,1,0.0,3,3,1.0,0.9371708035469055,1
-UacrmKiTn4/4,48,4.544,4.6386666666666665,0.0,0,9,1,1,0.0,3,3,1.0,0.9392630457878113,1
-UacrmKiTn4/4,49,4.6386666666666665,4.733333333333333,0.0,0,3,1,1,0.0,2,2,1.0,0.9352164268493652,1
-hnBHBN8p5A/7,0,0.0,0.14681333333333332,1.0,1,14,1,1,0.0714285746216774,4,0,0.0,0.0,0
-hnBHBN8p5A/7,1,0.14681333333333332,0.29362666666666665,1.0,1,15,1,1,0.0,4,0,0.0,0.0,0
-hnBHBN8p5A/7,2,0.29362666666666665,0.44043999999999994,1.0,1,14,1,1,0.0,3,0,0.0,0.0,0
-hnBHBN8p5A/7,3,0.44043999999999994,0.5872533333333333,1.0,1,15,1,1,0.13333334028720856,4,0,0.0,0.0,0
-hnBHBN8p5A/7,4,0.5872533333333333,0.7340666666666666,1.0,1,15,1,1,0.0,3,0,0.0,0.0,0
-hnBHBN8p5A/7,5,0.7340666666666666,0.8808799999999999,1.0,1,14,1,1,0.5,4,0,0.0,0.0,0
-hnBHBN8p5A/7,6,0.8808799999999999,1.0276933333333333,1.0,1,15,1,1,0.0,3,0,0.0,0.0,0
-hnBHBN8p5A/7,7,1.0276933333333333,1.1745066666666666,1.0,1,15,1,1,0.0,4,0,0.0,0.0,0
-hnBHBN8p5A/7,8,1.1745066666666666,1.3213199999999998,1.0,1,14,1,1,0.0,3,0,0.0,0.0,0
-hnBHBN8p5A/7,9,1.3213199999999998,1.4681333333333333,1.0,1,15,1,1,0.0,4,0,0.0,0.0,0
-hnBHBN8p5A/7,10,1.4681333333333333,1.6149466666666665,1.0,1,15,1,1,0.0,3,0,0.0,0.0,0
-hnBHBN8p5A/7,11,1.6149466666666665,1.7617599999999998,1.0,1,14,1,1,0.2142857164144516,4,0,0.0,0.0,0
-hnBHBN8p5A/7,12,1.7617599999999998,1.9085733333333332,1.0,1,15,1,1,0.20000000298023224,3,0,0.0,0.0,0
-hnBHBN8p5A/7,13,1.9085733333333332,2.0553866666666667,1.0,1,15,1,1,0.0,4,0,0.0,0.0,0
-hnBHBN8p5A/7,14,2.0553866666666667,2.2022,0.6444464921951294,1,14,1,1,0.0,3,0,0.0,0.0,0
-hnBHBN8p5A/7,15,2.2022,2.349013333333333,0.0,0,15,1,1,0.0,4,0,0.0,0.0,0
-hnBHBN8p5A/7,16,2.349013333333333,2.4958266666666664,0.0,0,15,1,1,0.0,3,0,0.0,0.0,0
-hnBHBN8p5A/7,17,2.4958266666666664,2.6426399999999997,0.0,0,15,1,1,0.0,4,0,0.0,0.0,0
-hnBHBN8p5A/7,18,2.6426399999999997,2.7894533333333333,0.0,0,14,1,1,0.0,3,0,0.0,0.0,0
-hnBHBN8p5A/7,19,2.7894533333333333,2.9362666666666666,0.0,0,15,1,1,0.0,4,0,0.0,0.0,0
-hnBHBN8p5A/7,20,2.9362666666666666,3.08308,0.0,0,15,1,1,0.0,3,0,0.0,0.0,0
-hnBHBN8p5A/7,21,3.08308,3.229893333333333,0.0,0,14,1,1,0.0,4,0,0.0,0.0,0
-hnBHBN8p5A/7,22,3.229893333333333,3.3767066666666663,0.0,0,15,1,1,0.0,3,0,0.0,0.0,0
-hnBHBN8p5A/7,23,3.3767066666666663,3.5235199999999995,0.0,0,15,1,1,0.0,4,0,0.0,0.0,0
-hnBHBN8p5A/7,24,3.5235199999999995,3.6703333333333332,0.6152938008308411,1,14,1,1,0.0,3,0,0.0,0.0,0
-hnBHBN8p5A/7,25,3.6703333333333332,3.8171466666666665,1.0,1,15,1,1,0.0,4,0,0.0,0.0,0
-hnBHBN8p5A/7,26,3.8171466666666665,3.9639599999999997,1.0,1,15,1,1,0.13333334028720856,4,0,0.0,0.0,0
-hnBHBN8p5A/7,27,3.9639599999999997,4.110773333333333,1.0,1,14,1,1,0.0714285746216774,3,0,0.0,0.0,0
-hnBHBN8p5A/7,28,4.110773333333333,4.257586666666667,1.0,1,15,1,1,0.0,4,0,0.0,0.0,0
-hnBHBN8p5A/7,29,4.257586666666667,4.4044,1.0,1,15,1,1,0.0,3,0,0.0,0.0,0
-hnBHBN8p5A/7,30,4.4044,4.551213333333333,1.0,1,14,1,1,0.0,4,0,0.0,0.0,0
-hnBHBN8p5A/7,31,4.551213333333333,4.698026666666666,1.0,1,15,1,1,0.0,3,0,0.0,0.0,0
-hnBHBN8p5A/7,32,4.698026666666666,4.84484,1.0,1,15,1,1,0.0,4,0,0.0,0.0,0
-hnBHBN8p5A/7,33,4.84484,4.991653333333333,1.0,1,14,1,1,0.0,3,0,0.0,0.0,0
-hnBHBN8p5A/7,34,4.991653333333333,5.138466666666666,1.0,1,15,1,1,0.0,4,0,0.0,0.0,0
-hnBHBN8p5A/7,35,5.138466666666666,5.285279999999999,1.0,1,15,1,1,0.0,3,0,0.0,0.0,0
-hnBHBN8p5A/7,36,5.285279999999999,5.4320933333333326,1.0,1,14,1,1,0.0,4,0,0.0,0.0,0
-hnBHBN8p5A/7,37,5.4320933333333326,5.578906666666667,1.0,1,15,1,1,0.0,3,0,0.0,0.0,0
-hnBHBN8p5A/7,38,5.578906666666667,5.72572,1.0,1,15,1,1,0.0,4,0,0.0,0.0,0
-hnBHBN8p5A/7,39,5.72572,5.872533333333333,0.09726636856794357,1,15,1,1,0.0,3,0,0.0,0.0,0
-hnBHBN8p5A/7,40,5.872533333333333,6.019346666666666,0.0,0,14,1,1,0.0,4,0,0.0,0.0,0
-hnBHBN8p5A/7,41,6.019346666666666,6.16616,0.0,0,15,1,1,0.0,3,0,0.0,0.0,0
-hnBHBN8p5A/7,42,6.16616,6.312973333333333,0.0,0,15,1,1,0.0,4,0,0.0,0.0,0
-hnBHBN8p5A/7,43,6.312973333333333,6.459786666666666,0.0,0,14,1,1,0.0,3,0,0.0,0.0,0
-hnBHBN8p5A/7,44,6.459786666666666,6.606599999999999,0.0,0,15,1,1,0.0,4,0,0.0,0.0,0
-hnBHBN8p5A/7,45,6.606599999999999,6.753413333333333,0.0,0,15,1,1,0.0,3,0,0.0,0.0,0
-hnBHBN8p5A/7,46,6.753413333333333,6.900226666666666,0.13777132332324982,1,14,1,1,0.0,4,0,0.0,0.0,0
-hnBHBN8p5A/7,47,6.900226666666666,7.047039999999999,1.0,1,15,1,1,0.0,3,0,0.0,0.0,0
-hnBHBN8p5A/7,48,7.047039999999999,7.193853333333333,0.701298713684082,1,15,1,1,0.0,4,0,0.0,0.0,0
-hnBHBN8p5A/7,49,7.193853333333333,7.3406666666666665,0.0,0,10,1,1,0.0,3,0,0.0,0.0,0
-hnBHBN8p5A/6,0,0.0,0.12762733333333334,0.0,0,12,1,1,0.0,4,0,0.0,0.0,0
-hnBHBN8p5A/6,1,0.12762733333333334,0.2552546666666667,0.0,0,13,1,1,0.0,3,0,0.0,0.0,0
-hnBHBN8p5A/6,2,0.2552546666666667,0.38288200000000006,0.022581370547413826,1,13,1,1,0.0,3,0,0.0,0.0,0
-hnBHBN8p5A/6,3,0.38288200000000006,0.5105093333333334,1.0,1,12,1,1,0.0,3,1,0.3333333432674408,0.9089189767837524,1
-hnBHBN8p5A/6,4,0.5105093333333334,0.6381366666666667,0.9362466931343079,1,13,1,1,0.0,3,1,0.3333333432674408,0.9009040594100952,1
-hnBHBN8p5A/6,5,0.6381366666666667,0.7657640000000001,0.5152814984321594,1,13,1,1,0.0,3,0,0.0,0.0,0
-hnBHBN8p5A/6,6,0.7657640000000001,0.8933913333333334,1.0,1,13,1,1,0.0,3,0,0.0,0.0,0
-hnBHBN8p5A/6,7,0.8933913333333334,1.0210186666666667,1.0,1,12,1,1,0.25,3,0,0.0,0.0,0
-hnBHBN8p5A/6,8,1.0210186666666667,1.148646,1.0,1,13,1,1,0.0,3,0,0.0,0.0,0
-hnBHBN8p5A/6,9,1.148646,1.2762733333333334,1.0,1,13,1,1,0.0,3,0,0.0,0.0,0
-hnBHBN8p5A/6,10,1.2762733333333334,1.4039006666666667,0.342612087726593,1,13,1,1,0.0,3,0,0.0,0.0,0
-hnBHBN8p5A/6,11,1.4039006666666667,1.5315280000000002,0.011972356587648392,1,12,1,1,0.0,3,0,0.0,0.0,0
-hnBHBN8p5A/6,12,1.5315280000000002,1.6591553333333335,1.0,1,13,1,1,0.0,3,0,0.0,0.0,0
-hnBHBN8p5A/6,13,1.6591553333333335,1.7867826666666669,1.0,1,13,1,1,0.0,3,0,0.0,0.0,0
-hnBHBN8p5A/6,14,1.7867826666666669,1.9144100000000002,1.0,1,13,1,1,0.0,3,0,0.0,0.0,0
-hnBHBN8p5A/6,15,1.9144100000000002,2.0420373333333335,1.0,1,12,1,1,0.0,3,0,0.0,0.0,0
-hnBHBN8p5A/6,16,2.0420373333333335,2.169664666666667,0.6108618378639221,1,13,1,1,0.0,4,0,0.0,0.0,0
-hnBHBN8p5A/6,17,2.169664666666667,2.297292,0.0,0,13,1,1,0.0,3,0,0.0,0.0,0
-hnBHBN8p5A/6,18,2.297292,2.4249193333333334,0.0,0,13,1,1,0.0,3,0,0.0,0.0,0
-hnBHBN8p5A/6,19,2.4249193333333334,2.5525466666666667,0.0,0,13,1,1,0.0,3,0,0.0,0.0,0
-hnBHBN8p5A/6,20,2.5525466666666667,2.680174,0.0,0,12,1,1,0.0,3,0,0.0,0.0,0
-hnBHBN8p5A/6,21,2.680174,2.8078013333333334,0.0,0,13,1,1,0.0,3,0,0.0,0.0,0
-hnBHBN8p5A/6,22,2.8078013333333334,2.9354286666666667,0.0,0,13,1,1,0.0,3,0,0.0,0.0,0
-hnBHBN8p5A/6,23,2.9354286666666667,3.0630560000000004,0.0,0,13,1,1,0.0,3,0,0.0,0.0,0
-hnBHBN8p5A/6,24,3.0630560000000004,3.1906833333333338,0.0,0,12,1,1,0.0,3,0,0.0,0.0,0
-hnBHBN8p5A/6,25,3.1906833333333338,3.318310666666667,0.0,0,13,1,1,0.0,3,0,0.0,0.0,0
-hnBHBN8p5A/6,26,3.318310666666667,3.4459380000000004,0.0,0,13,1,1,0.0,3,0,0.0,0.0,0
-hnBHBN8p5A/6,27,3.4459380000000004,3.5735653333333337,0.0,0,13,1,1,0.0,3,0,0.0,0.0,0
-hnBHBN8p5A/6,28,3.5735653333333337,3.701192666666667,0.0,0,12,1,1,0.0,3,0,0.0,0.0,0
-hnBHBN8p5A/6,29,3.701192666666667,3.8288200000000003,0.0,0,13,1,1,0.0,3,0,0.0,0.0,0
-hnBHBN8p5A/6,30,3.8288200000000003,3.9564473333333336,0.2855762243270874,1,13,1,1,0.0,3,0,0.0,0.0,0
-hnBHBN8p5A/6,31,3.9564473333333336,4.084074666666667,1.0,1,13,1,1,0.0,3,0,0.0,0.0,0
-hnBHBN8p5A/6,32,4.084074666666667,4.211702000000001,1.0,1,12,1,1,0.0,3,0,0.0,0.0,0
-hnBHBN8p5A/6,33,4.211702000000001,4.339329333333334,1.0,1,13,1,1,0.0,4,0,0.0,0.0,0
-hnBHBN8p5A/6,34,4.339329333333334,4.466956666666667,1.0,1,13,1,1,0.0,3,0,0.0,0.0,0
-hnBHBN8p5A/6,35,4.466956666666667,4.594584,1.0,1,13,1,1,0.0,3,0,0.0,0.0,0
-hnBHBN8p5A/6,36,4.594584,4.722211333333334,1.0,1,12,1,1,0.0,3,0,0.0,0.0,0
-hnBHBN8p5A/6,37,4.722211333333334,4.849838666666667,1.0,1,13,1,1,0.0,3,0,0.0,0.0,0
-hnBHBN8p5A/6,38,4.849838666666667,4.977466000000001,1.0,1,13,1,1,0.0,3,0,0.0,0.0,0
-hnBHBN8p5A/6,39,4.977466000000001,5.1050933333333335,1.0,1,13,1,1,0.0,3,0,0.0,0.0,0
-hnBHBN8p5A/6,40,5.1050933333333335,5.232720666666667,0.19515150785446167,1,13,1,1,0.0,3,0,0.0,0.0,0
-hnBHBN8p5A/6,41,5.232720666666667,5.360348,0.0,0,12,1,1,0.0,3,0,0.0,0.0,0
-hnBHBN8p5A/6,42,5.360348,5.487975333333334,0.0,0,13,1,1,0.0,3,0,0.0,0.0,0
-hnBHBN8p5A/6,43,5.487975333333334,5.615602666666667,0.0,0,13,1,1,0.0,3,0,0.0,0.0,0
-hnBHBN8p5A/6,44,5.615602666666667,5.7432300000000005,0.18201430141925812,1,13,1,1,0.0,3,0,0.0,0.0,0
-hnBHBN8p5A/6,45,5.7432300000000005,5.870857333333333,1.0,1,12,1,1,0.0,3,0,0.0,0.0,0
-hnBHBN8p5A/6,46,5.870857333333333,5.998484666666667,1.0,1,13,1,1,0.1538461595773697,3,0,0.0,0.0,0
-hnBHBN8p5A/6,47,5.998484666666667,6.126112000000001,1.0,1,13,1,1,0.4615384638309479,3,0,0.0,0.0,0
-hnBHBN8p5A/6,48,6.126112000000001,6.253739333333334,1.0,1,13,1,1,0.1538461595773697,3,0,0.0,0.0,0
-hnBHBN8p5A/6,49,6.253739333333334,6.381366666666667,0.3624667525291443,1,6,1,1,0.0,3,0,0.0,0.0,0
-qDkUB0GgYY/6,0,0.0,0.09333333333333334,0.0,0,9,1,1,0.1111111119389534,3,3,1.0,0.9415426850318909,1
-qDkUB0GgYY/6,1,0.09333333333333334,0.18666666666666668,0.0,0,9,1,1,0.3333333432674408,3,3,1.0,0.9428771138191223,1
-qDkUB0GgYY/6,2,0.18666666666666668,0.28,0.0,0,9,1,1,0.1111111119389534,3,3,1.0,0.944467306137085,1
-qDkUB0GgYY/6,3,0.28,0.37333333333333335,0.0,0,10,1,1,0.5,3,3,1.0,0.9449355602264404,1
-qDkUB0GgYY/6,4,0.37333333333333335,0.4666666666666667,0.0,0,9,1,1,0.0,2,2,1.0,0.9429991245269775,1
-qDkUB0GgYY/6,5,0.4666666666666667,0.56,0.6428571343421936,1,9,1,1,0.1111111119389534,3,3,1.0,0.9435906410217285,1
-qDkUB0GgYY/6,6,0.56,0.6533333333333333,1.0,1,10,1,1,0.0,3,3,1.0,0.9426766037940979,1
-qDkUB0GgYY/6,7,0.6533333333333333,0.7466666666666667,1.0,1,9,1,1,0.4444444477558136,3,3,1.0,0.9481491446495056,1
-qDkUB0GgYY/6,8,0.7466666666666667,0.8400000000000001,1.0,1,9,1,1,0.8888888955116272,3,3,1.0,0.9496503472328186,1
-qDkUB0GgYY/6,9,0.8400000000000001,0.9333333333333333,1.0,1,10,1,1,0.20000000298023224,2,2,1.0,0.949695348739624,1
-qDkUB0GgYY/6,10,0.9333333333333333,1.0266666666666666,1.0,1,9,1,1,0.2222222238779068,3,3,1.0,0.9495229721069336,1
-qDkUB0GgYY/6,11,1.0266666666666666,1.12,1.0,1,9,1,1,0.1111111119389534,3,3,1.0,0.9493353366851807,1
-qDkUB0GgYY/6,12,1.12,1.2133333333333334,1.0,1,10,1,1,0.0,3,3,1.0,0.9498088955879211,1
-qDkUB0GgYY/6,13,1.2133333333333334,1.3066666666666666,1.0,1,9,1,1,0.1111111119389534,3,3,1.0,0.9503047466278076,1
-qDkUB0GgYY/6,14,1.3066666666666666,1.4000000000000001,1.0,1,9,1,1,0.2222222238779068,3,3,1.0,0.9491193294525146,1
-qDkUB0GgYY/6,15,1.4000000000000001,1.4933333333333334,1.0,1,10,1,1,0.10000000149011612,2,2,1.0,0.9492747783660889,1
-qDkUB0GgYY/6,16,1.4933333333333334,1.5866666666666667,1.0,1,9,1,1,0.0,3,3,1.0,0.9473407864570618,1
-qDkUB0GgYY/6,17,1.5866666666666667,1.6800000000000002,1.0,1,9,1,1,0.1111111119389534,3,3,1.0,0.9465190768241882,1
-qDkUB0GgYY/6,18,1.6800000000000002,1.7733333333333334,0.5714285969734192,1,10,1,1,0.0,3,3,1.0,0.9462166428565979,1
-qDkUB0GgYY/6,19,1.7733333333333334,1.8666666666666667,1.0,1,9,1,1,0.0,2,2,1.0,0.947036623954773,1
-qDkUB0GgYY/6,20,1.8666666666666667,1.9600000000000002,1.0,1,9,1,1,0.0,3,3,1.0,0.9480361938476562,1
-qDkUB0GgYY/6,21,1.9600000000000002,2.0533333333333332,1.0,1,10,1,1,0.0,3,3,1.0,0.9489616751670837,1
-qDkUB0GgYY/6,22,2.0533333333333332,2.146666666666667,1.0,1,9,1,1,0.6666666865348816,3,3,1.0,0.9484877586364746,1
-qDkUB0GgYY/6,23,2.146666666666667,2.24,1.0,1,9,1,1,0.3333333432674408,3,3,1.0,0.945338785648346,1
-qDkUB0GgYY/6,24,2.24,2.3333333333333335,0.0,0,10,1,1,0.0,2,2,1.0,0.9428707361221313,1
-qDkUB0GgYY/6,25,2.3333333333333335,2.4266666666666667,0.0,0,9,1,1,0.0,3,3,1.0,0.9421122670173645,1
-qDkUB0GgYY/6,26,2.4266666666666667,2.52,0.0,0,9,1,1,0.0,3,3,1.0,0.939845085144043,1
-qDkUB0GgYY/6,27,2.52,2.6133333333333333,0.5714285969734192,1,10,1,1,0.0,3,3,1.0,0.9437195658683777,1
-qDkUB0GgYY/6,28,2.6133333333333333,2.706666666666667,1.0,1,9,1,1,0.0,3,3,1.0,0.9453700184822083,1
-qDkUB0GgYY/6,29,2.706666666666667,2.8000000000000003,1.0,1,9,1,1,0.0,3,3,1.0,0.9449546933174133,1
-qDkUB0GgYY/6,30,2.8000000000000003,2.8933333333333335,1.0,1,10,1,1,0.0,2,2,1.0,0.9464268684387207,1
-qDkUB0GgYY/6,31,2.8933333333333335,2.986666666666667,1.0,1,9,1,1,0.1111111119389534,3,3,1.0,0.946535050868988,1
-qDkUB0GgYY/6,32,2.986666666666667,3.08,1.0,1,9,1,1,0.0,3,3,1.0,0.9461744427680969,1
-qDkUB0GgYY/6,33,3.08,3.1733333333333333,1.0,1,10,1,1,0.0,3,3,1.0,0.9463984370231628,1
-qDkUB0GgYY/6,34,3.1733333333333333,3.2666666666666666,1.0,1,9,1,1,0.3333333432674408,2,2,1.0,0.9471865892410278,1
-qDkUB0GgYY/6,35,3.2666666666666666,3.3600000000000003,1.0,1,9,1,1,0.0,3,3,1.0,0.9479660987854004,1
-qDkUB0GgYY/6,36,3.3600000000000003,3.4533333333333336,1.0,1,10,1,1,0.0,3,3,1.0,0.9463410377502441,1
-qDkUB0GgYY/6,37,3.4533333333333336,3.546666666666667,1.0,1,9,1,1,0.0,3,3,1.0,0.9462082982063293,1
-qDkUB0GgYY/6,38,3.546666666666667,3.64,1.0,1,9,1,1,0.0,3,3,1.0,0.946361243724823,1
-qDkUB0GgYY/6,39,3.64,3.7333333333333334,1.0,1,10,1,1,0.0,2,2,1.0,0.9450618028640747,1
-qDkUB0GgYY/6,40,3.7333333333333334,3.8266666666666667,1.0,1,9,1,1,0.0,3,3,1.0,0.9422588348388672,1
-qDkUB0GgYY/6,41,3.8266666666666667,3.9200000000000004,1.0,1,9,1,1,0.1111111119389534,3,3,1.0,0.9412317276000977,1
-qDkUB0GgYY/6,42,3.9200000000000004,4.013333333333334,1.0,1,10,1,1,1.0,3,3,1.0,0.9417023062705994,1
-qDkUB0GgYY/6,43,4.013333333333334,4.1066666666666665,0.8214285969734192,1,9,1,1,0.2222222238779068,3,3,1.0,0.9425409436225891,1
-qDkUB0GgYY/6,44,4.1066666666666665,4.2,0.0,0,9,1,1,0.0,2,2,1.0,0.9439976215362549,1
-qDkUB0GgYY/6,45,4.2,4.293333333333334,0.0,0,10,1,1,0.0,3,3,1.0,0.9430645108222961,1
-qDkUB0GgYY/6,46,4.293333333333334,4.386666666666667,0.0,0,9,1,1,0.0,3,3,1.0,0.9412568211555481,1
-qDkUB0GgYY/6,47,4.386666666666667,4.48,0.0,0,9,1,1,0.0,3,3,1.0,0.9458215832710266,1
-qDkUB0GgYY/6,48,4.48,4.573333333333333,0.0,0,10,1,1,0.0,3,3,1.0,0.9453393816947937,1
-qDkUB0GgYY/6,49,4.573333333333333,4.666666666666667,0.0,0,2,1,1,0.0,2,2,1.0,0.9419745206832886,1
-uywlfIYOS8/4,0,0.0,0.12066666666666666,1.0,1,11,1,1,0.0,4,4,1.0,0.9254787564277649,1
-uywlfIYOS8/4,1,0.12066666666666666,0.24133333333333332,1.0,1,12,1,1,0.0,4,4,1.0,0.9228700995445251,1
-uywlfIYOS8/4,2,0.24133333333333332,0.362,1.0,1,12,1,1,0.0,3,3,1.0,0.9277068972587585,1
-uywlfIYOS8/4,3,0.362,0.48266666666666663,1.0,1,13,1,1,0.0,4,4,1.0,0.9293990135192871,1
-uywlfIYOS8/4,4,0.48266666666666663,0.6033333333333333,1.0,1,12,1,1,0.0833333358168602,4,4,1.0,0.9288424253463745,1
-uywlfIYOS8/4,5,0.6033333333333333,0.724,1.0,1,12,1,1,0.0,3,3,1.0,0.9307857155799866,1
-uywlfIYOS8/4,6,0.724,0.8446666666666666,1.0,1,12,1,1,0.0,4,4,1.0,0.9284569621086121,1
-uywlfIYOS8/4,7,0.8446666666666666,0.9653333333333333,1.0,1,12,1,1,0.0,3,3,1.0,0.9252176880836487,1
-uywlfIYOS8/4,8,0.9653333333333333,1.0859999999999999,1.0,1,12,1,1,0.0,4,4,1.0,0.9263405799865723,1
-uywlfIYOS8/4,9,1.0859999999999999,1.2066666666666666,1.0,1,12,1,1,0.25,4,4,1.0,0.9272984266281128,1
-uywlfIYOS8/4,10,1.2066666666666666,1.3273333333333333,1.0,1,12,1,1,0.6666666865348816,3,3,1.0,0.9256955981254578,1
-uywlfIYOS8/4,11,1.3273333333333333,1.448,1.0,1,12,1,1,0.25,4,4,1.0,0.9209901094436646,1
-uywlfIYOS8/4,12,1.448,1.5686666666666667,1.0,1,12,1,1,0.0833333358168602,4,4,1.0,0.9229221940040588,1
-uywlfIYOS8/4,13,1.5686666666666667,1.6893333333333331,1.0,1,12,1,1,0.1666666716337204,3,3,1.0,0.9254781603813171,1
-uywlfIYOS8/4,14,1.6893333333333331,1.8099999999999998,1.0,1,12,1,1,0.0,4,4,1.0,0.9264320731163025,1
-uywlfIYOS8/4,15,1.8099999999999998,1.9306666666666665,1.0,1,12,1,1,0.0833333358168602,3,3,1.0,0.9264252781867981,1
-uywlfIYOS8/4,16,1.9306666666666665,2.051333333333333,1.0,1,12,1,1,0.8333333134651184,4,4,1.0,0.922563910484314,1
-uywlfIYOS8/4,17,2.051333333333333,2.1719999999999997,1.0,1,12,1,1,0.0,4,4,1.0,0.9261507987976074,1
-uywlfIYOS8/4,18,2.1719999999999997,2.2926666666666664,1.0,1,13,1,1,0.0,3,3,1.0,0.9269327521324158,1
-uywlfIYOS8/4,19,2.2926666666666664,2.413333333333333,1.0,1,12,1,1,0.0,4,4,1.0,0.9242348670959473,1
-uywlfIYOS8/4,20,2.413333333333333,2.534,1.0,1,12,1,1,0.0,4,4,1.0,0.925633430480957,1
-uywlfIYOS8/4,21,2.534,2.6546666666666665,1.0,1,12,1,1,0.25,3,3,1.0,0.9238779544830322,1
-uywlfIYOS8/4,22,2.6546666666666665,2.775333333333333,1.0,1,12,1,1,0.6666666865348816,4,4,1.0,0.9282625913619995,1
-uywlfIYOS8/4,23,2.775333333333333,2.896,1.0,1,12,1,1,1.0,3,3,1.0,0.9282320141792297,1
-uywlfIYOS8/4,24,2.896,3.0166666666666666,1.0,1,12,1,1,0.75,4,4,1.0,0.928249716758728,1
-uywlfIYOS8/4,25,3.0166666666666666,3.1373333333333333,1.0,1,12,1,1,0.4166666567325592,4,4,1.0,0.9269760847091675,1
-uywlfIYOS8/4,26,3.1373333333333333,3.2579999999999996,1.0,1,12,1,1,0.6666666865348816,3,3,1.0,0.932837724685669,1
-uywlfIYOS8/4,27,3.2579999999999996,3.3786666666666663,1.0,1,12,1,1,0.0833333358168602,4,4,1.0,0.9305362105369568,1
-uywlfIYOS8/4,28,3.3786666666666663,3.499333333333333,1.0,1,12,1,1,0.25,3,3,1.0,0.9311932921409607,1
-uywlfIYOS8/4,29,3.499333333333333,3.6199999999999997,0.33701658248901367,1,12,1,1,0.25,4,4,1.0,0.9278841018676758,1
-uywlfIYOS8/4,30,3.6199999999999997,3.7406666666666664,0.5027624368667603,1,12,1,1,0.1666666716337204,4,4,1.0,0.9278218150138855,1
-uywlfIYOS8/4,31,3.7406666666666664,3.861333333333333,1.0,1,12,1,1,0.4166666567325592,3,3,1.0,0.9301409125328064,1
-uywlfIYOS8/4,32,3.861333333333333,3.9819999999999998,1.0,1,12,1,1,0.0,4,4,1.0,0.9318196177482605,1
-uywlfIYOS8/4,33,3.9819999999999998,4.102666666666666,1.0,1,13,1,1,0.07692307978868484,4,4,1.0,0.9358402490615845,1
-uywlfIYOS8/4,34,4.102666666666666,4.223333333333333,1.0,1,12,1,1,0.1666666716337204,3,3,1.0,0.93318110704422,1
-uywlfIYOS8/4,35,4.223333333333333,4.343999999999999,1.0,1,12,1,1,0.1666666716337204,4,4,1.0,0.9268190860748291,1
-uywlfIYOS8/4,36,4.343999999999999,4.464666666666666,1.0,1,12,1,1,0.0,3,3,1.0,0.9294524788856506,1
-uywlfIYOS8/4,37,4.464666666666666,4.585333333333333,1.0,1,12,1,1,0.25,4,4,1.0,0.933791995048523,1
-uywlfIYOS8/4,38,4.585333333333333,4.7059999999999995,1.0,1,12,1,1,0.0,4,4,1.0,0.9314823746681213,1
-uywlfIYOS8/4,39,4.7059999999999995,4.826666666666666,0.5856353640556335,1,12,1,1,0.0,3,3,1.0,0.9361262917518616,1
-uywlfIYOS8/4,40,4.826666666666666,4.947333333333333,1.0,1,12,1,1,0.6666666865348816,4,4,1.0,0.9413358569145203,1
-uywlfIYOS8/4,41,4.947333333333333,5.068,1.0,1,12,1,1,0.0833333358168602,4,4,1.0,0.9422985315322876,1
-uywlfIYOS8/4,42,5.068,5.188666666666666,1.0,1,12,1,1,0.0,3,3,1.0,0.9425256252288818,1
-uywlfIYOS8/4,43,5.188666666666666,5.309333333333333,1.0,1,12,1,1,0.0,4,4,1.0,0.939635157585144,1
-uywlfIYOS8/4,44,5.309333333333333,5.43,0.5856353640556335,1,12,1,1,0.0,3,3,1.0,0.9380998611450195,1
-uywlfIYOS8/4,45,5.43,5.550666666666666,0.0,0,12,1,1,0.0,4,4,1.0,0.9345525503158569,1
-uywlfIYOS8/4,46,5.550666666666666,5.671333333333333,0.0,0,12,1,1,0.0,4,4,1.0,0.9299676418304443,1
-uywlfIYOS8/4,47,5.671333333333333,5.792,0.0,0,12,1,1,0.0,3,3,1.0,0.9250059723854065,1
-uywlfIYOS8/4,48,5.792,5.9126666666666665,0.0,0,8,1,1,0.25,3,3,1.0,0.9261424541473389,1
-uywlfIYOS8/4,49,5.9126666666666665,6.033333333333333,0.0,0,0,0,0,0.0,2,2,1.0,0.9294478297233582,1
-6rXp3zJ3kc/8,0,0.0,0.256,1.0,1,25,1,1,0.0,8,8,1.0,0.9299324154853821,1
-6rXp3zJ3kc/8,1,0.256,0.512,1.0,1,25,1,1,0.0,8,8,1.0,0.926774263381958,1
-6rXp3zJ3kc/8,2,0.512,0.768,1.0,1,26,1,1,0.0,8,8,1.0,0.929432213306427,1
-6rXp3zJ3kc/8,3,0.768,1.024,1.0,1,26,1,1,0.0,7,7,1.0,0.9328442811965942,1
-6rXp3zJ3kc/8,4,1.024,1.28,1.0,1,25,1,1,0.0,8,8,1.0,0.9335955381393433,1
-6rXp3zJ3kc/8,5,1.28,1.536,1.0,1,26,1,1,0.0,8,8,1.0,0.9387020468711853,1
-6rXp3zJ3kc/8,6,1.536,1.792,1.0,1,25,1,1,0.0,7,7,1.0,0.9375314712524414,1
-6rXp3zJ3kc/8,7,1.792,2.048,1.0,1,26,1,1,0.0,8,8,1.0,0.9385716319084167,1
-6rXp3zJ3kc/8,8,2.048,2.3040000000000003,1.0,1,26,1,1,0.0,8,8,1.0,0.9394687414169312,1
-6rXp3zJ3kc/8,9,2.3040000000000003,2.56,1.0,1,25,1,1,0.0,7,7,1.0,0.934333860874176,1
-6rXp3zJ3kc/8,10,2.56,2.816,0.703125,1,26,1,1,0.0,8,8,1.0,0.9293276071548462,1
-6rXp3zJ3kc/8,11,2.816,3.072,0.0,0,25,1,1,0.0,8,8,1.0,0.9304182529449463,1
-6rXp3zJ3kc/8,12,3.072,3.3280000000000003,0.5,1,26,1,1,0.0,7,7,1.0,0.9309791326522827,1
-6rXp3zJ3kc/8,13,3.3280000000000003,3.584,1.0,1,26,1,1,0.0,8,8,1.0,0.9300566911697388,1
-6rXp3zJ3kc/8,14,3.584,3.84,1.0,1,25,1,1,0.0,8,8,1.0,0.9302164316177368,1
-6rXp3zJ3kc/8,15,3.84,4.096,1.0,1,26,1,1,0.0,7,7,1.0,0.9289385080337524,1
-6rXp3zJ3kc/8,16,4.096,4.352,1.0,1,25,1,1,0.0,8,8,1.0,0.926795244216919,1
-6rXp3zJ3kc/8,17,4.352,4.6080000000000005,1.0,1,26,1,1,0.0,8,8,1.0,0.9272514581680298,1
-6rXp3zJ3kc/8,18,4.6080000000000005,4.864,1.0,1,26,1,1,0.0,7,7,1.0,0.9290643334388733,1
-6rXp3zJ3kc/8,19,4.864,5.12,1.0,1,25,1,1,0.0,8,8,1.0,0.9301650524139404,1
-6rXp3zJ3kc/8,20,5.12,5.376,1.0,1,26,1,1,0.0,8,8,1.0,0.9314872026443481,1
-6rXp3zJ3kc/8,21,5.376,5.632,0.2109375,1,25,1,1,0.0,7,7,1.0,0.9320229291915894,1
-6rXp3zJ3kc/8,22,5.632,5.888,0.6953125,1,26,1,1,0.0,8,8,1.0,0.9321355819702148,1
-6rXp3zJ3kc/8,23,5.888,6.144,1.0,1,26,1,1,0.0,8,8,1.0,0.9276034832000732,1
-6rXp3zJ3kc/8,24,6.144,6.4,1.0,1,25,1,1,0.0,7,7,1.0,0.925567626953125,1
-6rXp3zJ3kc/8,25,6.4,6.656000000000001,1.0,1,26,1,1,0.0,8,8,1.0,0.9266047477722168,1
-6rXp3zJ3kc/8,26,6.656000000000001,6.912,1.0,1,25,1,1,0.0,8,8,1.0,0.9257826805114746,1
-6rXp3zJ3kc/8,27,6.912,7.168,1.0,1,26,1,1,0.0,8,8,1.0,0.9256834983825684,1
-6rXp3zJ3kc/8,28,7.168,7.424,1.0,1,26,1,1,0.0,7,7,1.0,0.924401581287384,1
-6rXp3zJ3kc/8,29,7.424,7.68,0.7265625,1,25,1,1,0.0,8,8,1.0,0.9281405210494995,1
-6rXp3zJ3kc/8,30,7.68,7.936,0.0,0,26,1,1,0.0,8,8,1.0,0.9239413738250732,1
-6rXp3zJ3kc/8,31,7.936,8.192,0.0,0,25,1,1,0.0,7,7,1.0,0.9323161244392395,1
-6rXp3zJ3kc/8,32,8.192,8.448,0.96875,1,26,1,1,0.0,8,8,1.0,0.9322620630264282,1
-6rXp3zJ3kc/8,33,8.448,8.704,1.0,1,26,1,1,0.0,8,8,1.0,0.9315894842147827,1
-6rXp3zJ3kc/8,34,8.704,8.96,1.0,1,25,1,1,0.0,7,7,1.0,0.9312426447868347,1
-6rXp3zJ3kc/8,35,8.96,9.216000000000001,0.703125,1,26,1,1,0.0,8,8,1.0,0.9325077533721924,1
-6rXp3zJ3kc/8,36,9.216000000000001,9.472,0.828125,1,25,1,1,0.0,8,8,1.0,0.933143138885498,1
-6rXp3zJ3kc/8,37,9.472,9.728,1.0,1,26,1,1,0.0,7,7,1.0,0.9330971837043762,1
-6rXp3zJ3kc/8,38,9.728,9.984,1.0,1,26,1,1,0.0,8,8,1.0,0.9245440363883972,1
-6rXp3zJ3kc/8,39,9.984,10.24,1.0,1,25,1,1,0.0,8,8,1.0,0.9299840927124023,1
-6rXp3zJ3kc/8,40,10.24,10.496,1.0,1,26,1,1,0.0,7,7,1.0,0.9328356981277466,1
-6rXp3zJ3kc/8,41,10.496,10.752,1.0,1,25,1,1,0.0,8,8,1.0,0.9327552318572998,1
-6rXp3zJ3kc/8,42,10.752,11.008000000000001,1.0,1,26,1,1,0.0,8,8,1.0,0.9307129383087158,1
-6rXp3zJ3kc/8,43,11.008000000000001,11.264,1.0,1,26,1,1,0.0,7,7,1.0,0.9272580742835999,1
-6rXp3zJ3kc/8,44,11.264,11.52,1.0,1,25,1,1,0.0,8,8,1.0,0.9259551763534546,1
-6rXp3zJ3kc/8,45,11.52,11.776,1.0,1,26,1,1,0.0,8,8,1.0,0.9295969009399414,1
-6rXp3zJ3kc/8,46,11.776,12.032,1.0,1,25,1,1,0.0,7,7,1.0,0.9306052327156067,1
-6rXp3zJ3kc/8,47,12.032,12.288,0.734375,1,26,1,1,0.0,8,8,1.0,0.9266074895858765,1
-6rXp3zJ3kc/8,48,12.288,12.544,0.0,0,26,1,1,0.0,8,8,1.0,0.9142026901245117,1
-6rXp3zJ3kc/8,49,12.544,12.8,0.0,0,18,1,1,0.0,7,7,1.0,0.9019479155540466,1
-9y-fZ3swSY/0,0,0.0,0.13799999999999998,1.0,1,13,1,1,0.38461539149284363,5,5,1.0,0.942803680896759,1
-9y-fZ3swSY/0,1,0.13799999999999998,0.27599999999999997,1.0,1,14,1,1,0.1428571492433548,4,4,1.0,0.9411295652389526,1
-9y-fZ3swSY/0,2,0.27599999999999997,0.4139999999999999,1.0,1,14,1,1,0.8571428656578064,4,4,1.0,0.9391773343086243,1
-9y-fZ3swSY/0,3,0.4139999999999999,0.5519999999999999,1.0,1,13,1,1,0.23076923191547394,4,4,1.0,0.9349303245544434,1
-9y-fZ3swSY/0,4,0.5519999999999999,0.69,1.0,1,14,1,1,0.9285714030265808,4,4,1.0,0.9255929589271545,1
-9y-fZ3swSY/0,5,0.69,0.8279999999999998,1.0,1,14,1,1,0.0,4,4,1.0,0.9236382842063904,1
-9y-fZ3swSY/0,6,0.8279999999999998,0.9659999999999999,1.0,1,14,1,1,0.1428571492433548,4,4,1.0,0.9246445894241333,1
-9y-fZ3swSY/0,7,0.9659999999999999,1.1039999999999999,1.0,1,14,1,1,0.0,5,5,1.0,0.9244014620780945,1
-9y-fZ3swSY/0,8,1.1039999999999999,1.2419999999999998,0.5507246255874634,1,13,1,1,0.07692307978868484,4,4,1.0,0.921492338180542,1
-9y-fZ3swSY/0,9,1.2419999999999998,1.38,0.0,0,14,1,1,0.0,4,4,1.0,0.9246679544448853,1
-9y-fZ3swSY/0,10,1.38,1.5179999999999998,0.0,0,14,1,1,0.0,4,4,1.0,0.9252372980117798,1
-9y-fZ3swSY/0,11,1.5179999999999998,1.6559999999999997,0.0,0,14,1,1,0.6428571343421936,4,4,1.0,0.9248062372207642,1
-9y-fZ3swSY/0,12,1.6559999999999997,1.7939999999999998,0.0,0,14,1,1,0.5714285969734192,4,4,1.0,0.9250934720039368,1
-9y-fZ3swSY/0,13,1.7939999999999998,1.9319999999999997,0.23188406229019165,1,13,1,1,0.0,4,4,1.0,0.9260566830635071,1
-9y-fZ3swSY/0,14,1.9319999999999997,2.07,1.0,1,14,1,1,0.4285714328289032,5,5,1.0,0.9266626238822937,1
-9y-fZ3swSY/0,15,2.07,2.2079999999999997,1.0,1,14,1,1,0.6428571343421936,4,4,1.0,0.9292298555374146,1
-9y-fZ3swSY/0,16,2.2079999999999997,2.3459999999999996,1.0,1,14,1,1,0.1428571492433548,4,4,1.0,0.9289677143096924,1
-9y-fZ3swSY/0,17,2.3459999999999996,2.4839999999999995,1.0,1,14,1,1,0.3571428656578064,4,4,1.0,0.9317249655723572,1
-9y-fZ3swSY/0,18,2.4839999999999995,2.622,1.0,1,13,1,1,0.07692307978868484,4,4,1.0,0.9333028793334961,1
-9y-fZ3swSY/0,19,2.622,2.76,1.0,1,14,1,1,0.0,4,4,1.0,0.9340746402740479,1
-9y-fZ3swSY/0,20,2.76,2.8979999999999997,0.14492753148078918,1,14,1,1,0.0,4,4,1.0,0.9339603185653687,1
-9y-fZ3swSY/0,21,2.8979999999999997,3.0359999999999996,0.695652186870575,1,14,1,1,0.0714285746216774,5,5,1.0,0.937916100025177,1
-9y-fZ3swSY/0,22,3.0359999999999996,3.1739999999999995,1.0,1,14,1,1,0.5714285969734192,4,4,1.0,0.9308912754058838,1
-9y-fZ3swSY/0,23,3.1739999999999995,3.3119999999999994,1.0,1,13,1,1,0.692307710647583,4,4,1.0,0.931956946849823,1
-9y-fZ3swSY/0,24,3.3119999999999994,3.4499999999999997,1.0,1,14,1,1,0.0,4,4,1.0,0.9403856992721558,1
-9y-fZ3swSY/0,25,3.4499999999999997,3.5879999999999996,1.0,1,14,1,1,0.2142857164144516,4,4,1.0,0.9399706125259399,1
-9y-fZ3swSY/0,26,3.5879999999999996,3.7259999999999995,1.0,1,14,1,1,0.0714285746216774,4,4,1.0,0.9413461685180664,1
-9y-fZ3swSY/0,27,3.7259999999999995,3.8639999999999994,1.0,1,14,1,1,0.2142857164144516,4,4,1.0,0.9413636922836304,1
-9y-fZ3swSY/0,28,3.8639999999999994,4.002,1.0,1,13,1,1,0.3076923191547394,5,5,1.0,0.9461439847946167,1
-9y-fZ3swSY/0,29,4.002,4.14,1.0,1,14,1,1,0.0714285746216774,4,4,1.0,0.946830153465271,1
-9y-fZ3swSY/0,30,4.14,4.278,1.0,1,14,1,1,0.0,4,4,1.0,0.9490801095962524,1
-9y-fZ3swSY/0,31,4.278,4.4159999999999995,1.0,1,14,1,1,0.0714285746216774,4,4,1.0,0.9476434588432312,1
-9y-fZ3swSY/0,32,4.4159999999999995,4.553999999999999,1.0,1,14,1,1,0.1428571492433548,4,4,1.0,0.9499117136001587,1
-9y-fZ3swSY/0,33,4.553999999999999,4.691999999999999,1.0,1,13,1,1,0.0,4,4,1.0,0.9427477121353149,1
-9y-fZ3swSY/0,34,4.691999999999999,4.829999999999999,1.0,1,14,1,1,0.4285714328289032,4,4,1.0,0.9281196594238281,1
-9y-fZ3swSY/0,35,4.829999999999999,4.967999999999999,1.0,1,14,1,1,0.6428571343421936,5,5,1.0,0.9275428056716919,1
-9y-fZ3swSY/0,36,4.967999999999999,5.105999999999999,1.0,1,14,1,1,0.2857142984867096,4,4,1.0,0.9254905581474304,1
-9y-fZ3swSY/0,37,5.105999999999999,5.244,1.0,1,14,1,1,0.7857142686843872,4,4,1.0,0.9304459691047668,1
-9y-fZ3swSY/0,38,5.244,5.382,1.0,1,13,1,1,0.3076923191547394,4,4,1.0,0.9330725073814392,1
-9y-fZ3swSY/0,39,5.382,5.52,1.0,1,14,1,1,0.7142857313156128,4,4,1.0,0.9345796704292297,1
-9y-fZ3swSY/0,40,5.52,5.6579999999999995,1.0,1,14,1,1,0.0,4,4,1.0,0.935685932636261,1
-9y-fZ3swSY/0,41,5.6579999999999995,5.795999999999999,1.0,1,14,1,1,0.7142857313156128,4,4,1.0,0.9330283403396606,1
-9y-fZ3swSY/0,42,5.795999999999999,5.933999999999999,1.0,1,14,1,1,0.4285714328289032,5,5,1.0,0.9308363199234009,1
-9y-fZ3swSY/0,43,5.933999999999999,6.071999999999999,1.0,1,13,1,1,0.0,4,4,1.0,0.9297351241111755,1
-9y-fZ3swSY/0,44,6.071999999999999,6.209999999999999,1.0,1,14,1,1,0.2142857164144516,4,4,1.0,0.9307003617286682,1
-9y-fZ3swSY/0,45,6.209999999999999,6.347999999999999,1.0,1,14,1,1,0.0714285746216774,4,4,1.0,0.9303291440010071,1
-9y-fZ3swSY/0,46,6.347999999999999,6.485999999999999,1.0,1,14,1,1,0.0,4,4,1.0,0.9281072020530701,1
-9y-fZ3swSY/0,47,6.485999999999999,6.623999999999999,0.5362318754196167,1,14,1,1,0.3571428656578064,4,4,1.0,0.9254367351531982,1
-9y-fZ3swSY/0,48,6.623999999999999,6.762,0.0,0,12,1,1,1.0,4,4,1.0,0.9293137788772583,1
-9y-fZ3swSY/0,49,6.762,6.8999999999999995,0.0,0,0,0,0,0.0,2,2,1.0,0.935014009475708,1
-9y-fZ3swSY/4,0,0.0,0.055999999999999994,0.0,0,5,1,1,0.0,2,0,0.0,0.0,0
-9y-fZ3swSY/4,1,0.055999999999999994,0.11199999999999999,0.0,0,5,1,1,0.0,2,2,1.0,0.9310075640678406,1
-9y-fZ3swSY/4,2,0.11199999999999999,0.16799999999999998,0.0,0,6,1,1,0.0,2,2,1.0,0.9319619536399841,1
-9y-fZ3swSY/4,3,0.16799999999999998,0.22399999999999998,0.0,0,6,1,1,0.0,1,1,1.0,0.9316941499710083,1
-9y-fZ3swSY/4,4,0.22399999999999998,0.27999999999999997,0.0,0,5,1,1,0.0,2,2,1.0,0.9338144063949585,1
-9y-fZ3swSY/4,5,0.27999999999999997,0.33599999999999997,0.6428571343421936,1,6,1,1,0.0,2,1,0.5,0.9371342062950134,1
-9y-fZ3swSY/4,6,0.33599999999999997,0.39199999999999996,1.0,1,5,1,1,0.0,1,0,0.0,0.0,0
-9y-fZ3swSY/4,7,0.39199999999999996,0.44799999999999995,1.0,1,6,1,1,0.0,2,2,1.0,0.9386035799980164,1
-9y-fZ3swSY/4,8,0.44799999999999995,0.504,1.0,1,6,1,1,0.0,2,0,0.0,0.0,0
-9y-fZ3swSY/4,9,0.504,0.5599999999999999,1.0,1,5,1,1,0.0,1,1,1.0,0.9358334541320801,1
-9y-fZ3swSY/4,10,0.5599999999999999,0.6159999999999999,1.0,1,6,1,1,0.0,2,2,1.0,0.932004451751709,1
-9y-fZ3swSY/4,11,0.6159999999999999,0.6719999999999999,1.0,1,5,1,1,1.0,2,2,1.0,0.9295076131820679,1
-9y-fZ3swSY/4,12,0.6719999999999999,0.728,1.0,1,6,1,1,1.0,1,1,1.0,0.9281368851661682,1
-9y-fZ3swSY/4,13,0.728,0.7839999999999999,1.0,1,6,1,1,0.6666666865348816,2,2,1.0,0.9294596910476685,1
-9y-fZ3swSY/4,14,0.7839999999999999,0.8399999999999999,1.0,1,5,1,1,1.0,2,2,1.0,0.93119215965271,1
-9y-fZ3swSY/4,15,0.8399999999999999,0.8959999999999999,1.0,1,6,1,1,0.5,1,1,1.0,0.9311979413032532,1
-9y-fZ3swSY/4,16,0.8959999999999999,0.952,1.0,1,5,1,1,0.0,2,2,1.0,0.9313589930534363,1
-9y-fZ3swSY/4,17,0.952,1.008,1.0,1,6,1,1,0.0,2,2,1.0,0.934683620929718,1
-9y-fZ3swSY/4,18,1.008,1.0639999999999998,1.0,1,6,1,1,0.6666666865348816,1,1,1.0,0.9366684556007385,1
-9y-fZ3swSY/4,19,1.0639999999999998,1.1199999999999999,1.0,1,5,1,1,1.0,2,2,1.0,0.935897946357727,1
-9y-fZ3swSY/4,20,1.1199999999999999,1.176,1.0,1,6,1,1,0.8333333134651184,2,2,1.0,0.938677191734314,1
-9y-fZ3swSY/4,21,1.176,1.2319999999999998,1.0,1,5,1,1,0.4000000059604645,1,1,1.0,0.9368476271629333,1
-9y-fZ3swSY/4,22,1.2319999999999998,1.2879999999999998,1.0,1,6,1,1,0.0,2,2,1.0,0.9373403787612915,1
-9y-fZ3swSY/4,23,1.2879999999999998,1.3439999999999999,1.0,1,6,1,1,0.0,2,2,1.0,0.9412149786949158,1
-9y-fZ3swSY/4,24,1.3439999999999999,1.4,1.0,1,5,1,1,0.0,1,1,1.0,0.9354326128959656,1
-9y-fZ3swSY/4,25,1.4,1.456,1.0,1,6,1,1,0.0,2,2,1.0,0.9311359524726868,1
-9y-fZ3swSY/4,26,1.456,1.5119999999999998,1.0,1,5,1,1,0.0,2,2,1.0,0.9428848028182983,1
-9y-fZ3swSY/4,27,1.5119999999999998,1.5679999999999998,1.0,1,6,1,1,0.0,2,1,0.5,0.9364956021308899,1
-9y-fZ3swSY/4,28,1.5679999999999998,1.6239999999999999,1.0,1,6,1,1,0.0,1,1,1.0,0.9332544207572937,1
-9y-fZ3swSY/4,29,1.6239999999999999,1.6799999999999997,0.4642857015132904,1,5,1,1,0.0,2,2,1.0,0.9350528717041016,1
-9y-fZ3swSY/4,30,1.6799999999999997,1.7359999999999998,0.0,0,6,1,1,0.0,2,2,1.0,0.9357814788818359,1
-9y-fZ3swSY/4,31,1.7359999999999998,1.7919999999999998,0.5714285969734192,1,5,1,1,0.0,1,1,1.0,0.9418720006942749,1
-9y-fZ3swSY/4,32,1.7919999999999998,1.8479999999999999,1.0,1,6,1,1,0.0,2,2,1.0,0.936630129814148,1
-9y-fZ3swSY/4,33,1.8479999999999999,1.904,1.0,1,6,1,1,0.6666666865348816,2,2,1.0,0.9363632202148438,1
-9y-fZ3swSY/4,34,1.904,1.9599999999999997,1.0,1,5,1,1,0.4000000059604645,1,1,1.0,0.9332415461540222,1
-9y-fZ3swSY/4,35,1.9599999999999997,2.016,1.0,1,6,1,1,0.3333333432674408,2,2,1.0,0.9277653694152832,1
-9y-fZ3swSY/4,36,2.016,2.0719999999999996,1.0,1,5,1,1,0.4000000059604645,2,2,1.0,0.9316092133522034,1
-9y-fZ3swSY/4,37,2.0719999999999996,2.1279999999999997,1.0,1,6,1,1,0.3333333432674408,1,1,1.0,0.9367262125015259,1
-9y-fZ3swSY/4,38,2.1279999999999997,2.1839999999999997,1.0,1,6,1,1,0.3333333432674408,2,2,1.0,0.9348093271255493,1
-9y-fZ3swSY/4,39,2.1839999999999997,2.2399999999999998,1.0,1,5,1,1,0.0,2,2,1.0,0.9345338344573975,1
-9y-fZ3swSY/4,40,2.2399999999999998,2.296,1.0,1,6,1,1,0.0,1,1,1.0,0.9330798387527466,1
-9y-fZ3swSY/4,41,2.296,2.352,1.0,1,5,1,1,0.0,2,2,1.0,0.9325296878814697,1
-9y-fZ3swSY/4,42,2.352,2.408,1.0,1,6,1,1,0.0,2,2,1.0,0.9447845220565796,1
-9y-fZ3swSY/4,43,2.408,2.4639999999999995,1.0,1,6,1,1,0.0,1,1,1.0,0.9427998065948486,1
-9y-fZ3swSY/4,44,2.4639999999999995,2.5199999999999996,1.0,1,5,1,1,0.0,2,2,1.0,0.9330622553825378,1
-9y-fZ3swSY/4,45,2.5199999999999996,2.5759999999999996,1.0,1,6,1,1,0.0,2,2,1.0,0.9371498823165894,1
-9y-fZ3swSY/4,46,2.5759999999999996,2.6319999999999997,0.9642857313156128,1,5,1,1,0.0,1,1,1.0,0.9387728571891785,1
-9y-fZ3swSY/4,47,2.6319999999999997,2.6879999999999997,0.0,0,2,1,1,0.0,1,1,1.0,0.9386814832687378,1
-9y-fZ3swSY/4,48,2.6879999999999997,2.7439999999999998,0.0,0,0,0,0,0.0,0,0,0.0,0.0,0
-9y-fZ3swSY/4,49,2.7439999999999998,2.8,0.0,0,0,0,0,0.0,1,1,1.0,0.93537437915802,1
-9y-fZ3swSY/8,0,0.0,0.09933333333333333,0.0,0,9,1,1,0.0,3,2,0.6666666865348816,0.9240669012069702,1
-9y-fZ3swSY/8,1,0.09933333333333333,0.19866666666666666,0.0,0,10,1,1,0.0,3,0,0.0,0.0,0
-9y-fZ3swSY/8,2,0.19866666666666666,0.298,0.281879186630249,1,10,1,1,0.0,3,0,0.0,0.0,0
-9y-fZ3swSY/8,3,0.298,0.3973333333333333,1.0,1,10,1,1,0.0,3,3,1.0,0.9272487759590149,1
-9y-fZ3swSY/8,4,0.3973333333333333,0.49666666666666665,0.8322147727012634,1,10,1,1,0.0,3,0,0.0,0.0,0
-9y-fZ3swSY/8,5,0.49666666666666665,0.596,0.6644295454025269,1,10,1,1,0.0,3,0,0.0,0.0,0
-9y-fZ3swSY/8,6,0.596,0.6953333333333334,0.24161073565483093,1,10,1,1,0.30000001192092896,3,0,0.0,0.0,0
-9y-fZ3swSY/8,7,0.6953333333333334,0.7946666666666666,0.0,0,10,1,1,0.0,3,3,1.0,0.9179080128669739,1
-9y-fZ3swSY/8,8,0.7946666666666666,0.8939999999999999,0.04026845470070839,1,10,1,1,0.0,3,3,1.0,0.9196941256523132,1
-9y-fZ3swSY/8,9,0.8939999999999999,0.9933333333333333,1.0,1,10,1,1,0.30000001192092896,3,3,1.0,0.9211139678955078,1
-9y-fZ3swSY/8,10,0.9933333333333333,1.0926666666666667,1.0,1,10,1,1,0.5,3,3,1.0,0.9266039729118347,1
-9y-fZ3swSY/8,11,1.0926666666666667,1.192,1.0,1,9,1,1,0.6666666865348816,3,1,0.3333333432674408,0.9255182147026062,1
-9y-fZ3swSY/8,12,1.192,1.2913333333333332,0.08053690940141678,1,10,1,1,0.0,3,1,0.3333333432674408,0.9188821911811829,1
-9y-fZ3swSY/8,13,1.2913333333333332,1.3906666666666667,0.6107382774353027,1,10,1,1,0.0,3,1,0.3333333432674408,0.9184126257896423,1
-9y-fZ3swSY/8,14,1.3906666666666667,1.49,1.0,1,10,1,1,0.30000001192092896,3,1,0.3333333432674408,0.9216198921203613,1
-9y-fZ3swSY/8,15,1.49,1.5893333333333333,1.0,1,10,1,1,0.4000000059604645,3,1,0.3333333432674408,0.9073816537857056,1
-9y-fZ3swSY/8,16,1.5893333333333333,1.6886666666666665,1.0,1,10,1,1,0.0,3,0,0.0,0.0,0
-9y-fZ3swSY/8,17,1.6886666666666665,1.7879999999999998,1.0,1,10,1,1,0.0,3,0,0.0,0.0,0
-9y-fZ3swSY/8,18,1.7879999999999998,1.8873333333333333,0.42281877994537354,1,10,1,1,0.0,3,2,0.6666666865348816,0.9187099933624268,1
-9y-fZ3swSY/8,19,1.8873333333333333,1.9866666666666666,0.0,0,10,1,1,0.0,3,0,0.0,0.0,0
-9y-fZ3swSY/8,20,1.9866666666666666,2.086,0.0,0,10,1,1,0.0,3,0,0.0,0.0,0
-9y-fZ3swSY/8,21,2.086,2.1853333333333333,0.9597315192222595,1,10,1,1,0.20000000298023224,3,1,0.3333333432674408,0.9127026200294495,1
-9y-fZ3swSY/8,22,2.1853333333333333,2.2846666666666664,1.0,1,10,1,1,0.4000000059604645,3,0,0.0,0.0,0
-9y-fZ3swSY/8,23,2.2846666666666664,2.384,1.0,1,10,1,1,0.0,3,0,0.0,0.0,0
-9y-fZ3swSY/8,24,2.384,2.4833333333333334,1.0,1,10,1,1,0.10000000149011612,3,1,0.3333333432674408,0.9001510739326477,1
-9y-fZ3swSY/8,25,2.4833333333333334,2.5826666666666664,1.0,1,10,1,1,0.30000001192092896,3,0,0.0,0.0,0
-9y-fZ3swSY/8,26,2.5826666666666664,2.682,1.0,1,9,1,1,0.0,3,0,0.0,0.0,0
-9y-fZ3swSY/8,27,2.682,2.7813333333333334,1.0,1,10,1,1,0.20000000298023224,3,0,0.0,0.0,0
-9y-fZ3swSY/8,28,2.7813333333333334,2.8806666666666665,1.0,1,10,1,1,0.0,3,1,0.3333333432674408,0.9144946932792664,1
-9y-fZ3swSY/8,29,2.8806666666666665,2.98,1.0,1,10,1,1,0.10000000149011612,3,0,0.0,0.0,0
-9y-fZ3swSY/8,30,2.98,3.079333333333333,1.0,1,10,1,1,0.0,3,0,0.0,0.0,0
-9y-fZ3swSY/8,31,3.079333333333333,3.1786666666666665,0.5973154306411743,1,10,1,1,0.0,3,0,0.0,0.0,0
-9y-fZ3swSY/8,32,3.1786666666666665,3.278,1.0,1,10,1,1,0.0,3,0,0.0,0.0,0
-9y-fZ3swSY/8,33,3.278,3.377333333333333,1.0,1,10,1,1,0.10000000149011612,3,0,0.0,0.0,0
-9y-fZ3swSY/8,34,3.377333333333333,3.4766666666666666,1.0,1,10,1,1,0.0,3,0,0.0,0.0,0
-9y-fZ3swSY/8,35,3.4766666666666666,3.5759999999999996,1.0,1,10,1,1,0.0,3,0,0.0,0.0,0
-9y-fZ3swSY/8,36,3.5759999999999996,3.675333333333333,1.0,1,10,1,1,0.0,3,0,0.0,0.0,0
-9y-fZ3swSY/8,37,3.675333333333333,3.7746666666666666,0.34899330139160156,1,10,1,1,0.0,3,0,0.0,0.0,0
-9y-fZ3swSY/8,38,3.7746666666666666,3.8739999999999997,0.0,0,10,1,1,0.0,3,0,0.0,0.0,0
-9y-fZ3swSY/8,39,3.8739999999999997,3.973333333333333,0.0,0,10,1,1,0.0,3,0,0.0,0.0,0
-9y-fZ3swSY/8,40,3.973333333333333,4.072666666666667,0.8322147727012634,1,10,1,1,0.4000000059604645,3,0,0.0,0.0,0
-9y-fZ3swSY/8,41,4.072666666666667,4.172,1.0,1,9,1,1,0.2222222238779068,3,1,0.3333333432674408,0.9289076924324036,1
-9y-fZ3swSY/8,42,4.172,4.271333333333333,1.0,1,10,1,1,0.0,3,3,1.0,0.9254774451255798,1
-9y-fZ3swSY/8,43,4.271333333333333,4.370666666666667,1.0,1,10,1,1,0.0,3,3,1.0,0.9268608093261719,1
-9y-fZ3swSY/8,44,4.370666666666667,4.47,0.899328887462616,1,10,1,1,0.0,3,2,0.6666666865348816,0.9189321398735046,1
-9y-fZ3swSY/8,45,4.47,4.569333333333333,0.0,0,10,1,1,0.0,3,3,1.0,0.9199345707893372,1
-9y-fZ3swSY/8,46,4.569333333333333,4.668666666666667,0.0,0,10,1,1,0.0,3,1,0.3333333432674408,0.9241787195205688,1
-9y-fZ3swSY/8,47,4.668666666666667,4.768,0.0,0,10,1,1,0.0,3,0,0.0,0.0,0
-9y-fZ3swSY/8,48,4.768,4.867333333333333,0.0,0,10,1,1,0.8999999761581421,3,1,0.3333333432674408,0.9163791537284851,1
-9y-fZ3swSY/8,49,4.867333333333333,4.966666666666667,0.0,0,4,1,1,0.5,2,0,0.0,0.0,0
-AUZQgSxyPQ/2,0,0.0,0.45,0.0,0,44,1,1,0.0,14,14,1.0,0.9258024096488953,1
-AUZQgSxyPQ/2,1,0.45,0.9,0.8888888955116272,1,45,1,1,0.06666667014360428,13,13,1.0,0.9251261949539185,1
-AUZQgSxyPQ/2,2,0.9,1.35,1.0,1,45,1,1,0.0,14,14,1.0,0.9237877130508423,1
-AUZQgSxyPQ/2,3,1.35,1.8,1.0,1,45,1,1,0.0,13,13,1.0,0.9293568134307861,1
-AUZQgSxyPQ/2,4,1.8,2.25,1.0,1,45,1,1,0.0,14,14,1.0,0.927276074886322,1
-AUZQgSxyPQ/2,5,2.25,2.7,0.6000000238418579,1,45,1,1,0.0,13,13,1.0,0.9286810755729675,1
-AUZQgSxyPQ/2,6,2.7,3.15,0.31111112236976624,1,45,1,1,0.0,14,14,1.0,0.9310556054115295,1
-AUZQgSxyPQ/2,7,3.15,3.6,0.7555555701255798,1,45,1,1,0.0,13,13,1.0,0.9317401647567749,1
-AUZQgSxyPQ/2,8,3.6,4.05,1.0,1,45,1,1,0.0,14,14,1.0,0.9252995848655701,1
-AUZQgSxyPQ/2,9,4.05,4.5,0.5777778029441833,1,45,1,1,0.0,13,13,1.0,0.9277302622795105,1
-AUZQgSxyPQ/2,10,4.5,4.95,0.0,0,45,1,1,0.0,14,14,1.0,0.9250718355178833,1
-AUZQgSxyPQ/2,11,4.95,5.4,1.0,1,45,1,1,0.0,13,13,1.0,0.923339307308197,1
-AUZQgSxyPQ/2,12,5.4,5.8500000000000005,0.5555555820465088,1,45,1,1,0.0,14,14,1.0,0.9261878728866577,1
-AUZQgSxyPQ/2,13,5.8500000000000005,6.3,1.0,1,45,1,1,0.0,13,13,1.0,0.9285183548927307,1
-AUZQgSxyPQ/2,14,6.3,6.75,1.0,1,45,1,1,0.0,14,14,1.0,0.9301146268844604,1
-AUZQgSxyPQ/2,15,6.75,7.2,1.0,1,45,1,1,0.0,13,13,1.0,0.9341872334480286,1
-AUZQgSxyPQ/2,16,7.2,7.65,0.9333333373069763,1,45,1,1,0.0,14,14,1.0,0.9329325556755066,1
-AUZQgSxyPQ/2,17,7.65,8.1,1.0,1,45,1,1,0.08888889104127884,13,13,1.0,0.9312705993652344,1
-AUZQgSxyPQ/2,18,8.1,8.55,0.3777777850627899,1,45,1,1,0.0,14,14,1.0,0.9365562796592712,1
-AUZQgSxyPQ/2,19,8.55,9.0,0.5333333611488342,1,45,1,1,0.0,13,13,1.0,0.9336452484130859,1
-AUZQgSxyPQ/2,20,9.0,9.450000000000001,0.5555555820465088,1,45,1,1,0.0,14,14,1.0,0.9321980476379395,1
-AUZQgSxyPQ/2,21,9.450000000000001,9.9,1.0,1,45,1,1,0.0,13,13,1.0,0.9305881261825562,1
-AUZQgSxyPQ/2,22,9.9,10.35,0.2222222238779068,1,45,1,1,0.0,14,14,1.0,0.9337786436080933,1
-AUZQgSxyPQ/2,23,10.35,10.8,1.0,1,45,1,1,0.0,13,13,1.0,0.9315707087516785,1
-AUZQgSxyPQ/2,24,10.8,11.25,0.4000000059604645,1,45,1,1,0.0,14,14,1.0,0.9254905581474304,1
-AUZQgSxyPQ/2,25,11.25,11.700000000000001,0.8666666746139526,1,45,1,1,0.0,14,14,1.0,0.9193717837333679,1
-AUZQgSxyPQ/2,26,11.700000000000001,12.15,0.0,0,45,1,1,0.0,13,13,1.0,0.9237900972366333,1
-AUZQgSxyPQ/2,27,12.15,12.6,0.5555555820465088,1,45,1,1,0.0,13,13,1.0,0.928786039352417,1
-AUZQgSxyPQ/2,28,12.6,13.05,1.0,1,45,1,1,0.0,14,14,1.0,0.9265347123146057,1
-AUZQgSxyPQ/2,29,13.05,13.5,0.42222222685813904,1,45,1,1,0.0,13,13,1.0,0.9289658069610596,1
-AUZQgSxyPQ/2,30,13.5,13.950000000000001,0.9777777791023254,1,45,1,1,0.0,14,14,1.0,0.9286380410194397,1
-AUZQgSxyPQ/2,31,13.950000000000001,14.4,1.0,1,45,1,1,0.0,13,13,1.0,0.9298533797264099,1
-AUZQgSxyPQ/2,32,14.4,14.85,0.7777777910232544,1,45,1,1,0.0,14,14,1.0,0.931934654712677,1
-AUZQgSxyPQ/2,33,14.85,15.3,0.7777777910232544,1,45,1,1,0.0,13,13,1.0,0.9343354105949402,1
-AUZQgSxyPQ/2,34,15.3,15.75,0.15555556118488312,1,45,1,1,0.0,14,14,1.0,0.9306154251098633,1
-AUZQgSxyPQ/2,35,15.75,16.2,1.0,1,45,1,1,0.04444444552063942,13,13,1.0,0.9348109364509583,1
-AUZQgSxyPQ/2,36,16.2,16.650000000000002,0.8444399833679199,1,45,1,1,0.0,14,14,1.0,0.932905375957489,1
-AUZQgSxyPQ/2,37,16.650000000000002,17.1,1.0,1,45,1,1,0.04444444552063942,13,13,1.0,0.9330883622169495,1
-AUZQgSxyPQ/2,38,17.1,17.55,0.4666644334793091,1,45,1,1,0.0,14,14,1.0,0.9256018400192261,1
-AUZQgSxyPQ/2,39,17.55,18.0,0.4222244322299957,1,45,1,1,0.0,13,13,1.0,0.9256668090820312,1
-AUZQgSxyPQ/2,40,18.0,18.45,1.0,1,45,1,1,0.02222222276031971,14,14,1.0,0.9325394630432129,1
-AUZQgSxyPQ/2,41,18.45,18.900000000000002,1.0,1,45,1,1,0.0,14,14,1.0,0.9330682754516602,1
-AUZQgSxyPQ/2,42,18.900000000000002,19.35,1.0,1,45,1,1,0.0,13,13,1.0,0.9305164813995361,1
-AUZQgSxyPQ/2,43,19.35,19.8,0.8666666746139526,1,45,1,1,0.0,13,13,1.0,0.9281641244888306,1
-AUZQgSxyPQ/2,44,19.8,20.25,0.2888866662979126,1,45,1,1,0.0,14,14,1.0,0.9301848411560059,1
-AUZQgSxyPQ/2,45,20.25,20.7,0.3555533289909363,1,45,1,1,0.0,13,13,1.0,0.9308735728263855,1
-AUZQgSxyPQ/2,46,20.7,21.150000000000002,0.7777755260467529,1,45,1,1,0.0,14,14,1.0,0.9266195893287659,1
-AUZQgSxyPQ/2,47,21.150000000000002,21.6,0.7777777910232544,1,45,1,1,0.0,13,13,1.0,0.9195047616958618,1
-AUZQgSxyPQ/2,48,21.6,22.05,0.13333334028720856,1,45,1,1,0.0,14,14,1.0,0.9192666411399841,1
-AUZQgSxyPQ/2,49,22.05,22.5,0.0,0,34,1,1,0.0,12,12,1.0,0.9215241074562073,1
-HeZS2-Prhc/2,0,0.0,0.16466666666666666,1.0,1,16,1,1,0.0,5,5,1.0,0.9422233700752258,1
-HeZS2-Prhc/2,1,0.16466666666666666,0.3293333333333333,1.0,1,16,1,1,0.0,5,5,1.0,0.9414704442024231,1
-HeZS2-Prhc/2,2,0.3293333333333333,0.494,1.0,1,17,1,1,0.0,5,5,1.0,0.941250205039978,1
-HeZS2-Prhc/2,3,0.494,0.6586666666666666,0.27935221791267395,1,16,1,1,0.0,5,5,1.0,0.9390984773635864,1
-HeZS2-Prhc/2,4,0.6586666666666666,0.8233333333333333,0.0,0,17,1,1,0.0,5,5,1.0,0.9409095644950867,1
-HeZS2-Prhc/2,5,0.8233333333333333,0.988,0.0,0,16,1,1,0.0,5,5,1.0,0.9443032145500183,1
-HeZS2-Prhc/2,6,0.988,1.1526666666666665,0.0,0,17,1,1,0.0,5,5,1.0,0.9467817544937134,1
-HeZS2-Prhc/2,7,1.1526666666666665,1.3173333333333332,0.40890687704086304,1,16,1,1,0.0,5,5,1.0,0.9451239705085754,1
-HeZS2-Prhc/2,8,1.3173333333333332,1.482,1.0,1,16,1,1,0.75,5,5,1.0,0.944848358631134,1
-HeZS2-Prhc/2,9,1.482,1.6466666666666665,1.0,1,17,1,1,0.47058823704719543,5,5,1.0,0.931207001209259,1
-HeZS2-Prhc/2,10,1.6466666666666665,1.8113333333333332,1.0,1,16,1,1,0.3125,5,5,1.0,0.9334176778793335,1
-HeZS2-Prhc/2,11,1.8113333333333332,1.976,1.0,1,17,1,1,0.23529411852359772,5,5,1.0,0.9314055442810059,1
-HeZS2-Prhc/2,12,1.976,2.1406666666666667,1.0,1,16,1,1,0.25,5,5,1.0,0.9361554980278015,1
-HeZS2-Prhc/2,13,2.1406666666666667,2.305333333333333,1.0,1,17,1,1,0.0,5,5,1.0,0.9420801401138306,1
-HeZS2-Prhc/2,14,2.305333333333333,2.4699999999999998,1.0,1,16,1,1,0.3125,5,5,1.0,0.9396927952766418,1
-HeZS2-Prhc/2,15,2.4699999999999998,2.6346666666666665,1.0,1,17,1,1,0.47058823704719543,5,5,1.0,0.9334300756454468,1
-HeZS2-Prhc/2,16,2.6346666666666665,2.7993333333333332,1.0,1,16,1,1,0.0625,4,4,1.0,0.9405450224876404,1
-HeZS2-Prhc/2,17,2.7993333333333332,2.964,1.0,1,17,1,1,0.23529411852359772,5,5,1.0,0.9391579627990723,1
-HeZS2-Prhc/2,18,2.964,3.1286666666666663,1.0,1,16,1,1,0.125,5,5,1.0,0.9420159459114075,1
-HeZS2-Prhc/2,19,3.1286666666666663,3.293333333333333,1.0,1,17,1,1,0.0,5,5,1.0,0.9452685117721558,1
-HeZS2-Prhc/2,20,3.293333333333333,3.4579999999999997,1.0,1,16,1,1,0.125,5,5,1.0,0.9449988603591919,1
-HeZS2-Prhc/2,21,3.4579999999999997,3.6226666666666665,0.19433198869228363,1,17,1,1,0.0,5,5,1.0,0.9419869184494019,1
-HeZS2-Prhc/2,22,3.6226666666666665,3.787333333333333,0.9554656147956848,1,16,1,1,0.625,5,5,1.0,0.9442745447158813,1
-HeZS2-Prhc/2,23,3.787333333333333,3.952,1.0,1,16,1,1,1.0,5,5,1.0,0.9451876878738403,1
-HeZS2-Prhc/2,24,3.952,4.116666666666666,0.8380566835403442,1,17,1,1,0.3529411852359772,5,5,1.0,0.9454264640808105,1
-HeZS2-Prhc/2,25,4.116666666666666,4.281333333333333,0.8582996129989624,1,16,1,1,0.0625,5,5,1.0,0.9494823217391968,1
-HeZS2-Prhc/2,26,4.281333333333333,4.446,1.0,1,17,1,1,0.3529411852359772,5,5,1.0,0.9500945806503296,1
-HeZS2-Prhc/2,27,4.446,4.610666666666666,1.0,1,16,1,1,0.3125,5,5,1.0,0.9450864791870117,1
-HeZS2-Prhc/2,28,4.610666666666666,4.775333333333333,1.0,1,17,1,1,1.0,5,5,1.0,0.9454936981201172,1
-HeZS2-Prhc/2,29,4.775333333333333,4.9399999999999995,0.6356275081634521,1,16,1,1,0.1875,5,5,1.0,0.945030689239502,1
-HeZS2-Prhc/2,30,4.9399999999999995,5.104666666666667,0.0,0,17,1,1,0.0,5,5,1.0,0.9420936703681946,1
-HeZS2-Prhc/2,31,5.104666666666667,5.269333333333333,0.9068825840950012,1,16,1,1,0.3125,5,5,1.0,0.939182460308075,1
-HeZS2-Prhc/2,32,5.269333333333333,5.433999999999999,1.0,1,17,1,1,0.3529411852359772,5,5,1.0,0.93958580493927,1
-HeZS2-Prhc/2,33,5.433999999999999,5.5986666666666665,1.0,1,16,1,1,0.1875,4,4,1.0,0.9389271140098572,1
-HeZS2-Prhc/2,34,5.5986666666666665,5.763333333333333,1.0,1,17,1,1,0.0,5,5,1.0,0.9403594136238098,1
-HeZS2-Prhc/2,35,5.763333333333333,5.928,0.3441295623779297,1,16,1,1,0.0,5,5,1.0,0.936834990978241,1
-HeZS2-Prhc/2,36,5.928,6.092666666666666,0.0,0,17,1,1,0.0,5,5,1.0,0.9376626014709473,1
-HeZS2-Prhc/2,37,6.092666666666666,6.2573333333333325,0.7732793688774109,1,16,1,1,0.0,5,5,1.0,0.9410077333450317,1
-HeZS2-Prhc/2,38,6.2573333333333325,6.422,1.0,1,16,1,1,0.0,5,5,1.0,0.94322270154953,1
-HeZS2-Prhc/2,39,6.422,6.586666666666666,1.0,1,17,1,1,0.4117647111415863,5,5,1.0,0.9357382655143738,1
-HeZS2-Prhc/2,40,6.586666666666666,6.751333333333333,1.0,1,16,1,1,0.625,5,5,1.0,0.9380720257759094,1
-HeZS2-Prhc/2,41,6.751333333333333,6.9159999999999995,1.0,1,17,1,1,0.23529411852359772,5,5,1.0,0.9340676069259644,1
-HeZS2-Prhc/2,42,6.9159999999999995,7.080666666666666,1.0,1,16,1,1,0.0,5,5,1.0,0.9399862289428711,1
-HeZS2-Prhc/2,43,7.080666666666666,7.245333333333333,1.0,1,17,1,1,0.0,5,5,1.0,0.941496729850769,1
-HeZS2-Prhc/2,44,7.245333333333333,7.409999999999999,1.0,1,16,1,1,0.0,5,5,1.0,0.9396587610244751,1
-HeZS2-Prhc/2,45,7.409999999999999,7.574666666666666,1.0,1,17,1,1,0.0,5,5,1.0,0.9375729560852051,1
-HeZS2-Prhc/2,46,7.574666666666666,7.739333333333333,0.3360323905944824,1,16,1,1,0.0625,5,5,1.0,0.9390468597412109,1
-HeZS2-Prhc/2,47,7.739333333333333,7.904,0.0,0,17,1,1,0.6470588445663452,5,5,1.0,0.9433412551879883,1
-HeZS2-Prhc/2,48,7.904,8.068666666666665,0.0,0,16,1,1,0.0625,5,5,1.0,0.938417911529541,1
-HeZS2-Prhc/2,49,8.068666666666665,8.233333333333333,0.0,0,7,1,1,0.8571428656578064,3,3,1.0,0.9389516711235046,1
-MeTTeMJBNc/0,0,0.0,0.18666666666666668,0.0,0,18,1,0,0.0,6,5,0.8333333134651184,0.9309396743774414,1
-MeTTeMJBNc/0,1,0.18666666666666668,0.37333333333333335,0.0,0,19,1,0,0.0,6,6,1.0,0.9312577247619629,1
-MeTTeMJBNc/0,2,0.37333333333333335,0.56,0.0,0,18,1,1,0.0,5,5,1.0,0.9358627200126648,1
-MeTTeMJBNc/0,3,0.56,0.7466666666666667,0.0,0,19,1,1,0.0,6,6,1.0,0.9324154257774353,1
-MeTTeMJBNc/0,4,0.7466666666666667,0.9333333333333333,0.0,0,19,1,1,0.0,5,5,1.0,0.9300131797790527,1
-MeTTeMJBNc/0,5,0.9333333333333333,1.12,0.8571428656578064,1,18,1,1,0.0,6,6,1.0,0.9286315441131592,1
-MeTTeMJBNc/0,6,1.12,1.3066666666666666,1.0,1,19,1,1,0.0,6,6,1.0,0.9231036305427551,1
-MeTTeMJBNc/0,7,1.3066666666666666,1.4933333333333334,1.0,1,19,1,1,0.0,5,5,1.0,0.9255186915397644,1
-MeTTeMJBNc/0,8,1.4933333333333334,1.6800000000000002,1.0,1,18,1,1,0.0,6,6,1.0,0.9361975789070129,1
-MeTTeMJBNc/0,9,1.6800000000000002,1.8666666666666667,1.0,1,19,1,1,0.0,5,5,1.0,0.9314565658569336,1
-MeTTeMJBNc/0,10,1.8666666666666667,2.0533333333333332,1.0,1,19,1,1,0.0,6,6,1.0,0.9296190738677979,1
-MeTTeMJBNc/0,11,2.0533333333333332,2.24,1.0,1,18,1,1,0.0,6,6,1.0,0.9322063326835632,1
-MeTTeMJBNc/0,12,2.24,2.4266666666666667,1.0,1,19,1,1,0.0,5,5,1.0,0.9311626553535461,1
-MeTTeMJBNc/0,13,2.4266666666666667,2.6133333333333333,1.0,1,19,1,1,0.0,6,6,1.0,0.9281303882598877,1
-MeTTeMJBNc/0,14,2.6133333333333333,2.8000000000000003,1.0,1,18,1,1,0.0,6,6,1.0,0.927349865436554,1
-MeTTeMJBNc/0,15,2.8000000000000003,2.986666666666667,0.9642857313156128,1,19,1,1,0.0,5,5,1.0,0.9315706491470337,1
-MeTTeMJBNc/0,16,2.986666666666667,3.1733333333333333,0.6607142686843872,1,19,1,1,0.0,6,6,1.0,0.9327443242073059,1
-MeTTeMJBNc/0,17,3.1733333333333333,3.3600000000000003,1.0,1,18,1,1,0.0,5,5,1.0,0.9346011877059937,1
-MeTTeMJBNc/0,18,3.3600000000000003,3.546666666666667,1.0,1,19,1,1,0.0,6,6,1.0,0.9345592856407166,1
-MeTTeMJBNc/0,19,3.546666666666667,3.7333333333333334,1.0,1,19,1,1,0.0,5,5,1.0,0.935826301574707,1
-MeTTeMJBNc/0,20,3.7333333333333334,3.9200000000000004,1.0,1,18,1,1,0.0,6,6,1.0,0.9292817115783691,1
-MeTTeMJBNc/0,21,3.9200000000000004,4.1066666666666665,1.0,1,19,1,1,0.0,6,6,1.0,0.9283609986305237,1
-MeTTeMJBNc/0,22,4.1066666666666665,4.293333333333334,1.0,1,19,1,1,0.0,5,5,1.0,0.9247012138366699,1
-MeTTeMJBNc/0,23,4.293333333333334,4.48,1.0,1,18,1,1,0.0,6,6,1.0,0.9186179041862488,1
-MeTTeMJBNc/0,24,4.48,4.666666666666667,1.0,1,19,1,1,0.0,5,5,1.0,0.9165461659431458,1
-MeTTeMJBNc/0,25,4.666666666666667,4.8533333333333335,1.0,1,19,1,1,0.0,6,6,1.0,0.9244807362556458,1
-MeTTeMJBNc/0,26,4.8533333333333335,5.04,1.0,1,18,1,1,0.0555555559694767,6,6,1.0,0.9198079109191895,1
-MeTTeMJBNc/0,27,5.04,5.226666666666667,1.0,1,19,1,1,0.15789473056793213,5,5,1.0,0.9261724352836609,1
-MeTTeMJBNc/0,28,5.226666666666667,5.413333333333334,1.0,1,19,1,1,0.0,6,6,1.0,0.9304409623146057,1
-MeTTeMJBNc/0,29,5.413333333333334,5.6000000000000005,1.0,1,18,1,1,0.0,6,6,1.0,0.9274852871894836,1
-MeTTeMJBNc/0,30,5.6000000000000005,5.786666666666667,1.0,1,19,1,1,0.0,5,5,1.0,0.9298084378242493,1
-MeTTeMJBNc/0,31,5.786666666666667,5.973333333333334,1.0,1,19,1,1,0.0,6,6,1.0,0.9343987107276917,1
-MeTTeMJBNc/0,32,5.973333333333334,6.16,1.0,1,18,1,1,0.0,5,5,1.0,0.9340910911560059,1
-MeTTeMJBNc/0,33,6.16,6.346666666666667,1.0,1,19,1,1,0.0,6,6,1.0,0.9360119700431824,1
-MeTTeMJBNc/0,34,6.346666666666667,6.533333333333333,0.3928571343421936,1,19,1,1,0.0,5,5,1.0,0.9349431991577148,1
-MeTTeMJBNc/0,35,6.533333333333333,6.720000000000001,0.0,0,18,1,1,0.0,6,6,1.0,0.9320184588432312,1
-MeTTeMJBNc/0,36,6.720000000000001,6.906666666666667,0.7321428656578064,1,19,1,1,0.0,6,6,1.0,0.9311255812644958,1
-MeTTeMJBNc/0,37,6.906666666666667,7.093333333333334,1.0,1,19,1,1,0.0,5,5,1.0,0.9284604787826538,1
-MeTTeMJBNc/0,38,7.093333333333334,7.28,1.0,1,18,1,1,0.0,6,6,1.0,0.931833803653717,1
-MeTTeMJBNc/0,39,7.28,7.466666666666667,1.0,1,19,1,1,0.0,5,5,1.0,0.930472731590271,1
-MeTTeMJBNc/0,40,7.466666666666667,7.653333333333333,1.0,1,19,1,1,0.0,6,6,1.0,0.9291080832481384,1
-MeTTeMJBNc/0,41,7.653333333333333,7.840000000000001,1.0,1,18,1,1,0.0,6,6,1.0,0.9334049224853516,1
-MeTTeMJBNc/0,42,7.840000000000001,8.026666666666667,1.0,1,19,1,1,0.0,5,5,1.0,0.9276515245437622,1
-MeTTeMJBNc/0,43,8.026666666666667,8.213333333333333,1.0,1,19,1,1,0.0,6,6,1.0,0.9275739789009094,1
-MeTTeMJBNc/0,44,8.213333333333333,8.4,1.0,1,18,1,1,0.0,5,5,1.0,0.9211101531982422,1
-MeTTeMJBNc/0,45,8.4,8.586666666666668,1.0,1,19,1,1,0.0,6,6,1.0,0.9175203442573547,1
-MeTTeMJBNc/0,46,8.586666666666668,8.773333333333333,0.875,1,19,1,1,0.0,6,6,1.0,0.919651448726654,1
-MeTTeMJBNc/0,47,8.773333333333333,8.96,0.0,0,18,1,1,0.0,5,5,1.0,0.9201238751411438,1
-MeTTeMJBNc/0,48,8.96,9.146666666666667,0.0,0,19,1,1,0.0,6,6,1.0,0.9257578253746033,1
-MeTTeMJBNc/0,49,9.146666666666667,9.333333333333334,0.0,0,6,1,1,0.0,4,4,1.0,0.9204026460647583,1
-MeTTeMJBNc/13,0,0.0,0.10799999999999998,1.0,1,10,1,1,0.5,4,4,1.0,0.9252102375030518,1
-MeTTeMJBNc/13,1,0.10799999999999998,0.21599999999999997,1.0,1,11,1,1,0.27272728085517883,3,3,1.0,0.9295368194580078,1
-MeTTeMJBNc/13,2,0.21599999999999997,0.32399999999999995,1.0,1,11,1,1,0.0,3,3,1.0,0.9273619055747986,1
-MeTTeMJBNc/13,3,0.32399999999999995,0.43199999999999994,1.0,1,10,1,1,0.0,3,3,1.0,0.9264808297157288,1
-MeTTeMJBNc/13,4,0.43199999999999994,0.5399999999999999,1.0,1,11,1,1,0.0,4,4,1.0,0.9245768785476685,1
-MeTTeMJBNc/13,5,0.5399999999999999,0.6479999999999999,0.2777777910232544,1,11,1,1,0.0,3,3,1.0,0.9282726645469666,1
-MeTTeMJBNc/13,6,0.6479999999999999,0.7559999999999999,0.0,0,11,1,1,0.0,3,3,1.0,0.9383130669593811,1
-MeTTeMJBNc/13,7,0.7559999999999999,0.8639999999999999,0.0,0,11,1,1,0.0,3,3,1.0,0.9343970417976379,1
-MeTTeMJBNc/13,8,0.8639999999999999,0.9719999999999999,0.0,0,10,1,1,0.0,4,4,1.0,0.9308798313140869,1
-MeTTeMJBNc/13,9,0.9719999999999999,1.0799999999999998,0.5555555820465088,1,11,1,1,0.0,3,3,1.0,0.9256873726844788,1
-MeTTeMJBNc/13,10,1.0799999999999998,1.1879999999999997,1.0,1,11,1,1,0.0,3,3,1.0,0.9258344769477844,1
-MeTTeMJBNc/13,11,1.1879999999999997,1.2959999999999998,1.0,1,11,1,1,0.0,3,3,1.0,0.9292550086975098,1
-MeTTeMJBNc/13,12,1.2959999999999998,1.404,1.0,1,11,1,1,0.0,4,4,1.0,0.9379643201828003,1
-MeTTeMJBNc/13,13,1.404,1.5119999999999998,1.0,1,10,1,1,0.30000001192092896,3,3,1.0,0.9289671778678894,1
-MeTTeMJBNc/13,14,1.5119999999999998,1.6199999999999997,1.0,1,11,1,1,0.5454545617103577,3,3,1.0,0.9277632236480713,1
-MeTTeMJBNc/13,15,1.6199999999999997,1.7279999999999998,1.0,1,11,1,1,0.0,3,3,1.0,0.925832211971283,1
-MeTTeMJBNc/13,16,1.7279999999999998,1.8359999999999999,1.0,1,11,1,1,0.0,4,4,1.0,0.9243412017822266,1
-MeTTeMJBNc/13,17,1.8359999999999999,1.9439999999999997,1.0,1,11,1,1,0.0,3,3,1.0,0.9214582443237305,1
-MeTTeMJBNc/13,18,1.9439999999999997,2.0519999999999996,1.0,1,10,1,1,0.0,3,3,1.0,0.9229288697242737,1
-MeTTeMJBNc/13,19,2.0519999999999996,2.1599999999999997,1.0,1,11,1,1,0.0,3,3,1.0,0.9173129200935364,1
-MeTTeMJBNc/13,20,2.1599999999999997,2.268,1.0,1,11,1,1,0.0,4,4,1.0,0.924540638923645,1
-MeTTeMJBNc/13,21,2.268,2.3759999999999994,1.0,1,11,1,1,0.0,3,3,1.0,0.9270272254943848,1
-MeTTeMJBNc/13,22,2.3759999999999994,2.4839999999999995,1.0,1,11,1,1,0.09090909361839294,3,3,1.0,0.9291176199913025,1
-MeTTeMJBNc/13,23,2.4839999999999995,2.5919999999999996,1.0,1,10,1,1,0.30000001192092896,3,3,1.0,0.9337196350097656,1
-MeTTeMJBNc/13,24,2.5919999999999996,2.6999999999999997,1.0,1,11,1,1,0.0,3,3,1.0,0.9341004490852356,1
-MeTTeMJBNc/13,25,2.6999999999999997,2.808,1.0,1,11,1,1,0.0,4,4,1.0,0.9354091286659241,1
-MeTTeMJBNc/13,26,2.808,2.9159999999999995,1.0,1,11,1,1,0.0,3,3,1.0,0.9339962601661682,1
-MeTTeMJBNc/13,27,2.9159999999999995,3.0239999999999996,1.0,1,11,1,1,0.0,3,3,1.0,0.9331941604614258,1
-MeTTeMJBNc/13,28,3.0239999999999996,3.1319999999999997,1.0,1,10,1,1,0.0,3,3,1.0,0.934522807598114,1
-MeTTeMJBNc/13,29,3.1319999999999997,3.2399999999999993,0.9074074029922485,1,11,1,1,0.0,4,4,1.0,0.9286598563194275,1
-MeTTeMJBNc/13,30,3.2399999999999993,3.3479999999999994,0.0,0,11,1,1,0.0,3,3,1.0,0.9319391250610352,1
-MeTTeMJBNc/13,31,3.3479999999999994,3.4559999999999995,0.0,0,11,1,1,0.0,3,3,1.0,0.9330874085426331,1
-MeTTeMJBNc/13,32,3.4559999999999995,3.5639999999999996,0.03703703731298447,1,11,1,1,0.0,3,3,1.0,0.9310102462768555,1
-MeTTeMJBNc/13,33,3.5639999999999996,3.6719999999999997,1.0,1,10,1,1,0.0,4,4,1.0,0.9222937226295471,1
-MeTTeMJBNc/13,34,3.6719999999999997,3.7799999999999994,1.0,1,11,1,1,0.0,3,3,1.0,0.9188220500946045,1
-MeTTeMJBNc/13,35,3.7799999999999994,3.8879999999999995,1.0,1,11,1,1,0.0,3,3,1.0,0.9141902923583984,1
-MeTTeMJBNc/13,36,3.8879999999999995,3.9959999999999996,1.0,1,11,1,1,0.0,3,3,1.0,0.9175646901130676,1
-MeTTeMJBNc/13,37,3.9959999999999996,4.103999999999999,1.0,1,11,1,1,0.0,4,4,1.0,0.918838620185852,1
-MeTTeMJBNc/13,38,4.103999999999999,4.212,1.0,1,10,1,1,0.0,3,3,1.0,0.9200356602668762,1
-MeTTeMJBNc/13,39,4.212,4.319999999999999,1.0,1,11,1,1,0.0,3,3,1.0,0.9197128415107727,1
-MeTTeMJBNc/13,40,4.319999999999999,4.427999999999999,1.0,1,11,1,1,0.0,3,3,1.0,0.9242936968803406,1
-MeTTeMJBNc/13,41,4.427999999999999,4.536,1.0,1,11,1,1,0.0,4,4,1.0,0.9311884641647339,1
-MeTTeMJBNc/13,42,4.536,4.643999999999999,1.0,1,11,1,1,0.0,3,3,1.0,0.9300084114074707,1
-MeTTeMJBNc/13,43,4.643999999999999,4.751999999999999,1.0,1,10,1,1,0.0,3,3,1.0,0.9289597868919373,1
-MeTTeMJBNc/13,44,4.751999999999999,4.859999999999999,1.0,1,11,1,1,0.0,3,3,1.0,0.9246717095375061,1
-MeTTeMJBNc/13,45,4.859999999999999,4.967999999999999,1.0,1,11,1,1,0.0,4,4,1.0,0.9237908124923706,1
-MeTTeMJBNc/13,46,4.967999999999999,5.076,0.018518518656492233,1,11,1,1,0.0,3,3,1.0,0.9278717041015625,1
-MeTTeMJBNc/13,47,5.076,5.183999999999999,0.0,0,11,1,0,0.0,3,3,1.0,0.9313302040100098,1
-MeTTeMJBNc/13,48,5.183999999999999,5.291999999999999,0.0,0,6,1,1,0.0,2,2,1.0,0.9316999912261963,1
-MeTTeMJBNc/13,49,5.291999999999999,5.3999999999999995,0.0,0,0,0,0,0.0,1,1,1.0,0.928213357925415,1
-MeTTeMJBNc/7,0,0.0,0.21,0.0,0,20,1,1,0.0,7,7,1.0,0.928709864616394,1
-MeTTeMJBNc/7,1,0.21,0.42,0.0,0,21,1,1,0.0,6,6,1.0,0.9336579442024231,1
-MeTTeMJBNc/7,2,0.42,0.63,0.6666666865348816,1,21,1,1,0.0,6,6,1.0,0.9319804310798645,1
-MeTTeMJBNc/7,3,0.63,0.84,1.0,1,21,1,1,0.095238097012043,7,7,1.0,0.9301487803459167,1
-MeTTeMJBNc/7,4,0.84,1.05,1.0,1,21,1,1,0.0476190485060215,6,6,1.0,0.9300141334533691,1
-MeTTeMJBNc/7,5,1.05,1.26,0.8571428656578064,1,21,1,1,0.0,6,6,1.0,0.9349605441093445,1
-MeTTeMJBNc/7,6,1.26,1.47,0.0,0,21,1,1,0.0,7,7,1.0,0.9325677752494812,1
-MeTTeMJBNc/7,7,1.47,1.68,1.0,1,21,1,1,0.0,6,6,1.0,0.927978515625,1
-MeTTeMJBNc/7,8,1.68,1.89,1.0,1,21,1,1,0.0,6,6,1.0,0.9258090853691101,1
-MeTTeMJBNc/7,9,1.89,2.1,1.0,1,21,1,1,0.0,6,6,1.0,0.9214520454406738,1
-MeTTeMJBNc/7,10,2.1,2.31,1.0,1,21,1,1,0.0,7,7,1.0,0.9227551221847534,1
-MeTTeMJBNc/7,11,2.31,2.52,1.0,1,21,1,1,0.0,6,6,1.0,0.9230475425720215,1
-MeTTeMJBNc/7,12,2.52,2.73,1.0,1,21,1,1,0.0,6,6,1.0,0.9222726821899414,1
-MeTTeMJBNc/7,13,2.73,2.94,1.0,1,21,1,1,0.0,7,7,1.0,0.9122059941291809,1
-MeTTeMJBNc/7,14,2.94,3.15,1.0,1,21,1,1,0.0,6,6,1.0,0.9270639419555664,1
-MeTTeMJBNc/7,15,3.15,3.36,1.0,1,21,1,1,0.0,6,6,1.0,0.9301669597625732,1
-MeTTeMJBNc/7,16,3.36,3.57,1.0,1,21,1,1,0.0,7,7,1.0,0.9292125105857849,1
-MeTTeMJBNc/7,17,3.57,3.78,0.7142857313156128,1,21,1,1,0.0,6,6,1.0,0.9227387309074402,1
-MeTTeMJBNc/7,18,3.78,3.9899999999999998,1.0,1,21,1,1,0.0,6,6,1.0,0.9314331412315369,1
-MeTTeMJBNc/7,19,3.9899999999999998,4.2,1.0,1,21,1,1,0.0,6,6,1.0,0.9342840313911438,1
-MeTTeMJBNc/7,20,4.2,4.41,1.0,1,21,1,1,0.0,7,7,1.0,0.9318123459815979,1
-MeTTeMJBNc/7,21,4.41,4.62,1.0,1,21,1,1,0.0,6,6,1.0,0.9249235987663269,1
-MeTTeMJBNc/7,22,4.62,4.83,1.0,1,21,1,1,0.0,6,6,1.0,0.9222552180290222,1
-MeTTeMJBNc/7,23,4.83,5.04,1.0,1,21,1,1,0.0,7,7,1.0,0.9321699142456055,1
-MeTTeMJBNc/7,24,5.04,5.25,1.0,1,21,1,1,0.0,6,6,1.0,0.9349155426025391,1
-MeTTeMJBNc/7,25,5.25,5.46,1.0,1,21,1,1,0.0,6,6,1.0,0.9308341145515442,1
-MeTTeMJBNc/7,26,5.46,5.67,1.0,1,21,1,1,0.0,7,7,1.0,0.921463668346405,1
-MeTTeMJBNc/7,27,5.67,5.88,1.0,1,21,1,1,0.0,6,6,1.0,0.9239959716796875,1
-MeTTeMJBNc/7,28,5.88,6.09,1.0,1,21,1,1,0.0,6,6,1.0,0.9255576729774475,1
-MeTTeMJBNc/7,29,6.09,6.3,1.0,1,21,1,1,0.0,6,6,1.0,0.9233829379081726,1
-MeTTeMJBNc/7,30,6.3,6.51,1.0,1,21,1,1,0.0,7,7,1.0,0.9268207550048828,1
-MeTTeMJBNc/7,31,6.51,6.72,1.0,1,21,1,1,0.0,6,6,1.0,0.9397376179695129,1
-MeTTeMJBNc/7,32,6.72,6.93,1.0,1,21,1,1,0.0,6,6,1.0,0.9252718091011047,1
-MeTTeMJBNc/7,33,6.93,7.14,1.0,1,21,1,1,0.0,7,7,1.0,0.9196503758430481,1
-MeTTeMJBNc/7,34,7.14,7.35,1.0,1,21,1,1,0.0,6,6,1.0,0.9259018898010254,1
-MeTTeMJBNc/7,35,7.35,7.56,1.0,1,21,1,1,0.0,6,6,1.0,0.9316011071205139,1
-MeTTeMJBNc/7,36,7.56,7.77,1.0,1,21,1,1,0.0,7,7,1.0,0.9304975271224976,1
-MeTTeMJBNc/7,37,7.77,7.9799999999999995,0.5714285969734192,1,21,1,1,0.0,6,6,1.0,0.9291282296180725,1
-MeTTeMJBNc/7,38,7.9799999999999995,8.19,0.095238097012043,1,21,1,1,0.0,6,6,1.0,0.9313352704048157,1
-MeTTeMJBNc/7,39,8.19,8.4,1.0,1,21,1,1,0.0,6,6,1.0,0.9264981746673584,1
-MeTTeMJBNc/7,40,8.4,8.61,1.0,1,21,1,1,0.0,7,7,1.0,0.9165620803833008,1
-MeTTeMJBNc/7,41,8.61,8.82,1.0,1,21,1,1,0.0,6,6,1.0,0.9162723422050476,1
-MeTTeMJBNc/7,42,8.82,9.03,1.0,1,21,1,1,0.0,6,6,1.0,0.9136471152305603,1
-MeTTeMJBNc/7,43,9.03,9.24,1.0,1,21,1,1,0.0476190485060215,7,7,1.0,0.9112882614135742,1
-MeTTeMJBNc/7,44,9.24,9.45,1.0,1,21,1,1,0.0,6,6,1.0,0.9127645492553711,1
-MeTTeMJBNc/7,45,9.45,9.66,1.0,1,21,1,1,0.0,6,6,1.0,0.9198529720306396,1
-MeTTeMJBNc/7,46,9.66,9.87,1.0,1,21,1,1,0.0,7,7,1.0,0.9164496660232544,1
-MeTTeMJBNc/7,47,9.87,10.08,0.0476190485060215,1,21,1,1,0.0,6,6,1.0,0.930159330368042,1
-MeTTeMJBNc/7,48,10.08,10.29,0.0,0,21,1,1,0.0,6,6,1.0,0.9279589653015137,1
-MeTTeMJBNc/7,49,10.29,10.5,0.0,0,11,1,1,0.0,5,5,1.0,0.9273303151130676,1
-RfYyzHpjk4/11,0,0.0,0.10466666666666667,0.0,0,10,1,0,0.0,4,4,1.0,0.9317599534988403,1
-RfYyzHpjk4/11,1,0.10466666666666667,0.20933333333333334,0.0,0,10,1,0,0.0,3,3,1.0,0.9294912219047546,1
-RfYyzHpjk4/11,2,0.20933333333333334,0.314,0.0,0,11,1,0,0.0,3,3,1.0,0.929337203502655,1
-RfYyzHpjk4/11,3,0.314,0.4186666666666667,0.0,0,10,1,0,0.0,3,3,1.0,0.9296398758888245,1
-RfYyzHpjk4/11,4,0.4186666666666667,0.5233333333333333,0.41401273012161255,1,11,1,0,0.0,3,3,1.0,0.9307135939598083,1
-RfYyzHpjk4/11,5,0.5233333333333333,0.628,1.0,1,10,1,1,0.0,3,3,1.0,0.9350032806396484,1
-RfYyzHpjk4/11,6,0.628,0.7326666666666667,1.0,1,11,1,1,0.27272728085517883,3,3,1.0,0.9317091107368469,1
-RfYyzHpjk4/11,7,0.7326666666666667,0.8373333333333334,1.0,1,10,1,1,0.6000000238418579,4,4,1.0,0.9314969778060913,1
-RfYyzHpjk4/11,8,0.8373333333333334,0.9420000000000001,1.0,1,10,1,1,0.0,3,3,1.0,0.929660975933075,1
-RfYyzHpjk4/11,9,0.9420000000000001,1.0466666666666666,1.0,1,11,1,1,0.0,3,3,1.0,0.928515613079071,1
-RfYyzHpjk4/11,10,1.0466666666666666,1.1513333333333333,1.0,1,10,1,1,0.0,3,3,1.0,0.9318390488624573,1
-RfYyzHpjk4/11,11,1.1513333333333333,1.256,0.8471337556838989,1,11,1,1,0.09090909361839294,3,3,1.0,0.9311594367027283,1
-RfYyzHpjk4/11,12,1.256,1.3606666666666667,0.5796178579330444,1,10,1,1,0.0,3,3,1.0,0.930464506149292,1
-RfYyzHpjk4/11,13,1.3606666666666667,1.4653333333333334,1.0,1,11,1,1,0.09090909361839294,3,3,1.0,0.9297123551368713,1
-RfYyzHpjk4/11,14,1.4653333333333334,1.57,1.0,1,10,1,1,0.10000000149011612,4,4,1.0,0.9298416376113892,1
-RfYyzHpjk4/11,15,1.57,1.6746666666666667,1.0,1,11,1,1,0.0,3,3,1.0,0.9367987513542175,1
-RfYyzHpjk4/11,16,1.6746666666666667,1.7793333333333334,1.0,1,10,1,1,0.699999988079071,3,3,1.0,0.935483992099762,1
-RfYyzHpjk4/11,17,1.7793333333333334,1.8840000000000001,1.0,1,11,1,1,0.8181818127632141,3,3,1.0,0.9376704096794128,1
-RfYyzHpjk4/11,18,1.8840000000000001,1.9886666666666668,1.0,1,10,1,1,0.30000001192092896,3,3,1.0,0.9377541542053223,1
-RfYyzHpjk4/11,19,1.9886666666666668,2.0933333333333333,1.0,1,11,1,1,0.7272727489471436,3,3,1.0,0.9336006045341492,1
-RfYyzHpjk4/11,20,2.0933333333333333,2.198,1.0,1,10,1,1,0.699999988079071,3,3,1.0,0.9333123564720154,1
-RfYyzHpjk4/11,21,2.198,2.3026666666666666,1.0,1,11,1,1,0.6363636255264282,4,4,1.0,0.9347932934761047,1
-RfYyzHpjk4/11,22,2.3026666666666666,2.4073333333333333,1.0,1,10,1,1,0.0,3,3,1.0,0.9378551840782166,1
-RfYyzHpjk4/11,23,2.4073333333333333,2.512,1.0,1,10,1,1,0.20000000298023224,3,3,1.0,0.9351456165313721,1
-RfYyzHpjk4/11,24,2.512,2.6166666666666667,1.0,1,11,1,1,0.0,3,3,1.0,0.9296061992645264,1
-RfYyzHpjk4/11,25,2.6166666666666667,2.7213333333333334,1.0,1,10,1,1,0.10000000149011612,3,3,1.0,0.9348527789115906,1
-RfYyzHpjk4/11,26,2.7213333333333334,2.826,1.0,1,11,1,1,0.5454545617103577,3,3,1.0,0.9364411234855652,1
-RfYyzHpjk4/11,27,2.826,2.9306666666666668,1.0,1,10,1,1,0.4000000059604645,3,3,1.0,0.9355149865150452,1
-RfYyzHpjk4/11,28,2.9306666666666668,3.0353333333333334,1.0,1,11,1,1,0.0,4,4,1.0,0.9333112239837646,1
-RfYyzHpjk4/11,29,3.0353333333333334,3.14,1.0,1,10,1,1,0.30000001192092896,3,3,1.0,0.9320788383483887,1
-RfYyzHpjk4/11,30,3.14,3.244666666666667,1.0,1,11,1,1,0.5454545617103577,3,3,1.0,0.9319820404052734,1
-RfYyzHpjk4/11,31,3.244666666666667,3.3493333333333335,1.0,1,10,1,1,0.0,3,3,1.0,0.9334635734558105,1
-RfYyzHpjk4/11,32,3.3493333333333335,3.454,1.0,1,11,1,1,0.27272728085517883,3,3,1.0,0.9341686367988586,1
-RfYyzHpjk4/11,33,3.454,3.558666666666667,1.0,1,10,1,1,0.800000011920929,3,3,1.0,0.937630832195282,1
-RfYyzHpjk4/11,34,3.558666666666667,3.6633333333333336,1.0,1,11,1,1,0.3636363744735718,3,3,1.0,0.93684321641922,1
-RfYyzHpjk4/11,35,3.6633333333333336,3.7680000000000002,1.0,1,10,1,1,0.20000000298023224,4,4,1.0,0.9380630850791931,1
-RfYyzHpjk4/11,36,3.7680000000000002,3.872666666666667,1.0,1,11,1,1,0.0,3,3,1.0,0.9383106231689453,1
-RfYyzHpjk4/11,37,3.872666666666667,3.9773333333333336,1.0,1,10,1,1,0.0,3,3,1.0,0.9333776831626892,1
-RfYyzHpjk4/11,38,3.9773333333333336,4.082,1.0,1,10,1,1,0.10000000149011612,3,3,1.0,0.9318146705627441,1
-RfYyzHpjk4/11,39,4.082,4.1866666666666665,1.0,1,11,1,1,0.0,3,3,1.0,0.9352421760559082,1
-RfYyzHpjk4/11,40,4.1866666666666665,4.291333333333333,1.0,1,10,1,1,0.0,3,3,1.0,0.9331358075141907,1
-RfYyzHpjk4/11,41,4.291333333333333,4.396,1.0,1,11,1,1,0.0,3,3,1.0,0.9321632385253906,1
-RfYyzHpjk4/11,42,4.396,4.500666666666667,1.0,1,10,1,1,0.0,4,4,1.0,0.9336084127426147,1
-RfYyzHpjk4/11,43,4.500666666666667,4.605333333333333,0.3757961690425873,1,11,1,1,0.0,3,3,1.0,0.9320835471153259,1
-RfYyzHpjk4/11,44,4.605333333333333,4.71,0.0,0,10,1,0,0.0,3,3,1.0,0.9297027587890625,1
-RfYyzHpjk4/11,45,4.71,4.814666666666667,0.0,0,11,1,1,0.0,3,3,1.0,0.9241690039634705,1
-RfYyzHpjk4/11,46,4.814666666666667,4.919333333333333,0.0,0,10,1,1,0.0,3,3,1.0,0.924339234828949,1
-RfYyzHpjk4/11,47,4.919333333333333,5.024,0.0,0,11,1,1,0.0,3,3,1.0,0.9275782704353333,1
-RfYyzHpjk4/11,48,5.024,5.128666666666667,0.0,0,3,1,1,0.3333333432674408,2,2,1.0,0.929755449295044,1
-RfYyzHpjk4/11,49,5.128666666666667,5.233333333333333,0.0,0,0,0,0,0.0,1,1,1.0,0.9292263388633728,1
-RfYyzHpjk4/8,0,0.0,0.09133333333333332,0.0,0,8,1,1,0.0,3,3,1.0,0.9301173090934753,1
-RfYyzHpjk4/8,1,0.09133333333333332,0.18266666666666664,0.0,0,10,1,0,0.0,3,3,1.0,0.9285597205162048,1
-RfYyzHpjk4/8,2,0.18266666666666664,0.27399999999999997,0.0,0,9,1,0,0.0,3,3,1.0,0.9261792302131653,1
-RfYyzHpjk4/8,3,0.27399999999999997,0.3653333333333333,0.0,0,9,1,0,0.0,2,2,1.0,0.9269552826881409,1
-RfYyzHpjk4/8,4,0.3653333333333333,0.4566666666666666,0.0,0,9,1,0,0.0,3,3,1.0,0.928276777267456,1
-RfYyzHpjk4/8,5,0.4566666666666666,0.5479999999999999,0.7445255517959595,1,9,1,0,0.0,3,3,1.0,0.9285404086112976,1
-RfYyzHpjk4/8,6,0.5479999999999999,0.6393333333333333,0.569343090057373,1,9,1,0,0.0,3,3,1.0,0.9293835759162903,1
-RfYyzHpjk4/8,7,0.6393333333333333,0.7306666666666666,0.11678832024335861,1,9,1,0,0.0,2,2,1.0,0.9323683381080627,1
-RfYyzHpjk4/8,8,0.7306666666666666,0.8219999999999998,1.0,1,9,1,1,0.3333333432674408,3,3,1.0,0.9330838322639465,1
-RfYyzHpjk4/8,9,0.8219999999999998,0.9133333333333332,1.0,1,10,1,1,0.6000000238418579,3,3,1.0,0.9338708519935608,1
-RfYyzHpjk4/8,10,0.9133333333333332,1.0046666666666666,1.0,1,9,1,1,0.5555555820465088,3,3,1.0,0.9324204921722412,1
-RfYyzHpjk4/8,11,1.0046666666666666,1.0959999999999999,1.0,1,9,1,1,0.0,2,2,1.0,0.9301713705062866,1
-RfYyzHpjk4/8,12,1.0959999999999999,1.1873333333333331,1.0,1,9,1,1,0.5555555820465088,3,3,1.0,0.9355483055114746,1
-RfYyzHpjk4/8,13,1.1873333333333331,1.2786666666666666,1.0,1,9,1,1,0.5555555820465088,3,3,1.0,0.9386817812919617,1
-RfYyzHpjk4/8,14,1.2786666666666666,1.3699999999999999,1.0,1,9,1,1,1.0,3,3,1.0,0.9333825707435608,1
-RfYyzHpjk4/8,15,1.3699999999999999,1.4613333333333332,1.0,1,9,1,1,0.6666666865348816,2,2,1.0,0.9323920011520386,1
-RfYyzHpjk4/8,16,1.4613333333333332,1.5526666666666664,1.0,1,10,1,1,0.20000000298023224,3,3,1.0,0.9306314587593079,1
-RfYyzHpjk4/8,17,1.5526666666666664,1.6439999999999997,1.0,1,9,1,1,0.3333333432674408,3,3,1.0,0.9351530075073242,1
-RfYyzHpjk4/8,18,1.6439999999999997,1.7353333333333332,1.0,1,9,1,1,0.1111111119389534,3,3,1.0,0.9346578121185303,1
-RfYyzHpjk4/8,19,1.7353333333333332,1.8266666666666664,1.0,1,9,1,1,0.0,2,2,1.0,0.9293767213821411,1
-RfYyzHpjk4/8,20,1.8266666666666664,1.9179999999999997,1.0,1,9,1,1,0.2222222238779068,3,3,1.0,0.9316924214363098,1
-RfYyzHpjk4/8,21,1.9179999999999997,2.009333333333333,1.0,1,9,1,1,0.1111111119389534,3,3,1.0,0.9354224801063538,1
-RfYyzHpjk4/8,22,2.009333333333333,2.1006666666666662,1.0,1,9,1,1,0.2222222238779068,3,3,1.0,0.935096263885498,1
-RfYyzHpjk4/8,23,2.1006666666666662,2.1919999999999997,1.0,1,9,1,1,0.1111111119389534,2,2,1.0,0.9390383958816528,1
-RfYyzHpjk4/8,24,2.1919999999999997,2.283333333333333,1.0,1,10,1,1,0.4000000059604645,3,3,1.0,0.938507616519928,1
-RfYyzHpjk4/8,25,2.283333333333333,2.3746666666666663,1.0,1,9,1,1,0.5555555820465088,3,3,1.0,0.9398652911186218,1
-RfYyzHpjk4/8,26,2.3746666666666663,2.4659999999999997,1.0,1,9,1,1,0.0,2,2,1.0,0.9341838955879211,1
-RfYyzHpjk4/8,27,2.4659999999999997,2.5573333333333332,1.0,1,9,1,1,0.0,3,3,1.0,0.9399986863136292,1
-RfYyzHpjk4/8,28,2.5573333333333332,2.6486666666666663,1.0,1,9,1,1,0.3333333432674408,3,3,1.0,0.9401665329933167,1
-RfYyzHpjk4/8,29,2.6486666666666663,2.7399999999999998,1.0,1,9,1,1,0.4444444477558136,3,3,1.0,0.9365482926368713,1
-RfYyzHpjk4/8,30,2.7399999999999998,2.831333333333333,1.0,1,9,1,1,0.0,2,2,1.0,0.9340296387672424,1
-RfYyzHpjk4/8,31,2.831333333333333,2.9226666666666663,1.0,1,10,1,1,0.30000001192092896,3,3,1.0,0.9405160546302795,1
-RfYyzHpjk4/8,32,2.9226666666666663,3.014,1.0,1,9,1,1,0.2222222238779068,3,3,1.0,0.9379045367240906,1
-RfYyzHpjk4/8,33,3.014,3.105333333333333,1.0,1,9,1,1,0.1111111119389534,3,3,1.0,0.9408080577850342,1
-RfYyzHpjk4/8,34,3.105333333333333,3.1966666666666663,1.0,1,9,1,1,0.4444444477558136,2,2,1.0,0.9414209127426147,1
-RfYyzHpjk4/8,35,3.1966666666666663,3.2879999999999994,1.0,1,9,1,1,0.1111111119389534,3,3,1.0,0.941366970539093,1
-RfYyzHpjk4/8,36,3.2879999999999994,3.379333333333333,1.0,1,9,1,1,0.0,3,3,1.0,0.939112663269043,1
-RfYyzHpjk4/8,37,3.379333333333333,3.4706666666666663,1.0,1,9,1,1,0.0,3,3,1.0,0.9296152591705322,1
-RfYyzHpjk4/8,38,3.4706666666666663,3.5619999999999994,1.0,1,9,1,1,0.0,2,2,1.0,0.9287118911743164,1
-RfYyzHpjk4/8,39,3.5619999999999994,3.653333333333333,1.0,1,10,1,1,0.0,3,3,1.0,0.9265918731689453,1
-RfYyzHpjk4/8,40,3.653333333333333,3.7446666666666664,1.0,1,9,1,1,0.0,3,3,1.0,0.9342840313911438,1
-RfYyzHpjk4/8,41,3.7446666666666664,3.8359999999999994,1.0,1,9,1,1,0.0,3,3,1.0,0.9345603585243225,1
-RfYyzHpjk4/8,42,3.8359999999999994,3.927333333333333,1.0,1,9,1,1,0.0,2,2,1.0,0.931829571723938,1
-RfYyzHpjk4/8,43,3.927333333333333,4.018666666666666,0.6861313581466675,1,9,1,1,0.0,3,3,1.0,0.9240889549255371,1
-RfYyzHpjk4/8,44,4.018666666666666,4.109999999999999,0.0,0,9,1,0,0.0,3,3,1.0,0.928358793258667,1
-RfYyzHpjk4/8,45,4.109999999999999,4.2013333333333325,0.0,0,9,1,0,0.0,3,3,1.0,0.9264784455299377,1
-RfYyzHpjk4/8,46,4.2013333333333325,4.292666666666666,0.0,0,10,1,0,0.0,2,2,1.0,0.9263241291046143,1
-RfYyzHpjk4/8,47,4.292666666666666,4.3839999999999995,0.0,0,9,1,0,0.0,3,3,1.0,0.924860417842865,1
-RfYyzHpjk4/8,48,4.3839999999999995,4.4753333333333325,0.0,0,9,1,1,0.0,3,3,1.0,0.9241881966590881,1
-RfYyzHpjk4/8,49,4.4753333333333325,4.566666666666666,0.0,0,4,1,1,0.0,2,2,1.0,0.930286169052124,1
-RfYyzHpjk4/2,0,0.0,0.11,0.0,0,10,1,0,0.0,4,2,0.5,0.9202877283096313,1
-RfYyzHpjk4/2,1,0.11,0.22,0.0,0,11,1,0,0.0,3,3,1.0,0.9201989769935608,1
-RfYyzHpjk4/2,2,0.22,0.33,0.0,0,11,1,0,0.0,3,1,0.3333333432674408,0.9224342107772827,1
-RfYyzHpjk4/2,3,0.33,0.44,0.0,0,11,1,0,0.0,4,4,1.0,0.923436164855957,1
-RfYyzHpjk4/2,4,0.44,0.55,0.5454545617103577,1,11,1,1,0.0,3,3,1.0,0.9225676655769348,1
-RfYyzHpjk4/2,5,0.55,0.66,1.0,1,11,1,1,0.0,3,2,0.6666666865348816,0.9226000308990479,1
-RfYyzHpjk4/2,6,0.66,0.77,1.0,1,11,1,1,0.7272727489471436,4,4,1.0,0.9168415069580078,1
-RfYyzHpjk4/2,7,0.77,0.88,1.0,1,11,1,1,0.3636363744735718,3,3,1.0,0.9143223166465759,1
-RfYyzHpjk4/2,8,0.88,0.99,1.0,1,11,1,1,0.1818181872367859,3,3,1.0,0.9101470112800598,1
-RfYyzHpjk4/2,9,0.99,1.1,1.0,1,11,1,1,0.09090909361839294,3,3,1.0,0.9141022562980652,1
-RfYyzHpjk4/2,10,1.1,1.21,1.0,1,11,1,1,0.1818181872367859,4,3,0.75,0.918872594833374,1
-RfYyzHpjk4/2,11,1.21,1.32,1.0,1,11,1,1,0.4545454680919647,3,3,1.0,0.9232105612754822,1
-RfYyzHpjk4/2,12,1.32,1.43,1.0,1,11,1,1,0.0,3,3,1.0,0.9241390228271484,1
-RfYyzHpjk4/2,13,1.43,1.54,1.0,1,11,1,1,0.6363636255264282,4,4,1.0,0.9226059913635254,1
-RfYyzHpjk4/2,14,1.54,1.65,1.0,1,11,1,1,0.27272728085517883,3,3,1.0,0.9288232922554016,1
-RfYyzHpjk4/2,15,1.65,1.76,1.0,1,11,1,1,0.27272728085517883,3,3,1.0,0.9273696541786194,1
-RfYyzHpjk4/2,16,1.76,1.87,1.0,1,11,1,1,0.0,4,4,1.0,0.9260281324386597,1
-RfYyzHpjk4/2,17,1.87,1.98,1.0,1,11,1,1,0.09090909361839294,3,3,1.0,0.9269818663597107,1
-RfYyzHpjk4/2,18,1.98,2.09,1.0,1,11,1,1,0.0,3,3,1.0,0.9326397776603699,1
-RfYyzHpjk4/2,19,2.09,2.2,1.0,1,11,1,1,0.0,3,3,1.0,0.9263707995414734,1
-RfYyzHpjk4/2,20,2.2,2.31,1.0,1,11,1,1,0.1818181872367859,4,4,1.0,0.9260127544403076,1
-RfYyzHpjk4/2,21,2.31,2.42,1.0,1,11,1,1,0.27272728085517883,3,2,0.6666666865348816,0.9159548282623291,1
-RfYyzHpjk4/2,22,2.42,2.53,1.0,1,11,1,1,0.0,3,2,0.6666666865348816,0.9142686128616333,1
-RfYyzHpjk4/2,23,2.53,2.64,1.0,1,11,1,1,0.0,4,2,0.5,0.9132575988769531,1
-RfYyzHpjk4/2,24,2.64,2.75,1.0,1,11,1,1,0.27272728085517883,3,3,1.0,0.912857711315155,1
-RfYyzHpjk4/2,25,2.75,2.86,1.0,1,11,1,1,0.1818181872367859,3,1,0.3333333432674408,0.9230159521102905,1
-RfYyzHpjk4/2,26,2.86,2.97,1.0,1,11,1,1,0.6363636255264282,4,3,0.75,0.8958969712257385,1
-RfYyzHpjk4/2,27,2.97,3.08,1.0,1,11,1,1,0.5454545617103577,3,1,0.3333333432674408,0.9000154733657837,1
-RfYyzHpjk4/2,28,3.08,3.19,1.0,1,11,1,1,0.4545454680919647,3,0,0.0,0.0,0
-RfYyzHpjk4/2,29,3.19,3.3,1.0,1,11,1,1,0.0,3,3,1.0,0.9177572131156921,1
-RfYyzHpjk4/2,30,3.3,3.41,1.0,1,11,1,1,0.0,4,4,1.0,0.9131959080696106,1
-RfYyzHpjk4/2,31,3.41,3.52,1.0,1,11,1,1,0.0,3,3,1.0,0.9216696619987488,1
-RfYyzHpjk4/2,32,3.52,3.63,1.0,1,11,1,1,0.0,3,3,1.0,0.9169793128967285,1
-RfYyzHpjk4/2,33,3.63,3.74,1.0,1,11,1,1,0.09090909361839294,4,4,1.0,0.9155150055885315,1
-RfYyzHpjk4/2,34,3.74,3.85,1.0,1,11,1,1,0.1818181872367859,3,2,0.6666666865348816,0.9204930067062378,1
-RfYyzHpjk4/2,35,3.85,3.96,1.0,1,11,1,0,0.0,3,1,0.3333333432674408,0.9257329106330872,1
-RfYyzHpjk4/2,36,3.96,4.07,1.0,1,11,1,1,0.0,4,0,0.0,0.0,0
-RfYyzHpjk4/2,37,4.07,4.18,1.0,1,11,1,1,0.1818181872367859,3,2,0.6666666865348816,0.9225859642028809,1
-RfYyzHpjk4/2,38,4.18,4.29,1.0,1,11,1,1,0.3636363744735718,3,3,1.0,0.9220569729804993,1
-RfYyzHpjk4/2,39,4.29,4.4,1.0,1,11,1,1,0.27272728085517883,3,3,1.0,0.9151836037635803,1
-RfYyzHpjk4/2,40,4.4,4.51,1.0,1,11,1,1,0.09090909361839294,4,3,0.75,0.9292934536933899,1
-RfYyzHpjk4/2,41,4.51,4.62,1.0,1,11,1,1,0.5454545617103577,3,2,0.6666666865348816,0.9287999868392944,1
-RfYyzHpjk4/2,42,4.62,4.73,1.0,1,11,1,1,0.0,3,3,1.0,0.9260099530220032,1
-RfYyzHpjk4/2,43,4.73,4.84,1.0,1,11,1,1,0.1818181872367859,4,4,1.0,0.9254173040390015,1
-RfYyzHpjk4/2,44,4.84,4.95,0.27272728085517883,1,11,1,1,0.0,3,3,1.0,0.9210044741630554,1
-RfYyzHpjk4/2,45,4.95,5.06,0.0,0,11,1,1,0.0,3,3,1.0,0.9142613410949707,1
-RfYyzHpjk4/2,46,5.06,5.17,0.0,0,11,1,0,0.0,4,4,1.0,0.9149659276008606,1
-RfYyzHpjk4/2,47,5.17,5.28,0.0,0,11,1,1,0.1818181872367859,3,0,0.0,0.0,0
-RfYyzHpjk4/2,48,5.28,5.39,0.0,0,10,1,1,0.699999988079071,3,0,0.0,0.0,0
-RfYyzHpjk4/2,49,5.39,5.5,0.0,0,0,0,0,0.0,2,0,0.0,0.0,0
-UUCSKoHeMA/0,0,0.0,0.15733333333333333,0.0,0,15,1,0,0.0,5,4,0.800000011920929,0.8789551258087158,1
-UUCSKoHeMA/0,1,0.15733333333333333,0.31466666666666665,0.0,0,16,1,0,0.0,5,5,1.0,0.930706799030304,1
-UUCSKoHeMA/0,2,0.31466666666666665,0.472,0.0,0,15,1,0,0.0,5,5,1.0,0.9319523572921753,1
-UUCSKoHeMA/0,3,0.472,0.6293333333333333,0.0,0,16,1,0,0.0,4,4,1.0,0.9313753843307495,1
-UUCSKoHeMA/0,4,0.6293333333333333,0.7866666666666666,0.1906779706478119,1,16,1,1,0.0,5,5,1.0,0.9310318231582642,1
-UUCSKoHeMA/0,5,0.7866666666666666,0.944,0.0,0,16,1,1,0.0,5,5,1.0,0.9327739477157593,1
-UUCSKoHeMA/0,6,0.944,1.1013333333333333,0.0,0,15,1,0,0.0,5,5,1.0,0.9320837259292603,1
-UUCSKoHeMA/0,7,1.1013333333333333,1.2586666666666666,0.0,0,16,1,1,0.0,4,4,1.0,0.9341236352920532,1
-UUCSKoHeMA/0,8,1.2586666666666666,1.416,0.6101694703102112,1,16,1,1,0.0,5,5,1.0,0.9384234547615051,1
-UUCSKoHeMA/0,9,1.416,1.5733333333333333,1.0,1,16,1,1,0.0,5,5,1.0,0.9334723353385925,1
-UUCSKoHeMA/0,10,1.5733333333333333,1.7306666666666666,1.0,1,15,1,1,0.0,4,4,1.0,0.9371996521949768,1
-UUCSKoHeMA/0,11,1.7306666666666666,1.888,1.0,1,16,1,1,0.0,5,5,1.0,0.9386656880378723,1
-UUCSKoHeMA/0,12,1.888,2.0453333333333332,1.0,1,16,1,1,0.125,5,5,1.0,0.9408507347106934,1
-UUCSKoHeMA/0,13,2.0453333333333332,2.2026666666666666,1.0,1,16,1,1,0.0,5,5,1.0,0.9385724067687988,1
-UUCSKoHeMA/0,14,2.2026666666666666,2.36,1.0,1,15,1,1,0.0,4,4,1.0,0.9389443397521973,1
-UUCSKoHeMA/0,15,2.36,2.517333333333333,1.0,1,16,1,1,0.0625,5,5,1.0,0.9406100511550903,1
-UUCSKoHeMA/0,16,2.517333333333333,2.6746666666666665,1.0,1,16,1,1,0.0,5,5,1.0,0.9457952380180359,1
-UUCSKoHeMA/0,17,2.6746666666666665,2.832,1.0,1,15,1,1,0.06666667014360428,4,4,1.0,0.9400720596313477,1
-UUCSKoHeMA/0,18,2.832,2.989333333333333,1.0,1,16,1,1,0.0,5,5,1.0,0.941525936126709,1
-UUCSKoHeMA/0,19,2.989333333333333,3.1466666666666665,1.0,1,16,1,1,0.0,5,5,1.0,0.9400142431259155,1
-UUCSKoHeMA/0,20,3.1466666666666665,3.304,1.0,1,16,1,1,0.0,5,5,1.0,0.9371242523193359,1
-UUCSKoHeMA/0,21,3.304,3.461333333333333,1.0,1,15,1,1,0.0,4,4,1.0,0.9424266815185547,1
-UUCSKoHeMA/0,22,3.461333333333333,3.6186666666666665,1.0,1,16,1,1,0.0,5,5,1.0,0.9402023553848267,1
-UUCSKoHeMA/0,23,3.6186666666666665,3.776,1.0,1,16,1,1,0.0,5,5,1.0,0.9377117156982422,1
-UUCSKoHeMA/0,24,3.776,3.933333333333333,1.0,1,16,1,1,0.0,4,4,1.0,0.9384711384773254,1
-UUCSKoHeMA/0,25,3.933333333333333,4.0906666666666665,1.0,1,15,1,1,0.0,5,5,1.0,0.9372105598449707,1
-UUCSKoHeMA/0,26,4.0906666666666665,4.247999999999999,1.0,1,16,1,1,0.0,5,5,1.0,0.9213420748710632,1
-UUCSKoHeMA/0,27,4.247999999999999,4.405333333333333,1.0,1,16,1,1,0.0,5,5,1.0,0.9293694496154785,1
-UUCSKoHeMA/0,28,4.405333333333333,4.562666666666667,1.0,1,16,1,1,0.0,4,4,1.0,0.9300703406333923,1
-UUCSKoHeMA/0,29,4.562666666666667,4.72,1.0,1,15,1,1,0.0,5,5,1.0,0.931887149810791,1
-UUCSKoHeMA/0,30,4.72,4.877333333333333,1.0,1,16,1,1,0.0,5,5,1.0,0.9315372705459595,1
-UUCSKoHeMA/0,31,4.877333333333333,5.034666666666666,1.0,1,16,1,1,0.0,5,5,1.0,0.9311249852180481,1
-UUCSKoHeMA/0,32,5.034666666666666,5.192,0.41525423526763916,1,15,1,1,0.0,4,4,1.0,0.9344338178634644,1
-UUCSKoHeMA/0,33,5.192,5.349333333333333,0.0,0,16,1,1,0.0,5,5,1.0,0.9357344508171082,1
-UUCSKoHeMA/0,34,5.349333333333333,5.506666666666666,0.4237288236618042,1,16,1,1,0.0,5,5,1.0,0.9377613067626953,1
-UUCSKoHeMA/0,35,5.506666666666666,5.664,1.0,1,16,1,1,0.0,4,4,1.0,0.9343249201774597,1
-UUCSKoHeMA/0,36,5.664,5.8213333333333335,1.0,1,15,1,1,0.0,5,5,1.0,0.9411622285842896,1
-UUCSKoHeMA/0,37,5.8213333333333335,5.978666666666666,1.0,1,16,1,1,0.0,5,5,1.0,0.9364679455757141,1
-UUCSKoHeMA/0,38,5.978666666666666,6.135999999999999,1.0,1,16,1,1,0.0,5,5,1.0,0.9354370832443237,1
-UUCSKoHeMA/0,39,6.135999999999999,6.293333333333333,1.0,1,16,1,1,0.0,4,4,1.0,0.9372347593307495,1
-UUCSKoHeMA/0,40,6.293333333333333,6.450666666666667,1.0,1,15,1,1,0.0,5,5,1.0,0.9395586848258972,1
-UUCSKoHeMA/0,41,6.450666666666667,6.608,1.0,1,16,1,1,0.0,5,5,1.0,0.9355819821357727,1
-UUCSKoHeMA/0,42,6.608,6.7653333333333325,1.0,1,16,1,1,0.0,4,4,1.0,0.932611346244812,1
-UUCSKoHeMA/0,43,6.7653333333333325,6.922666666666666,1.0,1,16,1,1,0.0,5,5,1.0,0.9374266862869263,1
-UUCSKoHeMA/0,44,6.922666666666666,7.08,1.0,1,15,1,1,0.0,5,5,1.0,0.9394949674606323,1
-UUCSKoHeMA/0,45,7.08,7.237333333333333,1.0,1,16,1,1,0.0,5,5,1.0,0.9385219812393188,1
-UUCSKoHeMA/0,46,7.237333333333333,7.394666666666666,1.0,1,16,1,1,0.0,4,4,1.0,0.9411449432373047,1
-UUCSKoHeMA/0,47,7.394666666666666,7.552,1.0,1,15,1,1,0.0,5,5,1.0,0.9401633143424988,1
-UUCSKoHeMA/0,48,7.552,7.709333333333333,0.75,1,16,1,1,0.0625,5,5,1.0,0.9403363466262817,1
-UUCSKoHeMA/0,49,7.709333333333333,7.866666666666666,0.0,0,1,1,1,0.0,2,2,1.0,0.9367679357528687,1
-ri04Z7vwnc/0,0,0.0,0.05588933333333333,1.0,1,5,1,1,0.0,2,0,0.0,0.0,0
-ri04Z7vwnc/0,1,0.05588933333333333,0.11177866666666667,1.0,1,5,1,1,0.0,1,0,0.0,0.0,0
-ri04Z7vwnc/0,2,0.11177866666666667,0.16766799999999998,1.0,1,6,1,1,0.0,2,0,0.0,0.0,0
-ri04Z7vwnc/0,3,0.16766799999999998,0.22355733333333333,1.0,1,6,1,1,0.0,1,0,0.0,0.0,0
-ri04Z7vwnc/0,4,0.22355733333333333,0.2794466666666667,1.0,1,5,1,1,0.0,1,0,0.0,0.0,0
-ri04Z7vwnc/0,5,0.2794466666666667,0.33533599999999997,1.0,1,6,1,1,0.0,2,0,0.0,0.0,0
-ri04Z7vwnc/0,6,0.33533599999999997,0.3912253333333333,1.0,1,5,1,1,0.0,1,0,0.0,0.0,0
-ri04Z7vwnc/0,7,0.3912253333333333,0.44711466666666666,1.0,1,6,1,1,0.0,1,0,0.0,0.0,0
-ri04Z7vwnc/0,8,0.44711466666666666,0.503004,1.0,1,6,1,1,0.0,2,0,0.0,0.0,0
-ri04Z7vwnc/0,9,0.503004,0.5588933333333334,1.0,1,5,1,1,0.0,1,0,0.0,0.0,0
-ri04Z7vwnc/0,10,0.5588933333333334,0.6147826666666667,1.0,1,6,1,1,0.0,1,0,0.0,0.0,0
-ri04Z7vwnc/0,11,0.6147826666666667,0.6706719999999999,1.0,1,5,1,1,0.0,2,0,0.0,0.0,0
-ri04Z7vwnc/0,12,0.6706719999999999,0.7265613333333333,1.0,1,6,1,1,0.0,1,0,0.0,0.0,0
-ri04Z7vwnc/0,13,0.7265613333333333,0.7824506666666666,1.0,1,5,1,1,0.0,1,0,0.0,0.0,0
-ri04Z7vwnc/0,14,0.7824506666666666,0.83834,1.0,1,6,1,1,0.0,2,0,0.0,0.0,0
-ri04Z7vwnc/0,15,0.83834,0.8942293333333333,1.0,1,6,1,1,0.0,1,0,0.0,0.0,0
-ri04Z7vwnc/0,16,0.8942293333333333,0.9501186666666667,1.0,1,5,1,1,0.0,1,0,0.0,0.0,0
-ri04Z7vwnc/0,17,0.9501186666666667,1.006008,1.0,1,6,1,1,0.0,2,0,0.0,0.0,0
-ri04Z7vwnc/0,18,1.006008,1.0618973333333332,1.0,1,5,1,1,0.0,1,0,0.0,0.0,0
-ri04Z7vwnc/0,19,1.0618973333333332,1.1177866666666667,1.0,1,6,1,1,0.0,1,0,0.0,0.0,0
-ri04Z7vwnc/0,20,1.1177866666666667,1.173676,1.0,1,6,1,1,0.0,2,0,0.0,0.0,0
-ri04Z7vwnc/0,21,1.173676,1.2295653333333334,1.0,1,5,1,1,0.0,1,0,0.0,0.0,0
-ri04Z7vwnc/0,22,1.2295653333333334,1.2854546666666666,1.0,1,6,1,1,0.0,1,0,0.0,0.0,0
-ri04Z7vwnc/0,23,1.2854546666666666,1.3413439999999999,1.0,1,5,1,1,0.0,2,0,0.0,0.0,0
-ri04Z7vwnc/0,24,1.3413439999999999,1.3972333333333333,1.0,1,6,1,1,0.0,1,0,0.0,0.0,0
-ri04Z7vwnc/0,25,1.3972333333333333,1.4531226666666666,1.0,1,6,1,1,0.0,1,0,0.0,0.0,0
-ri04Z7vwnc/0,26,1.4531226666666666,1.509012,1.0,1,5,1,1,0.0,2,0,0.0,0.0,0
-ri04Z7vwnc/0,27,1.509012,1.5649013333333333,0.46322494745254517,1,6,1,1,0.0,1,0,0.0,0.0,0
-ri04Z7vwnc/0,28,1.5649013333333333,1.6207906666666667,1.0,1,5,1,1,0.0,1,0,0.0,0.0,0
-ri04Z7vwnc/0,29,1.6207906666666667,1.67668,1.0,1,6,1,1,0.0,2,0,0.0,0.0,0
-ri04Z7vwnc/0,30,1.67668,1.7325693333333334,1.0,1,6,1,1,0.0,1,0,0.0,0.0,0
-ri04Z7vwnc/0,31,1.7325693333333334,1.7884586666666666,1.0,1,5,1,1,0.0,1,0,0.0,0.0,0
-ri04Z7vwnc/0,32,1.7884586666666666,1.8443479999999999,1.0,1,6,1,1,0.0,2,0,0.0,0.0,0
-ri04Z7vwnc/0,33,1.8443479999999999,1.9002373333333333,1.0,1,5,1,1,0.0,1,0,0.0,0.0,0
-ri04Z7vwnc/0,34,1.9002373333333333,1.9561266666666666,1.0,1,6,1,1,0.0,1,0,0.0,0.0,0
-ri04Z7vwnc/0,35,1.9561266666666666,2.012016,1.0,1,5,1,1,0.0,2,0,0.0,0.0,0
-ri04Z7vwnc/0,36,2.012016,2.0679053333333335,1.0,1,6,1,1,0.0,1,0,0.0,0.0,0
-ri04Z7vwnc/0,37,2.0679053333333335,2.1237946666666665,1.0,1,6,1,1,0.0,1,0,0.0,0.0,0
-ri04Z7vwnc/0,38,2.1237946666666665,2.179684,1.0,1,5,1,1,0.0,2,0,0.0,0.0,0
-ri04Z7vwnc/0,39,2.179684,2.2355733333333334,1.0,1,6,1,1,0.1666666716337204,1,0,0.0,0.0,0
-ri04Z7vwnc/0,40,2.2355733333333334,2.2914626666666664,1.0,1,5,1,1,0.0,1,0,0.0,0.0,0
-ri04Z7vwnc/0,41,2.2914626666666664,2.347352,1.0,1,6,1,1,0.0,2,0,0.0,0.0,0
-ri04Z7vwnc/0,42,2.347352,2.4032413333333333,1.0,1,6,1,1,0.0,1,0,0.0,0.0,0
-ri04Z7vwnc/0,43,2.4032413333333333,2.459130666666667,1.0,1,5,1,1,0.0,1,0,0.0,0.0,0
-ri04Z7vwnc/0,44,2.459130666666667,2.51502,1.0,1,6,1,1,0.0,2,0,0.0,0.0,0
-ri04Z7vwnc/0,45,2.51502,2.5709093333333333,1.0,1,5,1,1,0.0,1,0,0.0,0.0,0
-ri04Z7vwnc/0,46,2.5709093333333333,2.6267986666666667,1.0,1,6,1,1,0.0,1,0,0.0,0.0,0
-ri04Z7vwnc/0,47,2.6267986666666667,2.6826879999999997,1.0,1,6,1,1,0.0,2,0,0.0,0.0,0
-ri04Z7vwnc/0,48,2.6826879999999997,2.738577333333333,0.846530020236969,1,5,1,1,0.0,1,0,0.0,0.0,0
-ri04Z7vwnc/0,49,2.738577333333333,2.7944666666666667,0.0,0,1,1,1,0.0,1,0,0.0,0.0,0
-ri04Z7vwnc/2,0,0.0,0.12011977777777777,1.0,1,11,1,1,0.0,3,0,0.0,0.0,0
-ri04Z7vwnc/2,1,0.12011977777777777,0.24023955555555554,1.0,1,12,1,1,0.0,3,0,0.0,0.0,0
-ri04Z7vwnc/2,2,0.24023955555555554,0.3603593333333333,1.0,1,12,1,1,0.6666666865348816,3,0,0.0,0.0,0
-ri04Z7vwnc/2,3,0.3603593333333333,0.4804791111111111,1.0,1,12,1,1,0.4166666567325592,3,0,0.0,0.0,0
-ri04Z7vwnc/2,4,0.4804791111111111,0.6005988888888889,1.0,1,12,1,1,0.0,3,0,0.0,0.0,0
-ri04Z7vwnc/2,5,0.6005988888888889,0.7207186666666666,1.0,1,12,1,1,0.0,3,0,0.0,0.0,0
-ri04Z7vwnc/2,6,0.7207186666666666,0.8408384444444443,1.0,1,12,1,1,0.0,3,0,0.0,0.0,0
-ri04Z7vwnc/2,7,0.8408384444444443,0.9609582222222222,1.0,1,12,1,1,0.0,3,0,0.0,0.0,0
-ri04Z7vwnc/2,8,0.9609582222222222,1.081078,0.24177348613739014,1,12,1,1,0.0,2,0,0.0,0.0,0
-ri04Z7vwnc/2,9,1.081078,1.2011977777777778,0.176472008228302,1,12,1,1,0.0,3,0,0.0,0.0,0
-ri04Z7vwnc/2,10,1.2011977777777778,1.3213175555555554,1.0,1,12,1,1,0.0,3,0,0.0,0.0,0
-ri04Z7vwnc/2,11,1.3213175555555554,1.4414373333333332,1.0,1,12,1,1,0.0,3,0,0.0,0.0,0
-ri04Z7vwnc/2,12,1.4414373333333332,1.561557111111111,1.0,1,12,1,1,0.0,3,0,0.0,0.0,0
-ri04Z7vwnc/2,13,1.561557111111111,1.6816768888888887,1.0,1,12,1,1,0.0,3,0,0.0,0.0,0
-ri04Z7vwnc/2,14,1.6816768888888887,1.8017966666666665,1.0,1,12,1,1,0.0,3,0,0.0,0.0,0
-ri04Z7vwnc/2,15,1.8017966666666665,1.9219164444444443,1.0,1,12,1,1,0.0,3,0,0.0,0.0,0
-ri04Z7vwnc/2,16,1.9219164444444443,2.042036222222222,1.0,1,12,1,1,0.0,2,0,0.0,0.0,0
-ri04Z7vwnc/2,17,2.042036222222222,2.162156,1.0,1,12,1,1,0.0,3,0,0.0,0.0,0
-ri04Z7vwnc/2,18,2.162156,2.2822757777777776,1.0,1,12,1,1,0.0,3,0,0.0,0.0,0
-ri04Z7vwnc/2,19,2.2822757777777776,2.4023955555555556,1.0,1,12,1,1,0.0,3,0,0.0,0.0,0
-ri04Z7vwnc/2,20,2.4023955555555556,2.522515333333333,1.0,1,13,1,1,0.0,3,0,0.0,0.0,0
-ri04Z7vwnc/2,21,2.522515333333333,2.642635111111111,1.0,1,12,1,1,0.0,3,0,0.0,0.0,0
-ri04Z7vwnc/2,22,2.642635111111111,2.762754888888889,1.0,1,12,1,1,0.0,3,0,0.0,0.0,0
-ri04Z7vwnc/2,23,2.762754888888889,2.8828746666666665,1.0,1,12,1,1,0.0,3,0,0.0,0.0,0
-ri04Z7vwnc/2,24,2.8828746666666665,3.002994444444444,1.0,1,12,1,1,0.0,2,0,0.0,0.0,0
-ri04Z7vwnc/2,25,3.002994444444444,3.123114222222222,1.0,1,12,1,1,0.0,3,0,0.0,0.0,0
-ri04Z7vwnc/2,26,3.123114222222222,3.2432339999999997,1.0,1,12,1,1,0.0,3,0,0.0,0.0,0
-ri04Z7vwnc/2,27,3.2432339999999997,3.3633537777777773,1.0,1,12,1,1,0.0,3,0,0.0,0.0,0
-ri04Z7vwnc/2,28,3.3633537777777773,3.4834735555555554,1.0,1,12,1,1,0.0,3,0,0.0,0.0,0
-ri04Z7vwnc/2,29,3.4834735555555554,3.603593333333333,1.0,1,12,1,1,0.0,3,0,0.0,0.0,0
-ri04Z7vwnc/2,30,3.603593333333333,3.723713111111111,1.0,1,12,1,1,0.0,3,0,0.0,0.0,0
-ri04Z7vwnc/2,31,3.723713111111111,3.8438328888888886,1.0,1,12,1,1,0.0,3,0,0.0,0.0,0
-ri04Z7vwnc/2,32,3.8438328888888886,3.9639526666666662,1.0,1,12,1,1,0.0,3,3,1.0,0.9201362729072571,1
-ri04Z7vwnc/2,33,3.9639526666666662,4.084072444444444,1.0,1,12,1,1,0.25,2,2,1.0,0.9243648648262024,1
-ri04Z7vwnc/2,34,4.084072444444444,4.204192222222222,1.0,1,12,1,1,0.5,3,3,1.0,0.9272840023040771,1
-ri04Z7vwnc/2,35,4.204192222222222,4.324312,0.21485036611557007,1,12,1,1,0.0,3,3,1.0,0.9217453598976135,1
-ri04Z7vwnc/2,36,4.324312,4.444431777777777,0.7028965353965759,1,12,1,1,0.0,3,3,1.0,0.9245263934135437,1
-ri04Z7vwnc/2,37,4.444431777777777,4.564551555555555,0.21285605430603027,1,12,1,1,0.0,3,3,1.0,0.9270229339599609,1
-ri04Z7vwnc/2,38,4.564551555555555,4.684671333333333,0.0,0,12,1,1,0.0,3,3,1.0,0.9236333966255188,1
-ri04Z7vwnc/2,39,4.684671333333333,4.804791111111111,0.0,0,12,1,1,0.0,3,3,1.0,0.9210689663887024,1
-ri04Z7vwnc/2,40,4.804791111111111,4.924910888888888,0.2906339764595032,1,12,1,1,0.1666666716337204,3,3,1.0,0.9274656176567078,1
-ri04Z7vwnc/2,41,4.924910888888888,5.045030666666666,1.0,1,12,1,1,0.3333333432674408,2,2,1.0,0.9263365268707275,1
-ri04Z7vwnc/2,42,5.045030666666666,5.1651504444444445,1.0,1,12,1,1,0.0,3,3,1.0,0.9284152984619141,1
-ri04Z7vwnc/2,43,5.1651504444444445,5.285270222222222,1.0,1,12,1,1,0.0,3,3,1.0,0.9266327023506165,1
-ri04Z7vwnc/2,44,5.285270222222222,5.40539,0.6221271753311157,1,12,1,1,0.0,3,3,1.0,0.923067033290863,1
-ri04Z7vwnc/2,45,5.40539,5.525509777777778,0.0,0,12,1,1,0.0,3,3,1.0,0.9212217330932617,1
-ri04Z7vwnc/2,46,5.525509777777778,5.645629555555555,0.0,0,12,1,1,0.0,3,3,1.0,0.9223535060882568,1
-ri04Z7vwnc/2,47,5.645629555555555,5.765749333333333,0.0,0,12,1,1,0.0,3,3,1.0,0.9224426746368408,1
-ri04Z7vwnc/2,48,5.765749333333333,5.885869111111111,0.0,0,12,1,1,0.0,3,3,1.0,0.9208295941352844,1
-ri04Z7vwnc/2,49,5.885869111111111,6.005988888888888,0.0,0,1,1,1,0.0,1,1,1.0,0.9262607097625732,1
-ri04Z7vwnc/5,0,0.0,0.07007000000000001,0.0,0,6,1,1,0.0,2,2,1.0,0.9346083402633667,1
-ri04Z7vwnc/5,1,0.07007000000000001,0.14014000000000001,0.858284592628479,1,7,1,1,0.0,2,2,1.0,0.9334669709205627,1
-ri04Z7vwnc/5,2,0.14014000000000001,0.21021,0.8542885780334473,1,7,1,1,0.0,2,2,1.0,0.9309588074684143,1
-ri04Z7vwnc/5,3,0.21021,0.28028000000000003,0.0,0,7,1,1,0.0,1,1,1.0,0.9288332462310791,1
-ri04Z7vwnc/5,4,0.28028000000000003,0.35035000000000005,0.0,0,7,1,1,0.0,2,2,1.0,0.9283897280693054,1
-ri04Z7vwnc/5,5,0.35035000000000005,0.42042,0.0,0,7,1,1,0.0,2,2,1.0,0.9273871779441833,1
-ri04Z7vwnc/5,6,0.42042,0.49049000000000004,0.720565140247345,1,7,1,1,0.1428571492433548,1,1,1.0,0.9253401160240173,1
-ri04Z7vwnc/5,7,0.49049000000000004,0.5605600000000001,1.0,1,7,1,1,0.0,2,2,1.0,0.9294273257255554,1
-ri04Z7vwnc/5,8,0.5605600000000001,0.63063,1.0,1,7,1,1,0.0,2,2,1.0,0.9277573823928833,1
-ri04Z7vwnc/5,9,0.63063,0.7007000000000001,1.0,1,7,1,1,0.0,1,1,1.0,0.9272510409355164,1
-ri04Z7vwnc/5,10,0.7007000000000001,0.7707700000000001,1.0,1,7,1,1,0.0,2,2,1.0,0.9297036528587341,1
-ri04Z7vwnc/5,11,0.7707700000000001,0.84084,0.4171542823314667,1,7,1,1,0.5714285969734192,2,2,1.0,0.9321016073226929,1
-ri04Z7vwnc/5,12,0.84084,0.9109100000000001,0.44113031029701233,1,7,1,1,0.2857142984867096,1,1,1.0,0.9329665899276733,1
-ri04Z7vwnc/5,13,0.9109100000000001,0.9809800000000001,1.0,1,7,1,1,0.0,2,2,1.0,0.9324507117271423,1
-ri04Z7vwnc/5,14,0.9809800000000001,1.05105,1.0,1,7,1,1,0.0,2,2,1.0,0.9308040142059326,1
-ri04Z7vwnc/5,15,1.05105,1.1211200000000001,1.0,1,7,1,1,0.1428571492433548,1,1,1.0,0.9299553632736206,1
-ri04Z7vwnc/5,16,1.1211200000000001,1.1911900000000002,1.0,1,7,1,1,0.0,2,2,1.0,0.9285118579864502,1
-ri04Z7vwnc/5,17,1.1911900000000002,1.26126,1.0,1,7,1,1,0.0,2,2,1.0,0.9287608861923218,1
-ri04Z7vwnc/5,18,1.26126,1.3313300000000001,1.0,1,7,1,1,0.0,1,1,1.0,0.9285860657691956,1
-ri04Z7vwnc/5,19,1.3313300000000001,1.4014000000000002,1.0,1,7,1,1,0.0,2,2,1.0,0.9283087253570557,1
-ri04Z7vwnc/5,20,1.4014000000000002,1.47147,1.0,1,7,1,1,0.0,2,2,1.0,0.927149772644043,1
-ri04Z7vwnc/5,21,1.47147,1.5415400000000001,1.0,1,7,1,1,0.0,1,1,1.0,0.9258007407188416,1
-ri04Z7vwnc/5,22,1.5415400000000001,1.6116100000000002,1.0,1,7,1,1,0.0,2,2,1.0,0.9256191253662109,1
-ri04Z7vwnc/5,23,1.6116100000000002,1.68168,1.0,1,7,1,1,0.0,2,2,1.0,0.9295875430107117,1
-ri04Z7vwnc/5,24,1.68168,1.7517500000000001,1.0,1,7,1,1,0.0,1,1,1.0,0.9296181797981262,1
-ri04Z7vwnc/5,25,1.7517500000000001,1.8218200000000002,0.6885971426963806,1,7,1,1,0.0,2,2,1.0,0.9303501844406128,1
-ri04Z7vwnc/5,26,1.8218200000000002,1.8918900000000003,0.0,0,7,1,1,0.0,2,2,1.0,0.9297435283660889,1
-ri04Z7vwnc/5,27,1.8918900000000003,1.9619600000000001,0.0,0,7,1,1,0.0,2,2,1.0,0.9290791749954224,1
-ri04Z7vwnc/5,28,1.9619600000000001,2.0320300000000002,0.0,0,7,1,1,0.0,1,1,1.0,0.9256789684295654,1
-ri04Z7vwnc/5,29,2.0320300000000002,2.1021,0.0,0,7,1,1,0.0,2,2,1.0,0.9268904328346252,1
-ri04Z7vwnc/5,30,2.1021,2.1721700000000004,0.0,0,7,1,1,0.0,2,2,1.0,0.9240272045135498,1
-ri04Z7vwnc/5,31,2.1721700000000004,2.2422400000000002,0.0,0,7,1,1,0.0,1,1,1.0,0.9220930337905884,1
-ri04Z7vwnc/5,32,2.2422400000000002,2.31231,0.8892536163330078,1,7,1,1,0.0,2,2,1.0,0.9228402972221375,1
-ri04Z7vwnc/5,33,2.31231,2.3823800000000004,1.0,1,7,1,1,0.0,2,2,1.0,0.9283298254013062,1
-ri04Z7vwnc/5,34,2.3823800000000004,2.4524500000000002,1.0,1,7,1,1,0.0,1,1,1.0,0.9300968050956726,1
-ri04Z7vwnc/5,35,2.4524500000000002,2.52252,1.0,1,8,1,1,0.0,2,2,1.0,0.9310699701309204,1
-ri04Z7vwnc/5,36,2.52252,2.5925900000000004,1.0,1,7,1,1,0.0,2,2,1.0,0.9318597316741943,1
-ri04Z7vwnc/5,37,2.5925900000000004,2.6626600000000002,1.0,1,7,1,1,0.0,1,1,1.0,0.932274580001831,1
-ri04Z7vwnc/5,38,2.6626600000000002,2.73273,1.0,1,7,1,1,0.0,2,2,1.0,0.931840181350708,1
-ri04Z7vwnc/5,39,2.73273,2.8028000000000004,1.0,1,7,1,1,0.2857142984867096,2,2,1.0,0.9321640729904175,1
-ri04Z7vwnc/5,40,2.8028000000000004,2.8728700000000003,1.0,1,7,1,1,0.1428571492433548,1,1,1.0,0.9322940707206726,1
-ri04Z7vwnc/5,41,2.8728700000000003,2.94294,0.815327525138855,1,7,1,1,0.0,2,2,1.0,0.9329618811607361,1
-ri04Z7vwnc/5,42,2.94294,3.0130100000000004,0.0,0,7,1,1,0.0,2,2,1.0,0.9326665997505188,1
-ri04Z7vwnc/5,43,3.0130100000000004,3.0830800000000003,0.0,0,7,1,1,0.0,1,1,1.0,0.9323214888572693,1
-ri04Z7vwnc/5,44,3.0830800000000003,3.15315,0.0,0,7,1,1,0.0,2,2,1.0,0.9344207048416138,1
-ri04Z7vwnc/5,45,3.15315,3.2232200000000004,0.0,0,7,1,1,0.0,2,2,1.0,0.9353584051132202,1
-ri04Z7vwnc/5,46,3.2232200000000004,3.2932900000000003,0.0,0,7,1,1,0.0,1,1,1.0,0.9348719716072083,1
-ri04Z7vwnc/5,47,3.2932900000000003,3.36336,0.0,0,7,1,1,0.0,2,2,1.0,0.9350906610488892,1
-ri04Z7vwnc/5,48,3.36336,3.4334300000000004,0.0,0,6,1,1,0.0,1,1,1.0,0.9345203042030334,1
-ri04Z7vwnc/5,49,3.4334300000000004,3.5035000000000003,0.0,0,0,0,0,0.0,1,1,1.0,0.9324288368225098,1
-s9qJ7ATP7w/1,0,0.0,0.09533333333333333,0.0,0,9,1,1,0.0,3,3,1.0,0.9195448756217957,1
-s9qJ7ATP7w/1,1,0.09533333333333333,0.19066666666666665,0.0,0,9,1,1,0.0,3,3,1.0,0.9219396710395813,1
-s9qJ7ATP7w/1,2,0.19066666666666665,0.286,0.0,0,10,1,1,0.0,3,3,1.0,0.9224538803100586,1
-s9qJ7ATP7w/1,3,0.286,0.3813333333333333,0.0,0,9,1,1,0.0,3,3,1.0,0.9179860949516296,1
-s9qJ7ATP7w/1,4,0.3813333333333333,0.4766666666666666,0.0,0,10,1,1,0.0,3,3,1.0,0.91941237449646,1
-s9qJ7ATP7w/1,5,0.4766666666666666,0.572,0.440559446811676,1,9,1,1,0.0,3,3,1.0,0.9238201975822449,1
-s9qJ7ATP7w/1,6,0.572,0.6673333333333333,1.0,1,10,1,1,0.0,3,3,1.0,0.9257842898368835,1
-s9qJ7ATP7w/1,7,0.6673333333333333,0.7626666666666666,0.0279720276594162,1,10,1,1,0.0,2,2,1.0,0.9259677529335022,1
-s9qJ7ATP7w/1,8,0.7626666666666666,0.8579999999999999,0.503496527671814,1,9,1,1,0.0,3,3,1.0,0.9275186657905579,1
-s9qJ7ATP7w/1,9,0.8579999999999999,0.9533333333333333,1.0,1,10,1,1,0.0,3,3,1.0,0.9223060011863708,1
-s9qJ7ATP7w/1,10,0.9533333333333333,1.0486666666666666,0.5944055914878845,1,9,1,1,0.0,3,3,1.0,0.9185183644294739,1
-s9qJ7ATP7w/1,11,1.0486666666666666,1.144,0.0,0,10,1,1,0.0,3,3,1.0,0.9214136004447937,1
-s9qJ7ATP7w/1,12,1.144,1.2393333333333332,0.0,0,9,1,1,0.0,3,3,1.0,0.924572765827179,1
-s9qJ7ATP7w/1,13,1.2393333333333332,1.3346666666666667,0.0,0,10,1,1,0.0,3,3,1.0,0.9158100485801697,1
-s9qJ7ATP7w/1,14,1.3346666666666667,1.43,0.6293706297874451,1,9,1,1,0.0,2,2,1.0,0.9212222099304199,1
-s9qJ7ATP7w/1,15,1.43,1.5253333333333332,1.0,1,10,1,1,0.0,3,3,1.0,0.9260998368263245,1
-s9qJ7ATP7w/1,16,1.5253333333333332,1.6206666666666665,1.0,1,9,1,1,0.0,3,3,1.0,0.9247382283210754,1
-s9qJ7ATP7w/1,17,1.6206666666666665,1.7159999999999997,1.0,1,10,1,1,0.0,3,3,1.0,0.9232192039489746,1
-s9qJ7ATP7w/1,18,1.7159999999999997,1.8113333333333332,1.0,1,9,1,1,0.0,3,3,1.0,0.9278812408447266,1
-s9qJ7ATP7w/1,19,1.8113333333333332,1.9066666666666665,1.0,1,10,1,1,0.0,3,3,1.0,0.9326140284538269,1
-s9qJ7ATP7w/1,20,1.9066666666666665,2.002,1.0,1,9,1,1,0.0,3,3,1.0,0.929974377155304,1
-s9qJ7ATP7w/1,21,2.002,2.0973333333333333,1.0,1,10,1,1,0.0,2,2,1.0,0.9312922358512878,1
-s9qJ7ATP7w/1,22,2.0973333333333333,2.1926666666666663,1.0,1,10,1,1,0.0,3,3,1.0,0.9305930137634277,1
-s9qJ7ATP7w/1,23,2.1926666666666663,2.288,1.0,1,9,1,1,0.0,3,3,1.0,0.9285454750061035,1
-s9qJ7ATP7w/1,24,2.288,2.3833333333333333,1.0,1,10,1,1,0.0,3,3,1.0,0.9282943606376648,1
-s9qJ7ATP7w/1,25,2.3833333333333333,2.4786666666666664,1.0,1,9,1,1,0.0,3,3,1.0,0.9284096360206604,1
-s9qJ7ATP7w/1,26,2.4786666666666664,2.574,1.0,1,10,1,1,0.0,3,3,1.0,0.927574098110199,1
-s9qJ7ATP7w/1,27,2.574,2.6693333333333333,0.06293706595897675,1,9,1,1,0.0,3,3,1.0,0.927699089050293,1
-s9qJ7ATP7w/1,28,2.6693333333333333,2.7646666666666664,0.0,0,10,1,1,0.0,2,2,1.0,0.9271384477615356,1
-s9qJ7ATP7w/1,29,2.7646666666666664,2.86,0.0,0,9,1,1,0.0,3,3,1.0,0.9239859580993652,1
-s9qJ7ATP7w/1,30,2.86,2.955333333333333,0.0,0,10,1,1,0.0,3,3,1.0,0.9240919947624207,1
-s9qJ7ATP7w/1,31,2.955333333333333,3.0506666666666664,0.0,0,9,1,1,0.0,3,3,1.0,0.9246891140937805,1
-s9qJ7ATP7w/1,32,3.0506666666666664,3.146,0.9020978808403015,1,10,1,1,0.0,3,3,1.0,0.9220352172851562,1
-s9qJ7ATP7w/1,33,3.146,3.241333333333333,1.0,1,9,1,1,0.0,3,3,1.0,0.9179543852806091,1
-s9qJ7ATP7w/1,34,3.241333333333333,3.3366666666666664,1.0,1,10,1,1,0.0,3,3,1.0,0.9285964965820312,1
-s9qJ7ATP7w/1,35,3.3366666666666664,3.4319999999999995,1.0,1,9,1,1,0.0,2,1,0.5,0.9288280606269836,1
-s9qJ7ATP7w/1,36,3.4319999999999995,3.527333333333333,1.0,1,10,1,1,0.0,3,1,0.3333333432674408,0.9283197522163391,1
-s9qJ7ATP7w/1,37,3.527333333333333,3.6226666666666665,0.3426573574542999,1,10,1,1,0.0,3,1,0.3333333432674408,0.9261990189552307,1
-s9qJ7ATP7w/1,38,3.6226666666666665,3.7179999999999995,0.0,0,9,1,1,0.0,3,3,1.0,0.9207887053489685,1
-s9qJ7ATP7w/1,39,3.7179999999999995,3.813333333333333,0.139860138297081,1,10,1,1,0.0,3,3,1.0,0.9253305792808533,1
-s9qJ7ATP7w/1,40,3.813333333333333,3.9086666666666665,1.0,1,9,1,1,0.0,3,3,1.0,0.9301051497459412,1
-s9qJ7ATP7w/1,41,3.9086666666666665,4.004,1.0,1,10,1,1,0.30000001192092896,3,3,1.0,0.9244721531867981,1
-s9qJ7ATP7w/1,42,4.004,4.099333333333333,1.0,1,9,1,1,0.0,2,2,1.0,0.9239828586578369,1
-s9qJ7ATP7w/1,43,4.099333333333333,4.1946666666666665,1.0,1,10,1,1,0.0,3,3,1.0,0.9269945025444031,1
-s9qJ7ATP7w/1,44,4.1946666666666665,4.29,1.0,1,9,1,1,0.0,3,3,1.0,0.9258260726928711,1
-s9qJ7ATP7w/1,45,4.29,4.385333333333333,1.0,1,10,1,1,0.0,3,3,1.0,0.9249122738838196,1
-s9qJ7ATP7w/1,46,4.385333333333333,4.480666666666666,0.04895104840397835,1,9,1,1,0.0,3,3,1.0,0.9232814311981201,1
-s9qJ7ATP7w/1,47,4.480666666666666,4.576,0.0,0,10,1,1,0.0,3,3,1.0,0.9244444966316223,1
-s9qJ7ATP7w/1,48,4.576,4.671333333333333,0.0,0,5,1,1,0.0,1,0,0.0,0.0,0
-s9qJ7ATP7w/1,49,4.671333333333333,4.766666666666667,0.0,0,0,0,0,0.0,1,1,1.0,0.9197288155555725,1
-s9qJ7ATP7w/0,0,0.0,0.13733333333333334,0.7815533876419067,1,13,1,1,0.0,5,5,1.0,0.9098674654960632,1
-s9qJ7ATP7w/0,1,0.13733333333333334,0.27466666666666667,1.0,1,14,1,1,0.0,4,4,1.0,0.9080213308334351,1
-s9qJ7ATP7w/0,2,0.27466666666666667,0.41200000000000003,1.0,1,13,1,1,0.0,4,4,1.0,0.9009246826171875,1
-s9qJ7ATP7w/0,3,0.41200000000000003,0.5493333333333333,1.0,1,14,1,1,0.0,4,4,1.0,0.8968405723571777,1
-s9qJ7ATP7w/0,4,0.5493333333333333,0.6866666666666666,1.0,1,14,1,1,0.0,4,4,1.0,0.9020031094551086,1
-s9qJ7ATP7w/0,5,0.6866666666666666,0.8240000000000001,1.0,1,14,1,1,0.0,4,4,1.0,0.9037215113639832,1
-s9qJ7ATP7w/0,6,0.8240000000000001,0.9613333333333334,1.0,1,13,1,1,0.0,4,4,1.0,0.8995822668075562,1
-s9qJ7ATP7w/0,7,0.9613333333333334,1.0986666666666667,1.0,1,14,1,1,0.0,4,4,1.0,0.9058266878128052,1
-s9qJ7ATP7w/0,8,1.0986666666666667,1.236,1.0,1,14,1,1,0.0,5,4,0.800000011920929,0.9084200859069824,1
-s9qJ7ATP7w/0,9,1.236,1.3733333333333333,1.0,1,14,1,1,0.0,4,4,1.0,0.9075006246566772,1
-s9qJ7ATP7w/0,10,1.3733333333333333,1.5106666666666666,0.48543688654899597,1,13,1,1,0.0,4,4,1.0,0.9193207025527954,1
-s9qJ7ATP7w/0,11,1.5106666666666666,1.6480000000000001,0.0,0,14,1,1,0.0,4,4,1.0,0.9219539761543274,1
-s9qJ7ATP7w/0,12,1.6480000000000001,1.7853333333333334,0.4757281541824341,1,14,1,1,0.0,4,4,1.0,0.9199484586715698,1
-s9qJ7ATP7w/0,13,1.7853333333333334,1.9226666666666667,1.0,1,14,1,1,0.0,4,3,0.75,0.9109075665473938,1
-s9qJ7ATP7w/0,14,1.9226666666666667,2.06,1.0,1,13,1,1,0.0,4,2,0.5,0.9081628918647766,1
-s9qJ7ATP7w/0,15,2.06,2.1973333333333334,1.0,1,14,1,1,0.0,4,3,0.75,0.9162046909332275,1
-s9qJ7ATP7w/0,16,2.1973333333333334,2.3346666666666667,1.0,1,14,1,1,0.0,5,5,1.0,0.9194964170455933,1
-s9qJ7ATP7w/0,17,2.3346666666666667,2.472,1.0,1,13,1,1,0.0,4,4,1.0,0.9190499782562256,1
-s9qJ7ATP7w/0,18,2.472,2.6093333333333333,1.0,1,14,1,1,0.0,4,4,1.0,0.9135732650756836,1
-s9qJ7ATP7w/0,19,2.6093333333333333,2.7466666666666666,1.0,1,14,1,1,0.0,4,4,1.0,0.9139872789382935,1
-s9qJ7ATP7w/0,20,2.7466666666666666,2.884,1.0,1,14,1,1,0.0,4,4,1.0,0.9203993082046509,1
-s9qJ7ATP7w/0,21,2.884,3.021333333333333,1.0,1,13,1,1,0.0,4,4,1.0,0.9237091541290283,1
-s9qJ7ATP7w/0,22,3.021333333333333,3.1586666666666665,1.0,1,14,1,1,0.0,4,4,1.0,0.934890627861023,1
-s9qJ7ATP7w/0,23,3.1586666666666665,3.2960000000000003,1.0,1,14,1,1,0.0,4,4,1.0,0.9379895329475403,1
-s9qJ7ATP7w/0,24,3.2960000000000003,3.4333333333333336,1.0,1,14,1,1,0.0,5,5,1.0,0.9433574676513672,1
-s9qJ7ATP7w/0,25,3.4333333333333336,3.570666666666667,1.0,1,13,1,1,0.0,4,4,1.0,0.9407587051391602,1
-s9qJ7ATP7w/0,26,3.570666666666667,3.708,1.0,1,14,1,1,0.0,4,4,1.0,0.9359445571899414,1
-s9qJ7ATP7w/0,27,3.708,3.8453333333333335,1.0,1,14,1,1,0.0,4,4,1.0,0.9371074438095093,1
-s9qJ7ATP7w/0,28,3.8453333333333335,3.982666666666667,1.0,1,14,1,1,0.0,4,4,1.0,0.9388216733932495,1
-s9qJ7ATP7w/0,29,3.982666666666667,4.12,1.0,1,13,1,1,0.0,4,4,1.0,0.9410107135772705,1
-s9qJ7ATP7w/0,30,4.12,4.257333333333333,1.0,1,14,1,1,0.0,4,4,1.0,0.9382115602493286,1
-s9qJ7ATP7w/0,31,4.257333333333333,4.394666666666667,0.019417475908994675,1,14,1,1,0.0,4,4,1.0,0.9348293542861938,1
-s9qJ7ATP7w/0,32,4.394666666666667,4.532,0.7427184581756592,1,13,1,1,0.0,4,4,1.0,0.9271750450134277,1
-s9qJ7ATP7w/0,33,4.532,4.669333333333333,1.0,1,14,1,1,0.0,5,5,1.0,0.922743022441864,1
-s9qJ7ATP7w/0,34,4.669333333333333,4.806666666666667,1.0,1,14,1,1,0.0,4,4,1.0,0.9231273531913757,1
-s9qJ7ATP7w/0,35,4.806666666666667,4.944,0.5339806079864502,1,14,1,1,0.0,4,4,1.0,0.9186279773712158,1
-s9qJ7ATP7w/0,36,4.944,5.081333333333333,0.0,0,13,1,1,0.0,4,4,1.0,0.9215762615203857,1
-s9qJ7ATP7w/0,37,5.081333333333333,5.218666666666667,0.28155338764190674,1,14,1,1,0.0,4,4,1.0,0.9255726337432861,1
-s9qJ7ATP7w/0,38,5.218666666666667,5.356,1.0,1,14,1,1,0.0,4,3,0.75,0.9245808720588684,1
-s9qJ7ATP7w/0,39,5.356,5.493333333333333,1.0,1,14,1,1,0.0,4,2,0.5,0.9244197607040405,1
-s9qJ7ATP7w/0,40,5.493333333333333,5.6306666666666665,1.0,1,13,1,1,0.0,4,4,1.0,0.9221184253692627,1
-s9qJ7ATP7w/0,41,5.6306666666666665,5.768,1.0,1,14,1,1,0.0,5,5,1.0,0.9217718243598938,1
-s9qJ7ATP7w/0,42,5.768,5.905333333333333,1.0,1,14,1,1,0.0,4,4,1.0,0.920555591583252,1
-s9qJ7ATP7w/0,43,5.905333333333333,6.042666666666666,1.0,1,14,1,1,0.0,4,4,1.0,0.9205653071403503,1
-s9qJ7ATP7w/0,44,6.042666666666666,6.18,0.8543689250946045,1,13,1,1,0.0,4,4,1.0,0.9186883568763733,1
-s9qJ7ATP7w/0,45,6.18,6.317333333333333,0.0,0,14,1,1,0.0,4,4,1.0,0.9215474724769592,1
-s9qJ7ATP7w/0,46,6.317333333333333,6.454666666666666,0.0,0,14,1,1,0.0,4,4,1.0,0.9214215278625488,1
-s9qJ7ATP7w/0,47,6.454666666666666,6.5920000000000005,0.0,0,13,1,1,0.0,4,4,1.0,0.9183791875839233,1
-s9qJ7ATP7w/0,48,6.5920000000000005,6.729333333333334,0.0,0,11,1,1,0.0,4,4,1.0,0.922953724861145,1
-s9qJ7ATP7w/0,49,6.729333333333334,6.866666666666666,0.0,0,0,0,0,0.0,2,2,1.0,0.9259821772575378,1
-s9qJ7ATP7w/5,0,0.0,0.17066666666666666,0.0,0,16,1,1,0.0,6,6,1.0,0.9329164624214172,1
-s9qJ7ATP7w/5,1,0.17066666666666666,0.3413333333333333,0.0,0,17,1,1,0.0,5,5,1.0,0.9362350702285767,1
-s9qJ7ATP7w/5,2,0.3413333333333333,0.512,0.7734375,1,17,1,1,0.0,5,5,1.0,0.9395838975906372,1
-s9qJ7ATP7w/5,3,0.512,0.6826666666666666,1.0,1,18,1,1,0.0,5,5,1.0,0.930750846862793,1
-s9qJ7ATP7w/5,4,0.6826666666666666,0.8533333333333333,0.51171875,1,17,1,1,0.0,5,5,1.0,0.9312370419502258,1
-s9qJ7ATP7w/5,5,0.8533333333333333,1.024,0.0,0,17,1,1,0.0,5,5,1.0,0.932542622089386,1
-s9qJ7ATP7w/5,6,1.024,1.1946666666666665,0.4375,1,17,1,1,0.0,5,5,1.0,0.9379652738571167,1
-s9qJ7ATP7w/5,7,1.1946666666666665,1.3653333333333333,1.0,1,17,1,1,0.0,5,5,1.0,0.9379361271858215,1
-s9qJ7ATP7w/5,8,1.3653333333333333,1.536,1.0,1,17,1,1,0.0,6,6,1.0,0.9345389008522034,1
-s9qJ7ATP7w/5,9,1.536,1.7066666666666666,0.90234375,1,17,1,1,0.0,5,5,1.0,0.9396112561225891,1
-s9qJ7ATP7w/5,10,1.7066666666666666,1.8773333333333333,0.8046875,1,17,1,1,0.0,5,5,1.0,0.9394909143447876,1
-s9qJ7ATP7w/5,11,1.8773333333333333,2.048,1.0,1,17,1,1,0.0,5,5,1.0,0.9325917959213257,1
-s9qJ7ATP7w/5,12,2.048,2.2186666666666666,1.0,1,17,1,1,0.0,5,5,1.0,0.9307389259338379,1
-s9qJ7ATP7w/5,13,2.2186666666666666,2.389333333333333,1.0,1,17,1,1,0.0,5,5,1.0,0.9309920072555542,1
-s9qJ7ATP7w/5,14,2.389333333333333,2.56,1.0,1,17,1,1,0.0,5,5,1.0,0.933332085609436,1
-s9qJ7ATP7w/5,15,2.56,2.7306666666666666,1.0,1,17,1,1,0.0,5,5,1.0,0.9355120658874512,1
-s9qJ7ATP7w/5,16,2.7306666666666666,2.901333333333333,1.0,1,17,1,1,0.0,6,6,1.0,0.9401758313179016,1
-s9qJ7ATP7w/5,17,2.901333333333333,3.072,1.0,1,17,1,1,0.0,5,5,1.0,0.9359074831008911,1
-s9qJ7ATP7w/5,18,3.072,3.2426666666666666,1.0,1,18,1,1,0.0,5,5,1.0,0.9396421313285828,1
-s9qJ7ATP7w/5,19,3.2426666666666666,3.413333333333333,1.0,1,17,1,1,0.0,5,5,1.0,0.9386593103408813,1
-s9qJ7ATP7w/5,20,3.413333333333333,3.584,1.0,1,17,1,1,0.0,5,5,1.0,0.9402458071708679,1
-s9qJ7ATP7w/5,21,3.584,3.7546666666666666,0.70703125,1,17,1,1,0.0,5,5,1.0,0.940582275390625,1
-s9qJ7ATP7w/5,22,3.7546666666666666,3.925333333333333,1.0,1,17,1,1,0.0,5,5,1.0,0.9353917837142944,1
-s9qJ7ATP7w/5,23,3.925333333333333,4.096,0.7890625,1,17,1,1,0.0,5,5,1.0,0.9378682374954224,1
-s9qJ7ATP7w/5,24,4.096,4.266666666666667,0.0,0,17,1,1,0.0,5,5,1.0,0.9357272386550903,1
-s9qJ7ATP7w/5,25,4.266666666666667,4.437333333333333,0.0,0,17,1,1,0.0,6,6,1.0,0.9350480437278748,1
-s9qJ7ATP7w/5,26,4.437333333333333,4.608,0.0,0,17,1,1,0.0,5,5,1.0,0.9362089037895203,1
-s9qJ7ATP7w/5,27,4.608,4.778666666666666,0.0,0,17,1,1,0.0,5,5,1.0,0.9338349103927612,1
-s9qJ7ATP7w/5,28,4.778666666666666,4.949333333333334,0.69921875,1,17,1,1,0.0,5,5,1.0,0.9395179748535156,1
-s9qJ7ATP7w/5,29,4.949333333333334,5.12,1.0,1,17,1,1,0.11764705926179886,5,5,1.0,0.9398900270462036,1
-s9qJ7ATP7w/5,30,5.12,5.290666666666667,1.0,1,17,1,1,0.0,5,5,1.0,0.9369502067565918,1
-s9qJ7ATP7w/5,31,5.290666666666667,5.461333333333333,1.0,1,17,1,1,0.0,5,5,1.0,0.9325242042541504,1
-s9qJ7ATP7w/5,32,5.461333333333333,5.632,1.0,1,17,1,1,0.0,5,5,1.0,0.9192067384719849,1
-s9qJ7ATP7w/5,33,5.632,5.802666666666666,1.0,1,18,1,1,0.0,6,6,1.0,0.9051316380500793,1
-s9qJ7ATP7w/5,34,5.802666666666666,5.973333333333333,1.0,1,17,1,1,0.0,5,5,1.0,0.9081142544746399,1
-s9qJ7ATP7w/5,35,5.973333333333333,6.144,1.0,1,17,1,1,0.0,5,5,1.0,0.9084533452987671,1
-s9qJ7ATP7w/5,36,6.144,6.314666666666667,1.0,1,17,1,1,0.0,5,5,1.0,0.9139215350151062,1
-s9qJ7ATP7w/5,37,6.314666666666667,6.485333333333333,0.32421875,1,17,1,1,0.0,5,5,1.0,0.9156527519226074,1
-s9qJ7ATP7w/5,38,6.485333333333333,6.656,0.0,0,17,1,1,0.0,5,5,1.0,0.915209949016571,1
-s9qJ7ATP7w/5,39,6.656,6.826666666666666,0.80078125,1,17,1,1,0.0,5,5,1.0,0.9145317077636719,1
-s9qJ7ATP7w/5,40,6.826666666666666,6.997333333333333,1.0,1,17,1,1,0.0,5,5,1.0,0.912063717842102,1
-s9qJ7ATP7w/5,41,6.997333333333333,7.168,1.0,1,17,1,1,0.0,6,6,1.0,0.9133792519569397,1
-s9qJ7ATP7w/5,42,7.168,7.338666666666667,1.0,1,17,1,1,0.0,5,5,1.0,0.9079928398132324,1
-s9qJ7ATP7w/5,43,7.338666666666667,7.509333333333333,1.0,1,17,1,1,0.0,5,5,1.0,0.9088384509086609,1
-s9qJ7ATP7w/5,44,7.509333333333333,7.68,1.0,1,17,1,1,0.0,5,5,1.0,0.9255986213684082,1
-s9qJ7ATP7w/5,45,7.68,7.850666666666666,1.0,1,17,1,1,0.0,5,5,1.0,0.928470253944397,1
-s9qJ7ATP7w/5,46,7.850666666666666,8.021333333333333,0.23046875,1,17,1,1,0.0,5,5,1.0,0.9215796589851379,1
-s9qJ7ATP7w/5,47,8.021333333333333,8.192,0.0,0,17,1,1,0.0,5,5,1.0,0.9187618494033813,1
-s9qJ7ATP7w/5,48,8.192,8.362666666666666,0.0,0,18,1,1,0.0,5,5,1.0,0.9200788736343384,1
-s9qJ7ATP7w/5,49,8.362666666666666,8.533333333333333,0.0,0,2,1,1,0.0,2,2,1.0,0.9299895167350769,1
-s9qJ7ATP7w/4,0,0.0,0.088,0.0,0,8,1,1,0.0,3,3,1.0,0.9207935929298401,1
-s9qJ7ATP7w/4,1,0.088,0.176,0.0,0,9,1,1,0.0,3,3,1.0,0.9201557040214539,1
-s9qJ7ATP7w/4,2,0.176,0.264,0.0,0,9,1,1,0.0,2,2,1.0,0.9203827381134033,1
-s9qJ7ATP7w/4,3,0.264,0.352,0.0,0,8,1,1,0.0,3,3,1.0,0.9207690358161926,1
-s9qJ7ATP7w/4,4,0.352,0.43999999999999995,0.0,0,9,1,1,0.0,3,3,1.0,0.9214946627616882,1
-s9qJ7ATP7w/4,5,0.43999999999999995,0.528,0.0,0,9,1,1,0.0,2,0,0.0,0.0,0
-s9qJ7ATP7w/4,6,0.528,0.616,0.8636363744735718,1,9,1,1,0.0,3,0,0.0,0.0,0
-s9qJ7ATP7w/4,7,0.616,0.704,1.0,1,9,1,1,0.0,3,0,0.0,0.0,0
-s9qJ7ATP7w/4,8,0.704,0.7919999999999999,1.0,1,8,1,1,0.0,2,0,0.0,0.0,0
-s9qJ7ATP7w/4,9,0.7919999999999999,0.8799999999999999,1.0,1,9,1,1,0.0,3,0,0.0,0.0,0
-s9qJ7ATP7w/4,10,0.8799999999999999,0.968,1.0,1,9,1,1,0.0,3,0,0.0,0.0,0
-s9qJ7ATP7w/4,11,0.968,1.056,1.0,1,9,1,1,0.0,2,0,0.0,0.0,0
-s9qJ7ATP7w/4,12,1.056,1.144,1.0,1,9,1,1,0.0,3,0,0.0,0.0,0
-s9qJ7ATP7w/4,13,1.144,1.232,1.0,1,8,1,1,0.0,2,0,0.0,0.0,0
-s9qJ7ATP7w/4,14,1.232,1.3199999999999998,1.0,1,9,1,1,0.0,3,0,0.0,0.0,0
-s9qJ7ATP7w/4,15,1.3199999999999998,1.408,0.5681818127632141,1,9,1,1,0.0,3,0,0.0,0.0,0
-s9qJ7ATP7w/4,16,1.408,1.496,0.0,0,9,1,1,0.0,2,0,0.0,0.0,0
-s9qJ7ATP7w/4,17,1.496,1.5839999999999999,0.0,0,9,1,1,0.0,3,0,0.0,0.0,0
-s9qJ7ATP7w/4,18,1.5839999999999999,1.672,0.8181818127632141,1,8,1,1,0.0,3,0,0.0,0.0,0
-s9qJ7ATP7w/4,19,1.672,1.7599999999999998,1.0,1,9,1,1,0.0,2,0,0.0,0.0,0
-s9qJ7ATP7w/4,20,1.7599999999999998,1.8479999999999999,1.0,1,9,1,1,0.0,3,0,0.0,0.0,0
-s9qJ7ATP7w/4,21,1.8479999999999999,1.936,1.0,1,9,1,1,0.0,3,1,0.3333333432674408,0.9191018342971802,1
-s9qJ7ATP7w/4,22,1.936,2.024,1.0,1,9,1,1,0.0,2,2,1.0,0.9145160913467407,1
-s9qJ7ATP7w/4,23,2.024,2.112,1.0,1,8,1,1,0.0,3,3,1.0,0.9187235832214355,1
-s9qJ7ATP7w/4,24,2.112,2.1999999999999997,1.0,1,9,1,1,0.0,2,2,1.0,0.9165199995040894,1
-s9qJ7ATP7w/4,25,2.1999999999999997,2.288,1.0,1,9,1,1,0.0,3,3,1.0,0.9168598055839539,1
-s9qJ7ATP7w/4,26,2.288,2.376,1.0,1,9,1,1,0.0,3,3,1.0,0.9191089272499084,1
-s9qJ7ATP7w/4,27,2.376,2.464,1.0,1,9,1,1,0.0,2,2,1.0,0.9198058843612671,1
-s9qJ7ATP7w/4,28,2.464,2.552,1.0,1,8,1,1,0.0,3,3,1.0,0.919521152973175,1
-s9qJ7ATP7w/4,29,2.552,2.6399999999999997,1.0,1,9,1,1,0.0,3,3,1.0,0.918397843837738,1
-s9qJ7ATP7w/4,30,2.6399999999999997,2.7279999999999998,1.0,1,9,1,1,0.0,2,2,1.0,0.9162906408309937,1
-s9qJ7ATP7w/4,31,2.7279999999999998,2.816,1.0,1,9,1,1,0.0,3,3,1.0,0.9207080006599426,1
-s9qJ7ATP7w/4,32,2.816,2.904,1.0,1,9,1,1,0.0,3,3,1.0,0.9282839894294739,1
-s9qJ7ATP7w/4,33,2.904,2.992,1.0,1,8,1,1,0.0,2,2,1.0,0.9313852787017822,1
-s9qJ7ATP7w/4,34,2.992,3.0799999999999996,1.0,1,9,1,1,0.0,3,3,1.0,0.941961944103241,1
-s9qJ7ATP7w/4,35,3.0799999999999996,3.1679999999999997,1.0,1,9,1,1,0.0,3,3,1.0,0.9448301196098328,1
-s9qJ7ATP7w/4,36,3.1679999999999997,3.256,1.0,1,9,1,1,0.0,2,2,1.0,0.938414454460144,1
-s9qJ7ATP7w/4,37,3.256,3.344,1.0,1,9,1,1,0.0,3,3,1.0,0.9329679012298584,1
-s9qJ7ATP7w/4,38,3.344,3.432,1.0,1,8,1,1,0.0,2,2,1.0,0.9321835041046143,1
-s9qJ7ATP7w/4,39,3.432,3.5199999999999996,1.0,1,9,1,1,0.0,3,3,1.0,0.9359228014945984,1
-s9qJ7ATP7w/4,40,3.5199999999999996,3.6079999999999997,1.0,1,9,1,1,0.0,3,3,1.0,0.9370600581169128,1
-s9qJ7ATP7w/4,41,3.6079999999999997,3.6959999999999997,1.0,1,9,1,1,0.0,2,2,1.0,0.9404767751693726,1
-s9qJ7ATP7w/4,42,3.6959999999999997,3.784,0.7272727489471436,1,9,1,1,0.0,3,3,1.0,0.9376217722892761,1
-s9qJ7ATP7w/4,43,3.784,3.872,0.0,0,8,1,1,0.0,3,3,1.0,0.9296469688415527,1
-s9qJ7ATP7w/4,44,3.872,3.96,0.0,0,9,1,1,0.0,2,2,1.0,0.9313212037086487,1
-s9qJ7ATP7w/4,45,3.96,4.048,0.0,0,9,1,1,0.0,3,3,1.0,0.93081134557724,1
-s9qJ7ATP7w/4,46,4.048,4.136,0.0,0,9,1,1,0.0,3,3,1.0,0.9319862723350525,1
-s9qJ7ATP7w/4,47,4.136,4.224,0.0,0,9,1,1,0.0,2,2,1.0,0.9322986602783203,1
-s9qJ7ATP7w/4,48,4.224,4.311999999999999,0.0,0,1,1,1,0.0,1,1,1.0,0.9344063997268677,1
-s9qJ7ATP7w/4,49,4.311999999999999,4.3999999999999995,0.0,0,0,0,0,0.0,1,1,1.0,0.938437283039093,1
-s9qJ7ATP7w/7,0,0.0,0.13866666666666666,0.0,0,13,1,1,0.0,5,5,1.0,0.920425295829773,1
-s9qJ7ATP7w/7,1,0.13866666666666666,0.2773333333333333,0.0,0,14,1,1,0.0,4,1,0.25,0.9115210175514221,1
-s9qJ7ATP7w/7,2,0.2773333333333333,0.416,0.0,0,14,1,1,0.0,4,0,0.0,0.0,0
-s9qJ7ATP7w/7,3,0.416,0.5546666666666666,0.5384615659713745,1,14,1,1,0.0,4,0,0.0,0.0,0
-s9qJ7ATP7w/7,4,0.5546666666666666,0.6933333333333334,1.0,1,14,1,1,0.0,4,0,0.0,0.0,0
-s9qJ7ATP7w/7,5,0.6933333333333334,0.832,1.0,1,13,1,1,0.0,4,0,0.0,0.0,0
-s9qJ7ATP7w/7,6,0.832,0.9706666666666666,1.0,1,14,1,1,0.0,5,0,0.0,0.0,0
-s9qJ7ATP7w/7,7,0.9706666666666666,1.1093333333333333,1.0,1,14,1,1,0.0,4,0,0.0,0.0,0
-s9qJ7ATP7w/7,8,1.1093333333333333,1.248,1.0,1,14,1,1,0.0,4,0,0.0,0.0,0
-s9qJ7ATP7w/7,9,1.248,1.3866666666666667,1.0,1,14,1,1,0.0,4,0,0.0,0.0,0
-s9qJ7ATP7w/7,10,1.3866666666666667,1.5253333333333332,1.0,1,14,1,1,0.0,4,0,0.0,0.0,0
-s9qJ7ATP7w/7,11,1.5253333333333332,1.664,1.0,1,14,1,1,0.0,4,0,0.0,0.0,0
-s9qJ7ATP7w/7,12,1.664,1.8026666666666666,0.7644230723381042,1,14,1,1,0.0,5,0,0.0,0.0,0
-s9qJ7ATP7w/7,13,1.8026666666666666,1.9413333333333331,0.22596153616905212,1,13,1,1,0.0,4,0,0.0,0.0,0
-s9qJ7ATP7w/7,14,1.9413333333333331,2.08,1.0,1,14,1,1,0.0,4,0,0.0,0.0,0
-s9qJ7ATP7w/7,15,2.08,2.2186666666666666,1.0,1,14,1,1,0.0,4,0,0.0,0.0,0
-s9qJ7ATP7w/7,16,2.2186666666666666,2.357333333333333,1.0,1,14,1,1,0.0,4,0,0.0,0.0,0
-s9qJ7ATP7w/7,17,2.357333333333333,2.496,1.0,1,14,1,1,0.0,4,0,0.0,0.0,0
-s9qJ7ATP7w/7,18,2.496,2.6346666666666665,1.0,1,14,1,1,0.0,5,0,0.0,0.0,0
-s9qJ7ATP7w/7,19,2.6346666666666665,2.7733333333333334,1.0,1,14,1,1,0.0,4,0,0.0,0.0,0
-s9qJ7ATP7w/7,20,2.7733333333333334,2.912,1.0,1,13,1,1,0.0,4,0,0.0,0.0,0
-s9qJ7ATP7w/7,21,2.912,3.0506666666666664,1.0,1,14,1,1,0.0,4,0,0.0,0.0,0
-s9qJ7ATP7w/7,22,3.0506666666666664,3.1893333333333334,1.0,1,14,1,1,0.0,4,0,0.0,0.0,0
-s9qJ7ATP7w/7,23,3.1893333333333334,3.328,1.0,1,14,1,1,0.0,4,4,1.0,0.9234644770622253,1
-s9qJ7ATP7w/7,24,3.328,3.4666666666666663,1.0,1,14,1,1,0.0,4,4,1.0,0.9240001440048218,1
-s9qJ7ATP7w/7,25,3.4666666666666663,3.6053333333333333,1.0,1,14,1,1,0.0,5,5,1.0,0.9169384837150574,1
-s9qJ7ATP7w/7,26,3.6053333333333333,3.7439999999999998,1.0,1,14,1,1,0.0,4,4,1.0,0.9140092134475708,1
-s9qJ7ATP7w/7,27,3.7439999999999998,3.8826666666666663,1.0,1,14,1,1,0.0,4,4,1.0,0.9195965528488159,1
-s9qJ7ATP7w/7,28,3.8826666666666663,4.021333333333333,1.0,1,13,1,1,0.0,4,4,1.0,0.9258764982223511,1
-s9qJ7ATP7w/7,29,4.021333333333333,4.16,1.0,1,14,1,1,0.0,4,4,1.0,0.9250883460044861,1
-s9qJ7ATP7w/7,30,4.16,4.298666666666667,1.0,1,14,1,1,0.0,4,4,1.0,0.9231627583503723,1
-s9qJ7ATP7w/7,31,4.298666666666667,4.437333333333333,0.1538461595773697,1,14,1,1,0.0,5,5,1.0,0.9211889505386353,1
-s9qJ7ATP7w/7,32,4.437333333333333,4.576,0.0,0,14,1,1,0.0,4,4,1.0,0.9202374815940857,1
-s9qJ7ATP7w/7,33,4.576,4.714666666666666,0.0,0,14,1,1,0.0,4,4,1.0,0.9200894832611084,1
-s9qJ7ATP7w/7,34,4.714666666666666,4.8533333333333335,0.6009615659713745,1,14,1,1,0.0,4,4,1.0,0.920464277267456,1
-s9qJ7ATP7w/7,35,4.8533333333333335,4.992,1.0,1,13,1,1,0.0,4,4,1.0,0.9189423322677612,1
-s9qJ7ATP7w/7,36,4.992,5.1306666666666665,1.0,1,14,1,1,0.0,4,4,1.0,0.917361855506897,1
-s9qJ7ATP7w/7,37,5.1306666666666665,5.269333333333333,1.0,1,14,1,1,0.0,5,5,1.0,0.9096431732177734,1
-s9qJ7ATP7w/7,38,5.269333333333333,5.4079999999999995,1.0,1,14,1,1,0.0,4,4,1.0,0.9148798584938049,1
-s9qJ7ATP7w/7,39,5.4079999999999995,5.546666666666667,1.0,1,14,1,1,0.0,4,4,1.0,0.9084469079971313,1
-s9qJ7ATP7w/7,40,5.546666666666667,5.685333333333333,1.0,1,14,1,1,0.0,4,4,1.0,0.9157459139823914,1
-s9qJ7ATP7w/7,41,5.685333333333333,5.824,1.0,1,14,1,1,0.0,4,4,1.0,0.9184731841087341,1
-s9qJ7ATP7w/7,42,5.824,5.962666666666666,1.0,1,14,1,1,0.0,4,4,1.0,0.9177084565162659,1
-s9qJ7ATP7w/7,43,5.962666666666666,6.101333333333333,1.0,1,13,1,1,0.0,5,5,1.0,0.9189804792404175,1
-s9qJ7ATP7w/7,44,6.101333333333333,6.239999999999999,1.0,1,14,1,1,0.0,4,4,1.0,0.9175432920455933,1
-s9qJ7ATP7w/7,45,6.239999999999999,6.378666666666667,1.0,1,14,1,1,0.0,4,4,1.0,0.9482417106628418,1
-s9qJ7ATP7w/7,46,6.378666666666667,6.517333333333333,1.0,1,14,1,1,0.0,4,4,1.0,0.9469459056854248,1
-s9qJ7ATP7w/7,47,6.517333333333333,6.656,1.0,1,14,1,1,0.0,4,4,1.0,0.9458210468292236,1
-s9qJ7ATP7w/7,48,6.656,6.794666666666666,0.028846153989434242,1,14,1,1,0.0,4,4,1.0,0.9385453462600708,1
-s9qJ7ATP7w/7,49,6.794666666666666,6.933333333333334,0.0,0,3,1,1,0.0,3,3,1.0,0.9388307929039001,1
-s9qJ7ATP7w/6,0,0.0,0.049333333333333326,0.0,0,4,1,1,0.0,2,2,1.0,0.9102585911750793,1
-s9qJ7ATP7w/6,1,0.049333333333333326,0.09866666666666665,0.0,0,5,1,1,0.0,1,1,1.0,0.9175807237625122,1
-s9qJ7ATP7w/6,2,0.09866666666666665,0.14799999999999996,0.0,0,5,1,1,0.0,2,2,1.0,0.9212545156478882,1
-s9qJ7ATP7w/6,3,0.14799999999999996,0.1973333333333333,0.0,0,5,1,1,0.0,1,1,1.0,0.9267186522483826,1
-s9qJ7ATP7w/6,4,0.1973333333333333,0.24666666666666665,0.0,0,5,1,1,0.0,2,2,1.0,0.9293828010559082,1
-s9qJ7ATP7w/6,5,0.24666666666666665,0.29599999999999993,0.0,0,5,1,1,0.0,1,1,1.0,0.9311199188232422,1
-s9qJ7ATP7w/6,6,0.29599999999999993,0.34533333333333327,0.0,0,5,1,1,0.0,2,2,1.0,0.9313344955444336,1
-s9qJ7ATP7w/6,7,0.34533333333333327,0.3946666666666666,0.0,0,5,1,1,0.0,1,1,1.0,0.9262215495109558,1
-s9qJ7ATP7w/6,8,0.3946666666666666,0.44399999999999995,0.0,0,5,1,1,0.0,2,2,1.0,0.9225545525550842,1
-s9qJ7ATP7w/6,9,0.44399999999999995,0.4933333333333333,0.0,0,5,1,1,0.0,1,1,1.0,0.9227960109710693,1
-s9qJ7ATP7w/6,10,0.4933333333333333,0.5426666666666666,0.0,0,5,1,1,0.0,2,2,1.0,0.9207288026809692,1
-s9qJ7ATP7w/6,11,0.5426666666666666,0.5919999999999999,0.8513513803482056,1,4,1,1,0.0,1,1,1.0,0.9208759665489197,1
-s9qJ7ATP7w/6,12,0.5919999999999999,0.6413333333333332,1.0,1,5,1,1,0.0,2,2,1.0,0.9186384677886963,1
-s9qJ7ATP7w/6,13,0.6413333333333332,0.6906666666666665,1.0,1,5,1,1,0.0,1,1,1.0,0.9185487627983093,1
-s9qJ7ATP7w/6,14,0.6906666666666665,0.7399999999999999,1.0,1,5,1,1,0.0,2,2,1.0,0.9189915657043457,1
-s9qJ7ATP7w/6,15,0.7399999999999999,0.7893333333333332,0.8108108043670654,1,5,1,1,0.0,1,1,1.0,0.9189850687980652,1
-s9qJ7ATP7w/6,16,0.7893333333333332,0.8386666666666666,0.0,0,5,1,1,0.0,2,2,1.0,0.9196796417236328,1
-s9qJ7ATP7w/6,17,0.8386666666666666,0.8879999999999999,0.0,0,5,1,1,0.0,1,1,1.0,0.9198124408721924,1
-s9qJ7ATP7w/6,18,0.8879999999999999,0.9373333333333332,0.0,0,5,1,1,0.0,2,2,1.0,0.9210976362228394,1
-s9qJ7ATP7w/6,19,0.9373333333333332,0.9866666666666666,0.0,0,5,1,1,0.0,1,1,1.0,0.9247614741325378,1
-s9qJ7ATP7w/6,20,0.9866666666666666,1.0359999999999998,0.0,0,5,1,1,0.0,2,2,1.0,0.9362254738807678,1
-s9qJ7ATP7w/6,21,1.0359999999999998,1.0853333333333333,0.0,0,5,1,1,0.0,1,1,1.0,0.9400209784507751,1
-s9qJ7ATP7w/6,22,1.0853333333333333,1.1346666666666665,0.0,0,5,1,1,0.0,2,2,1.0,0.9401206970214844,1
-s9qJ7ATP7w/6,23,1.1346666666666665,1.1839999999999997,0.0,0,5,1,1,0.0,1,1,1.0,0.9392415881156921,1
-s9qJ7ATP7w/6,24,1.1839999999999997,1.2333333333333332,0.2702702581882477,1,5,1,1,0.0,1,1,1.0,0.937069833278656,1
-s9qJ7ATP7w/6,25,1.2333333333333332,1.2826666666666664,1.0,1,5,1,1,0.0,2,2,1.0,0.9368042945861816,1
-s9qJ7ATP7w/6,26,1.2826666666666664,1.3319999999999999,1.0,1,4,1,1,0.0,1,1,1.0,0.929179310798645,1
-s9qJ7ATP7w/6,27,1.3319999999999999,1.381333333333333,1.0,1,5,1,1,0.0,2,2,1.0,0.9255196452140808,1
-s9qJ7ATP7w/6,28,1.381333333333333,1.4306666666666665,1.0,1,5,1,1,0.0,1,1,1.0,0.9261907935142517,1
-s9qJ7ATP7w/6,29,1.4306666666666665,1.4799999999999998,1.0,1,5,1,1,0.0,2,2,1.0,0.9338086843490601,1
-s9qJ7ATP7w/6,30,1.4799999999999998,1.5293333333333332,1.0,1,5,1,1,0.0,1,1,1.0,0.9312776923179626,1
-s9qJ7ATP7w/6,31,1.5293333333333332,1.5786666666666664,1.0,1,5,1,1,0.0,2,2,1.0,0.9308207035064697,1
-s9qJ7ATP7w/6,32,1.5786666666666664,1.6279999999999997,1.0,1,5,1,1,0.0,1,1,1.0,0.9318006634712219,1
-s9qJ7ATP7w/6,33,1.6279999999999997,1.6773333333333331,1.0,1,5,1,1,0.0,2,2,1.0,0.9275074005126953,1
-s9qJ7ATP7w/6,34,1.6773333333333331,1.7266666666666663,1.0,1,5,1,1,0.0,1,1,1.0,0.9218329787254333,1
-s9qJ7ATP7w/6,35,1.7266666666666663,1.7759999999999998,1.0,1,5,1,1,0.0,2,2,1.0,0.9225927591323853,1
-s9qJ7ATP7w/6,36,1.7759999999999998,1.825333333333333,0.8918918967247009,1,5,1,1,0.0,1,1,1.0,0.9177924990653992,1
-s9qJ7ATP7w/6,37,1.825333333333333,1.8746666666666665,0.0,0,5,1,1,0.0,2,2,1.0,0.9144183397293091,1
-s9qJ7ATP7w/6,38,1.8746666666666665,1.9239999999999997,0.0,0,5,1,1,0.0,1,0,0.0,0.0,0
-s9qJ7ATP7w/6,39,1.9239999999999997,1.9733333333333332,0.0,0,5,1,1,0.0,2,0,0.0,0.0,0
-s9qJ7ATP7w/6,40,1.9733333333333332,2.0226666666666664,0.0,0,5,1,1,0.0,1,0,0.0,0.0,0
-s9qJ7ATP7w/6,41,2.0226666666666664,2.0719999999999996,0.0,0,4,1,1,0.0,2,0,0.0,0.0,0
-s9qJ7ATP7w/6,42,2.0719999999999996,2.121333333333333,0.0,0,5,1,1,0.0,1,0,0.0,0.0,0
-s9qJ7ATP7w/6,43,2.121333333333333,2.1706666666666665,0.0,0,5,1,1,0.0,2,0,0.0,0.0,0
-s9qJ7ATP7w/6,44,2.1706666666666665,2.2199999999999998,0.0,0,5,1,1,0.0,1,0,0.0,0.0,0
-s9qJ7ATP7w/6,45,2.2199999999999998,2.269333333333333,0.0,0,5,1,1,0.0,2,0,0.0,0.0,0
-s9qJ7ATP7w/6,46,2.269333333333333,2.318666666666666,0.0,0,3,1,1,0.0,1,0,0.0,0.0,0
-s9qJ7ATP7w/6,47,2.318666666666666,2.3679999999999994,0.0,0,0,0,0,0.0,0,0,0.0,0.0,0
-s9qJ7ATP7w/6,48,2.3679999999999994,2.417333333333333,0.0,0,0,0,0,0.0,0,0,0.0,0.0,0
-s9qJ7ATP7w/6,49,2.417333333333333,2.4666666666666663,0.0,0,0,0,0,0.0,1,0,0.0,0.0,0
-s9qJ7ATP7w/8,0,0.0,0.06533333333333333,0.0,0,6,1,1,0.0,2,2,1.0,0.9178204536437988,1
-s9qJ7ATP7w/8,1,0.06533333333333333,0.13066666666666665,0.0,0,6,1,1,0.0,2,2,1.0,0.9175964593887329,1
-s9qJ7ATP7w/8,2,0.13066666666666665,0.19599999999999998,0.0,0,7,1,1,0.0,2,2,1.0,0.9199531674385071,1
-s9qJ7ATP7w/8,3,0.19599999999999998,0.2613333333333333,0.0,0,6,1,1,0.0,2,2,1.0,0.9191312789916992,1
-s9qJ7ATP7w/8,4,0.2613333333333333,0.32666666666666666,0.0,0,7,1,1,0.0,2,2,1.0,0.9163281917572021,1
-s9qJ7ATP7w/8,5,0.32666666666666666,0.39199999999999996,0.0,0,6,1,1,0.0,2,2,1.0,0.9168975353240967,1
-s9qJ7ATP7w/8,6,0.39199999999999996,0.45733333333333326,0.0,0,7,1,1,0.0,2,2,1.0,0.935611367225647,1
-s9qJ7ATP7w/8,7,0.45733333333333326,0.5226666666666666,0.19387754797935486,1,7,1,1,0.0,2,2,1.0,0.9480765461921692,1
-s9qJ7ATP7w/8,8,0.5226666666666666,0.588,1.0,1,6,1,1,0.0,2,2,1.0,0.9463374614715576,1
-s9qJ7ATP7w/8,9,0.588,0.6533333333333333,1.0,1,7,1,1,0.0,2,2,1.0,0.9470214247703552,1
-s9qJ7ATP7w/8,10,0.6533333333333333,0.7186666666666666,1.0,1,6,1,1,0.0,2,2,1.0,0.9477744698524475,1
-s9qJ7ATP7w/8,11,0.7186666666666666,0.7839999999999999,1.0,1,7,1,1,0.0,2,2,1.0,0.9471526741981506,1
-s9qJ7ATP7w/8,12,0.7839999999999999,0.8493333333333333,1.0,1,6,1,1,0.0,2,2,1.0,0.9405196905136108,1
-s9qJ7ATP7w/8,13,0.8493333333333333,0.9146666666666665,0.5408163070678711,1,7,1,1,0.0,2,2,1.0,0.9375675916671753,1
-s9qJ7ATP7w/8,14,0.9146666666666665,0.9799999999999999,1.0,1,6,1,1,0.0,2,2,1.0,0.9377299547195435,1
-s9qJ7ATP7w/8,15,0.9799999999999999,1.0453333333333332,1.0,1,7,1,1,0.0,2,2,1.0,0.9382996559143066,1
-s9qJ7ATP7w/8,16,1.0453333333333332,1.1106666666666665,1.0,1,6,1,1,0.0,2,2,1.0,0.942036509513855,1
-s9qJ7ATP7w/8,17,1.1106666666666665,1.176,1.0,1,7,1,1,0.0,2,2,1.0,0.9345685243606567,1
-s9qJ7ATP7w/8,18,1.176,1.2413333333333332,1.0,1,6,1,1,0.0,2,2,1.0,0.93263840675354,1
-s9qJ7ATP7w/8,19,1.2413333333333332,1.3066666666666666,1.0,1,7,1,1,0.0,2,2,1.0,0.9336386322975159,1
-s9qJ7ATP7w/8,20,1.3066666666666666,1.3719999999999999,1.0,1,6,1,1,0.0,2,2,1.0,0.9331299066543579,1
-s9qJ7ATP7w/8,21,1.3719999999999999,1.4373333333333331,1.0,1,7,1,1,0.0,2,2,1.0,0.9319550395011902,1
-s9qJ7ATP7w/8,22,1.4373333333333331,1.5026666666666666,1.0,1,7,1,1,0.0,2,2,1.0,0.932274341583252,1
-s9qJ7ATP7w/8,23,1.5026666666666666,1.5679999999999998,1.0,1,6,1,1,0.0,2,2,1.0,0.9317770004272461,1
-s9qJ7ATP7w/8,24,1.5679999999999998,1.633333333333333,1.0,1,7,1,1,0.0,1,1,1.0,0.9434017539024353,1
-s9qJ7ATP7w/8,25,1.633333333333333,1.6986666666666665,1.0,1,6,1,1,0.0,2,2,1.0,0.9438323378562927,1
-s9qJ7ATP7w/8,26,1.6986666666666665,1.7639999999999998,1.0,1,7,1,1,0.0,2,2,1.0,0.9423691034317017,1
-s9qJ7ATP7w/8,27,1.7639999999999998,1.829333333333333,1.0,1,6,1,1,0.0,2,2,1.0,0.9508872032165527,1
-s9qJ7ATP7w/8,28,1.829333333333333,1.8946666666666665,1.0,1,7,1,1,0.0,2,2,1.0,0.9525721669197083,1
-s9qJ7ATP7w/8,29,1.8946666666666665,1.9599999999999997,1.0,1,6,1,1,0.0,2,2,1.0,0.9452182650566101,1
-s9qJ7ATP7w/8,30,1.9599999999999997,2.025333333333333,1.0,1,7,1,1,0.0,2,2,1.0,0.9375848174095154,1
-s9qJ7ATP7w/8,31,2.025333333333333,2.0906666666666665,1.0,1,6,1,1,0.0,2,2,1.0,0.9331936836242676,1
-s9qJ7ATP7w/8,32,2.0906666666666665,2.1559999999999997,1.0,1,7,1,1,0.0,2,2,1.0,0.9347934722900391,1
-s9qJ7ATP7w/8,33,2.1559999999999997,2.221333333333333,1.0,1,6,1,1,0.0,2,2,1.0,0.933232307434082,1
-s9qJ7ATP7w/8,34,2.221333333333333,2.2866666666666666,1.0,1,7,1,1,0.0,2,2,1.0,0.9327179193496704,1
-s9qJ7ATP7w/8,35,2.2866666666666666,2.352,1.0,1,6,1,1,0.0,2,2,1.0,0.9357119798660278,1
-s9qJ7ATP7w/8,36,2.352,2.417333333333333,1.0,1,7,1,1,0.0,2,2,1.0,0.9342479705810547,1
-s9qJ7ATP7w/8,37,2.417333333333333,2.4826666666666664,1.0,1,7,1,1,0.0,2,2,1.0,0.9330812692642212,1
-s9qJ7ATP7w/8,38,2.4826666666666664,2.5479999999999996,1.0,1,6,1,1,0.0,2,2,1.0,0.9371600151062012,1
-s9qJ7ATP7w/8,39,2.5479999999999996,2.6133333333333333,1.0,1,7,1,1,0.0,2,2,1.0,0.9458799958229065,1
-s9qJ7ATP7w/8,40,2.6133333333333333,2.6786666666666665,1.0,1,6,1,1,0.0,2,2,1.0,0.9496577978134155,1
-s9qJ7ATP7w/8,41,2.6786666666666665,2.7439999999999998,1.0,1,7,1,1,0.0,2,2,1.0,0.9493260383605957,1
-s9qJ7ATP7w/8,42,2.7439999999999998,2.809333333333333,1.0,1,6,1,1,0.0,2,2,1.0,0.9410359859466553,1
-s9qJ7ATP7w/8,43,2.809333333333333,2.8746666666666663,1.0,1,7,1,1,0.0,2,2,1.0,0.9377995729446411,1
-s9qJ7ATP7w/8,44,2.8746666666666663,2.9399999999999995,0.23469388484954834,1,6,1,1,0.0,2,2,1.0,0.9375163316726685,1
-s9qJ7ATP7w/8,45,2.9399999999999995,3.005333333333333,0.0,0,7,1,1,0.0,2,2,1.0,0.9378794431686401,1
-s9qJ7ATP7w/8,46,3.005333333333333,3.0706666666666664,0.0,0,6,1,1,0.0,2,2,1.0,0.9365304112434387,1
-s9qJ7ATP7w/8,47,3.0706666666666664,3.1359999999999997,0.0,0,7,1,1,0.0,2,2,1.0,0.9053497314453125,1
-s9qJ7ATP7w/8,48,3.1359999999999997,3.201333333333333,0.0,0,3,1,1,0.0,1,1,1.0,0.9082416296005249,1
-s9qJ7ATP7w/8,49,3.201333333333333,3.2666666666666666,0.0,0,0,0,0,0.0,1,1,1.0,0.9115227460861206,1
-yRb-Jum7EQ/1,0,0.0,0.5853333333333334,0.1799544394016266,1,58,1,1,0.0,18,0,0.0,0.0,0
-yRb-Jum7EQ/1,1,0.5853333333333334,1.1706666666666667,0.8451024889945984,1,58,1,1,0.0,18,5,0.2777777910232544,0.9357978105545044,1
-yRb-Jum7EQ/1,2,1.1706666666666667,1.7560000000000002,0.0,0,59,1,0,0.0,17,1,0.05882352963089943,0.922878086566925,0
-yRb-Jum7EQ/1,3,1.7560000000000002,2.3413333333333335,0.5318906903266907,1,58,1,1,0.0,18,18,1.0,0.924602210521698,1
-yRb-Jum7EQ/1,4,2.3413333333333335,2.9266666666666667,1.0,1,59,1,1,0.0,17,16,0.9411764740943909,0.9279762506484985,1
-yRb-Jum7EQ/1,5,2.9266666666666667,3.5120000000000005,1.0,1,58,1,1,0.0,18,13,0.7222222089767456,0.9354115128517151,1
-yRb-Jum7EQ/1,6,3.5120000000000005,4.097333333333333,0.2015945315361023,1,59,1,1,0.0,17,15,0.8823529481887817,0.9294436573982239,1
-yRb-Jum7EQ/1,7,4.097333333333333,4.682666666666667,0.26082003116607666,1,59,1,1,0.0,18,18,1.0,0.9367189407348633,1
-yRb-Jum7EQ/1,8,4.682666666666667,5.268000000000001,0.7437357902526855,1,58,1,1,0.0,18,18,1.0,0.9341960549354553,1
-yRb-Jum7EQ/1,9,5.268000000000001,5.8533333333333335,0.7209567427635193,1,59,1,1,0.0,17,16,0.9411764740943909,0.9338389039039612,1
-yRb-Jum7EQ/1,10,5.8533333333333335,6.438666666666667,0.11731207370758057,1,58,1,0,0.0,18,18,1.0,0.9387986063957214,1
-yRb-Jum7EQ/1,11,6.438666666666667,7.024000000000001,1.0,1,59,1,1,0.0,17,17,1.0,0.9309768676757812,1
-yRb-Jum7EQ/1,12,7.024000000000001,7.609333333333334,0.18109339475631714,1,58,1,1,0.0,18,18,1.0,0.9296697974205017,1
-yRb-Jum7EQ/1,13,7.609333333333334,8.194666666666667,0.7596811056137085,1,59,1,1,0.0,17,17,1.0,0.9290893077850342,1
-yRb-Jum7EQ/1,14,8.194666666666667,8.780000000000001,1.0,1,58,1,1,0.0,18,18,1.0,0.9322606325149536,1
-yRb-Jum7EQ/1,15,8.780000000000001,9.365333333333334,0.1628701537847519,1,59,1,1,0.0,17,17,1.0,0.9356727004051208,1
-yRb-Jum7EQ/1,16,9.365333333333334,9.950666666666667,1.0,1,58,1,1,0.0,18,18,1.0,0.9310289025306702,1
-yRb-Jum7EQ/1,17,9.950666666666667,10.536000000000001,0.7164009213447571,1,59,1,1,0.0,18,18,1.0,0.93051677942276,1
-yRb-Jum7EQ/1,18,10.536000000000001,11.121333333333334,0.4123006761074066,1,58,1,1,0.0,17,17,1.0,0.9317836761474609,1
-yRb-Jum7EQ/1,19,11.121333333333334,11.706666666666667,0.8291571736335754,1,59,1,1,0.0,18,18,1.0,0.9302370548248291,1
-yRb-Jum7EQ/1,20,11.706666666666667,12.292000000000002,1.0,1,58,1,1,0.0,17,17,1.0,0.9322234988212585,1
-yRb-Jum7EQ/1,21,12.292000000000002,12.877333333333334,1.0,1,59,1,1,0.0,18,18,1.0,0.9327742457389832,1
-yRb-Jum7EQ/1,22,12.877333333333334,13.462666666666667,0.0899772197008133,1,59,1,0,0.0,17,17,1.0,0.9321025609970093,1
-yRb-Jum7EQ/1,23,13.462666666666667,14.048000000000002,0.35535308718681335,1,58,1,1,0.0,18,18,1.0,0.932453453540802,1
-yRb-Jum7EQ/1,24,14.048000000000002,14.633333333333335,0.9316628575325012,1,59,1,1,0.0,18,18,1.0,0.9334442615509033,1
-yRb-Jum7EQ/1,25,14.633333333333335,15.218666666666667,1.0,1,58,1,1,0.0,17,17,1.0,0.936089277267456,1
-yRb-Jum7EQ/1,26,15.218666666666667,15.804,1.0,1,59,1,1,0.0,18,18,1.0,0.9307019710540771,1
-yRb-Jum7EQ/1,27,15.804,16.389333333333333,1.0,1,58,1,1,0.0,17,17,1.0,0.9322682023048401,1
-yRb-Jum7EQ/1,28,16.389333333333333,16.974666666666668,0.6503416895866394,1,59,1,1,0.0,18,18,1.0,0.9304295778274536,1
-yRb-Jum7EQ/1,29,16.974666666666668,17.560000000000002,0.0,0,58,1,0,0.0,17,17,1.0,0.9300170540809631,1
-yRb-Jum7EQ/1,30,17.560000000000002,18.145333333333333,0.8633274435997009,1,59,1,1,0.0,18,18,1.0,0.9316742420196533,1
-yRb-Jum7EQ/1,31,18.145333333333333,18.730666666666668,1.0,1,58,1,1,0.0,17,17,1.0,0.9348954558372498,1
-yRb-Jum7EQ/1,32,18.730666666666668,19.316000000000003,1.0,1,59,1,1,0.0,18,18,1.0,0.9437798261642456,1
-yRb-Jum7EQ/1,33,19.316000000000003,19.901333333333334,0.8781321048736572,1,58,1,1,0.0,18,18,1.0,0.935173749923706,1
-yRb-Jum7EQ/1,34,19.901333333333334,20.486666666666668,0.5068320035934448,1,59,1,1,0.0,17,17,1.0,0.9319013953208923,1
-yRb-Jum7EQ/1,35,20.486666666666668,21.072000000000003,0.48405465483665466,1,58,1,1,0.0,18,18,1.0,0.9349170327186584,1
-yRb-Jum7EQ/1,36,21.072000000000003,21.657333333333334,0.25170841813087463,1,59,1,1,0.0,17,17,1.0,0.9355372786521912,1
-yRb-Jum7EQ/1,37,21.657333333333334,22.24266666666667,1.0,1,59,1,1,0.0,18,18,1.0,0.936324954032898,1
-yRb-Jum7EQ/1,38,22.24266666666667,22.828000000000003,0.79498690366745,1,58,1,1,0.0,17,17,1.0,0.932519793510437,1
-yRb-Jum7EQ/1,39,22.828000000000003,23.413333333333334,0.8291605710983276,1,59,1,1,0.0,18,18,1.0,0.9310159683227539,1
-yRb-Jum7EQ/1,40,23.413333333333334,23.99866666666667,1.0,1,58,1,1,0.0,17,17,1.0,0.9307503700256348,1
-yRb-Jum7EQ/1,41,23.99866666666667,24.584000000000003,1.0,1,59,1,1,0.0,18,18,1.0,0.9336538314819336,1
-yRb-Jum7EQ/1,42,24.584000000000003,25.169333333333334,1.0,1,58,1,1,0.0,18,18,1.0,0.9303115010261536,1
-yRb-Jum7EQ/1,43,25.169333333333334,25.75466666666667,1.0,1,59,1,1,0.0,17,17,1.0,0.9279265999794006,1
-yRb-Jum7EQ/1,44,25.75466666666667,26.340000000000003,0.5558086633682251,1,58,1,1,0.0,18,18,1.0,0.933029055595398,1
-yRb-Jum7EQ/1,45,26.340000000000003,26.925333333333334,0.1287015974521637,1,59,1,0,0.0,17,17,1.0,0.9343481063842773,1
-yRb-Jum7EQ/1,46,26.925333333333334,27.51066666666667,1.0,1,58,1,1,0.0,18,18,1.0,0.9431705474853516,1
-yRb-Jum7EQ/1,47,27.51066666666667,28.096000000000004,1.0,1,59,1,1,0.0,17,17,1.0,0.9376025199890137,1
-yRb-Jum7EQ/1,48,28.096000000000004,28.681333333333335,1.0,1,58,1,1,0.0,18,18,1.0,0.935328483581543,1
-yRb-Jum7EQ/1,49,28.681333333333335,29.26666666666667,0.25398632884025574,1,42,1,1,0.0,14,14,1.0,0.936051070690155,1
-yRb-Jum7EQ/5,0,0.0,0.2633333333333333,0.7341772317886353,1,26,1,1,0.0,8,8,1.0,0.9314430356025696,1
-yRb-Jum7EQ/5,1,0.2633333333333333,0.5266666666666666,1.0,1,26,1,1,0.0,8,8,1.0,0.9326079487800598,1
-yRb-Jum7EQ/5,2,0.5266666666666666,0.7899999999999999,1.0,1,26,1,1,0.0,8,8,1.0,0.9331088066101074,1
-yRb-Jum7EQ/5,3,0.7899999999999999,1.0533333333333332,1.0,1,27,1,1,0.0,8,8,1.0,0.9310374855995178,1
-yRb-Jum7EQ/5,4,1.0533333333333332,1.3166666666666664,1.0,1,26,1,1,0.0,8,8,1.0,0.9299463033676147,1
-yRb-Jum7EQ/5,5,1.3166666666666664,1.5799999999999998,1.0,1,26,1,1,0.0,8,8,1.0,0.9323935508728027,1
-yRb-Jum7EQ/5,6,1.5799999999999998,1.8433333333333333,0.6835442781448364,1,27,1,1,0.0,8,8,1.0,0.9327582120895386,1
-yRb-Jum7EQ/5,7,1.8433333333333333,2.1066666666666665,0.0,0,26,1,0,0.0,8,8,1.0,0.9355570077896118,1
-yRb-Jum7EQ/5,8,2.1066666666666665,2.3699999999999997,0.0,0,26,1,0,0.0,8,8,1.0,0.9316752552986145,1
-yRb-Jum7EQ/5,9,2.3699999999999997,2.633333333333333,0.0,0,27,1,0,0.0,7,7,1.0,0.9289204478263855,1
-yRb-Jum7EQ/5,10,2.633333333333333,2.8966666666666665,0.0,0,26,1,1,0.0,8,8,1.0,0.9288360476493835,1
-yRb-Jum7EQ/5,11,2.8966666666666665,3.1599999999999997,0.8354430198669434,1,26,1,1,0.0,8,8,1.0,0.9313777089118958,1
-yRb-Jum7EQ/5,12,3.1599999999999997,3.423333333333333,1.0,1,27,1,1,0.0,8,8,1.0,0.9322152137756348,1
-yRb-Jum7EQ/5,13,3.423333333333333,3.6866666666666665,1.0,1,26,1,1,0.0,8,8,1.0,0.9348055124282837,1
-yRb-Jum7EQ/5,14,3.6866666666666665,3.9499999999999997,1.0,1,26,1,1,0.0,8,8,1.0,0.9303810000419617,1
-yRb-Jum7EQ/5,15,3.9499999999999997,4.213333333333333,1.0,1,27,1,1,0.0,8,8,1.0,0.9316083192825317,1
-yRb-Jum7EQ/5,16,4.213333333333333,4.476666666666667,1.0,1,26,1,1,0.0,8,8,1.0,0.9311856627464294,1
-yRb-Jum7EQ/5,17,4.476666666666667,4.739999999999999,0.39240506291389465,1,26,1,1,0.0,8,8,1.0,0.9279683828353882,1
-yRb-Jum7EQ/5,18,4.739999999999999,5.003333333333333,0.5822784900665283,1,27,1,1,0.0,8,8,1.0,0.9279849529266357,1
-yRb-Jum7EQ/5,19,5.003333333333333,5.266666666666666,1.0,1,26,1,1,0.0,7,7,1.0,0.9334664344787598,1
-yRb-Jum7EQ/5,20,5.266666666666666,5.529999999999999,0.6962025165557861,1,26,1,1,0.0,8,8,1.0,0.9413490891456604,1
-yRb-Jum7EQ/5,21,5.529999999999999,5.793333333333333,0.0,0,27,1,1,0.0,8,8,1.0,0.9413965940475464,1
-yRb-Jum7EQ/5,22,5.793333333333333,6.056666666666666,0.0,0,26,1,1,0.0,8,8,1.0,0.9424365758895874,1
-yRb-Jum7EQ/5,23,6.056666666666666,6.319999999999999,0.6835442781448364,1,26,1,1,0.0,8,8,1.0,0.9340155124664307,1
-yRb-Jum7EQ/5,24,6.319999999999999,6.583333333333333,1.0,1,27,1,1,0.0,8,8,1.0,0.935928463935852,1
-yRb-Jum7EQ/5,25,6.583333333333333,6.846666666666666,0.6329113841056824,1,26,1,1,0.0,8,8,1.0,0.9307045340538025,1
-yRb-Jum7EQ/5,26,6.846666666666666,7.109999999999999,0.0,0,26,1,0,0.0,8,8,1.0,0.9358646869659424,1
-yRb-Jum7EQ/5,27,7.109999999999999,7.373333333333333,0.0,0,27,1,0,0.0,8,8,1.0,0.935488760471344,1
-yRb-Jum7EQ/5,28,7.373333333333333,7.636666666666666,0.8987341523170471,1,26,1,1,0.0,8,8,1.0,0.9330230355262756,1
-yRb-Jum7EQ/5,29,7.636666666666666,7.8999999999999995,1.0,1,26,1,1,0.0,7,7,1.0,0.9396404027938843,1
-yRb-Jum7EQ/5,30,7.8999999999999995,8.163333333333332,1.0,1,27,1,1,0.0,8,8,1.0,0.9429721236228943,1
-yRb-Jum7EQ/5,31,8.163333333333332,8.426666666666666,1.0,1,26,1,1,0.0,8,8,1.0,0.9424629211425781,1
-yRb-Jum7EQ/5,32,8.426666666666666,8.69,1.0,1,26,1,1,0.0,8,8,1.0,0.9406923055648804,1
-yRb-Jum7EQ/5,33,8.69,8.953333333333333,1.0,1,27,1,1,0.0,8,8,1.0,0.9341617822647095,1
-yRb-Jum7EQ/5,34,8.953333333333333,9.216666666666665,0.8860759735107422,1,26,1,1,0.0,8,8,1.0,0.9333305358886719,1
-yRb-Jum7EQ/5,35,9.216666666666665,9.479999999999999,1.0,1,26,1,1,0.0,8,8,1.0,0.939303457736969,1
-yRb-Jum7EQ/5,36,9.479999999999999,9.743333333333332,1.0,1,27,1,1,0.0,8,8,1.0,0.9411362409591675,1
-yRb-Jum7EQ/5,37,9.743333333333332,10.006666666666666,1.0,1,26,1,1,0.0,8,8,1.0,0.9368247985839844,1
-yRb-Jum7EQ/5,38,10.006666666666666,10.27,0.6962025165557861,1,26,1,1,0.0,8,8,1.0,0.9375127553939819,1
-yRb-Jum7EQ/5,39,10.27,10.533333333333331,1.0,1,27,1,1,0.0,7,7,1.0,0.9363660216331482,1
-yRb-Jum7EQ/5,40,10.533333333333331,10.796666666666665,1.0,1,26,1,1,0.0,8,8,1.0,0.9342150688171387,1
-yRb-Jum7EQ/5,41,10.796666666666665,11.059999999999999,1.0,1,26,1,1,0.0,8,8,1.0,0.9351865649223328,1
-yRb-Jum7EQ/5,42,11.059999999999999,11.323333333333332,1.0,1,27,1,1,0.0,8,8,1.0,0.9377423524856567,1
-yRb-Jum7EQ/5,43,11.323333333333332,11.586666666666666,1.0,1,26,1,1,0.0,8,8,1.0,0.9403870105743408,1
-yRb-Jum7EQ/5,44,11.586666666666666,11.85,0.6582278609275818,1,26,1,1,0.0,8,8,1.0,0.9407511353492737,1
-yRb-Jum7EQ/5,45,11.85,12.113333333333332,0.0,0,27,1,0,0.0,8,8,1.0,0.9396232962608337,1
-yRb-Jum7EQ/5,46,12.113333333333332,12.376666666666665,0.0,0,26,1,0,0.0,8,8,1.0,0.936278760433197,1
-yRb-Jum7EQ/5,47,12.376666666666665,12.639999999999999,0.7215189933776855,1,26,1,1,0.0,8,8,1.0,0.9361978769302368,1
-yRb-Jum7EQ/5,48,12.639999999999999,12.903333333333332,1.0,1,27,1,1,0.0,8,8,1.0,0.9297733306884766,1
-yRb-Jum7EQ/5,49,12.903333333333332,13.166666666666666,0.5363113880157471,1,12,1,1,0.0,6,6,1.0,0.9296863675117493,1
-yRb-Jum7EQ/6,0,0.0,0.22399999999999998,0.0,0,22,1,0,0.0,7,7,1.0,0.9377909898757935,1
-yRb-Jum7EQ/6,1,0.22399999999999998,0.44799999999999995,0.1696428507566452,1,22,1,0,0.0,7,7,1.0,0.9348958134651184,1
-yRb-Jum7EQ/6,2,0.44799999999999995,0.6719999999999999,1.0,1,22,1,1,0.0,7,7,1.0,0.9360646605491638,1
-yRb-Jum7EQ/6,3,0.6719999999999999,0.8959999999999999,1.0,1,23,1,1,0.0,6,6,1.0,0.9271538257598877,1
-yRb-Jum7EQ/6,4,0.8959999999999999,1.1199999999999999,1.0,1,22,1,1,0.0,7,7,1.0,0.9304537177085876,1
-yRb-Jum7EQ/6,5,1.1199999999999999,1.3439999999999999,1.0,1,23,1,1,0.0,7,7,1.0,0.9326604008674622,1
-yRb-Jum7EQ/6,6,1.3439999999999999,1.5679999999999998,1.0,1,22,1,1,0.0,7,7,1.0,0.93226557970047,1
-yRb-Jum7EQ/6,7,1.5679999999999998,1.7919999999999998,1.0,1,22,1,1,0.0,6,6,1.0,0.9310672283172607,1
-yRb-Jum7EQ/6,8,1.7919999999999998,2.016,1.0,1,23,1,1,0.0,7,7,1.0,0.927803099155426,1
-yRb-Jum7EQ/6,9,2.016,2.2399999999999998,1.0,1,22,1,1,0.0,7,7,1.0,0.9326249361038208,1
-yRb-Jum7EQ/6,10,2.2399999999999998,2.4639999999999995,1.0,1,23,1,1,0.0,6,6,1.0,0.9347521662712097,1
-yRb-Jum7EQ/6,11,2.4639999999999995,2.6879999999999997,1.0,1,22,1,1,0.0,7,7,1.0,0.9368384480476379,1
-yRb-Jum7EQ/6,12,2.6879999999999997,2.912,0.8125,1,22,1,1,0.0,7,7,1.0,0.9369832873344421,1
-yRb-Jum7EQ/6,13,2.912,3.1359999999999997,0.0,0,23,1,0,0.0,7,7,1.0,0.9366255402565002,1
-yRb-Jum7EQ/6,14,3.1359999999999997,3.3599999999999994,0.0,0,22,1,0,0.0,6,6,1.0,0.9360918998718262,1
-yRb-Jum7EQ/6,15,3.3599999999999994,3.5839999999999996,0.0,0,23,1,0,0.0,7,7,1.0,0.929999828338623,1
-yRb-Jum7EQ/6,16,3.5839999999999996,3.808,0.9732142686843872,1,22,1,1,0.0,7,7,1.0,0.9231427311897278,1
-yRb-Jum7EQ/6,17,3.808,4.032,1.0,1,22,1,1,0.0,6,6,1.0,0.9277591705322266,1
-yRb-Jum7EQ/6,18,4.032,4.255999999999999,1.0,1,23,1,1,0.0,7,7,1.0,0.9310290217399597,1
-yRb-Jum7EQ/6,19,4.255999999999999,4.4799999999999995,1.0,1,22,1,1,0.0,7,7,1.0,0.9321038126945496,1
-yRb-Jum7EQ/6,20,4.4799999999999995,4.704,1.0,1,23,1,1,0.0,7,7,1.0,0.9327271580696106,1
-yRb-Jum7EQ/6,21,4.704,4.927999999999999,0.6517857313156128,1,22,1,1,0.0,6,6,1.0,0.935364305973053,1
-yRb-Jum7EQ/6,22,4.927999999999999,5.151999999999999,0.0,0,22,1,0,0.0,7,7,1.0,0.9402623772621155,1
-yRb-Jum7EQ/6,23,5.151999999999999,5.3759999999999994,0.0,0,23,1,0,0.0,7,7,1.0,0.9403157830238342,1
-yRb-Jum7EQ/6,24,5.3759999999999994,5.6,0.4464285671710968,1,22,1,1,0.0,6,6,1.0,0.9371903538703918,1
-yRb-Jum7EQ/6,25,5.6,5.824,1.0,1,23,1,1,0.0,7,7,1.0,0.9260855317115784,1
-yRb-Jum7EQ/6,26,5.824,6.047999999999999,1.0,1,22,1,1,0.0,7,7,1.0,0.9237135052680969,1
-yRb-Jum7EQ/6,27,6.047999999999999,6.271999999999999,1.0,1,22,1,1,0.04545454680919647,7,7,1.0,0.9289129376411438,1
-yRb-Jum7EQ/6,28,6.271999999999999,6.4959999999999996,0.3303571343421936,1,23,1,1,0.0,6,6,1.0,0.930062472820282,1
-yRb-Jum7EQ/6,29,6.4959999999999996,6.719999999999999,0.7767857313156128,1,22,1,1,0.0,7,7,1.0,0.9324765801429749,1
-yRb-Jum7EQ/6,30,6.719999999999999,6.943999999999999,0.9553571343421936,1,23,1,1,0.0,7,7,1.0,0.9335485100746155,1
-yRb-Jum7EQ/6,31,6.943999999999999,7.167999999999999,1.0,1,22,1,1,0.0,7,7,1.0,0.9323291778564453,1
-yRb-Jum7EQ/6,32,7.167999999999999,7.3919999999999995,0.3660714328289032,1,22,1,1,0.0,6,6,1.0,0.9319437146186829,1
-yRb-Jum7EQ/6,33,7.3919999999999995,7.616,0.0,0,23,1,1,0.0,7,7,1.0,0.9297186732292175,1
-yRb-Jum7EQ/6,34,7.616,7.839999999999999,0.0,0,22,1,1,0.0,7,7,1.0,0.930404782295227,1
-yRb-Jum7EQ/6,35,7.839999999999999,8.064,0.0,0,23,1,0,0.0,6,6,1.0,0.9313414692878723,1
-yRb-Jum7EQ/6,36,8.064,8.287999999999998,0.0,0,22,1,0,0.0,7,7,1.0,0.9314643144607544,1
-yRb-Jum7EQ/6,37,8.287999999999998,8.511999999999999,0.0,0,22,1,0,0.0,7,7,1.0,0.9318137764930725,1
-yRb-Jum7EQ/6,38,8.511999999999999,8.735999999999999,0.0,0,23,1,0,0.0,7,7,1.0,0.932865560054779,1
-yRb-Jum7EQ/6,39,8.735999999999999,8.959999999999999,0.0,0,22,1,0,0.0,6,6,1.0,0.9321532249450684,1
-yRb-Jum7EQ/6,40,8.959999999999999,9.184,0.0,0,23,1,0,0.0,7,7,1.0,0.9252248406410217,1
-yRb-Jum7EQ/6,41,9.184,9.408,0.0,0,22,1,1,0.0,7,7,1.0,0.9152003526687622,1
-yRb-Jum7EQ/6,42,9.408,9.632,0.0,0,22,1,0,0.0,6,6,1.0,0.9283831119537354,1
-yRb-Jum7EQ/6,43,9.632,9.855999999999998,0.6517857313156128,1,23,1,1,0.0,7,7,1.0,0.930091381072998,1
-yRb-Jum7EQ/6,44,9.855999999999998,10.079999999999998,1.0,1,22,1,1,0.0,7,7,1.0,0.9312847852706909,1
-yRb-Jum7EQ/6,45,10.079999999999998,10.303999999999998,0.7589285969734192,1,23,1,1,0.0,7,7,1.0,0.9317541122436523,1
-yRb-Jum7EQ/6,46,10.303999999999998,10.527999999999999,0.0,0,22,1,1,0.0,6,6,1.0,0.9335852265357971,1
-yRb-Jum7EQ/6,47,10.527999999999999,10.751999999999999,0.0,0,22,1,1,0.0,7,7,1.0,0.9281812310218811,1
-yRb-Jum7EQ/6,48,10.751999999999999,10.975999999999999,0.0,0,23,1,1,0.0,7,7,1.0,0.9239822030067444,1
-yRb-Jum7EQ/6,49,10.975999999999999,11.2,0.0,0,22,1,1,0.0,6,6,1.0,0.917613685131073,1
